{
  "CL": {
    "2.2 CL 2DR COUPE": {
      "years": [
        1997
      ]
    },
    "3.0 CL 2DR COUPE": {
      "years": [
        1997,
        1998,
        1999
      ]
    },
    "2.3 CL 2DR COUPE": {
      "years": [
        1998,
        1999
      ]
    },
    "3.2 CL 2DR COUPE": {
      "years": [
        2001,
        2002,
        2003
      ]
    },
    "3.2 CL 2DR COUPE TYPE S": {
      "years": [
        2001,
        2002,
        2003
      ]
    }
  },
  "ILX": {
    "ILX 4DR SEDAN/HYBRID": {
      "years": [
        2013,
        2014,
        2015
      ]
    },
    "ILX 4DR SEDAN": {
      "years": [
        2016,
        2017,
        2018,
        2019,
        2020,
        2021,
        2022
      ]
    }
  },
  "Integra": {
    "INTEGRA 2 DR HATCHBACK": {
      "years": [
        1987
      ]
    },
    "INTEGRA 4 DR HATCHBACK": {
      "years": [
        1987
      ]
    },
    "INTEGRA RS/LS 2 DR HATCHBACK": {
      "years": [
        1988
      ]
    },
    "INTEGRA RS/LS 4 DR HATCHBACK": {
      "years": [
        1988
      ]
    },
    "INTEGRA RS/LS 4 DR SEDAN": {
      "years": [
        1988
      ]
    },
    "INTEGRA RS/LS 4DR SEDAN": {
      "years": [
        1989
      ]
    },
    "INTEGRA RS/LS/LS SPECIAL": {
      "years": [
        1989
      ]
    },
    "INTEGRA RS/LS/GS 2DR HATCHBACK": {
      "years": [
        1990,
        1991,
        1992,
        1993
      ]
    },
    "INTEGRA RS/LS/GS 4DR SEDAN": {
      "years": [
        1990,
        1991,
        1992,
        1993
      ]
    },
    "INTEGRA 2DR COUPE RS/LS/GS-R": {
      "years": [
        1994,
        1995,
        1996
      ]
    },
    "INTEGRA 4DR SEDAN RS/LS": {
      "years": [
        1994,
        1995,
        1996
      ]
    },
    "INTEGRA 2DR COUPE RS/AE/LS/GS/GS-R": {
      "years": [
        1997
      ]
    },
    "INTEGRA 2DR COUPE GS/GS-R": {
      "years": [
        1998,
        1999,
        2000,
        2001
      ]
    },
    "INTEGRA 2DR COUPE RS": {
      "years": [
        1998
      ]
    },
    "INTEGRA 2DR COUPE TYPE R": {
      "years": [
        1998,
        1999,
        2000,
        2001
      ]
    },
    "INTEGRA 2DR COUPE SE": {
      "years": [
        1999,
        2000,
        2001
      ]
    },
    "INTEGRA 5DR SEDAN": {
      "years": [
        2023,
        2024
      ]
    },
    "INTEGRA TYPE S 5DR SEDAN": {
      "years": [
        2024
      ]
    }
  },
  "Legend": {
    "LEGEND 4 DR SEDAN": {
      "years": [
        1987
      ]
    },
    "LEGEND BASE/L 4 DR SEDAN": {
      "years": [
        1988,
        1989
      ]
    },
    "LEGEND BASE/L COUPE": {
      "years": [
        1988,
        1989
      ]
    },
    "LEGEND BASE/L/LS 4DR SEDAN": {
      "years": [
        1990,
        1991,
        1992,
        1993,
        1994
      ]
    },
    "LEGEND BASE/L/LS 2DR COUPE": {
      "years": [
        1990,
        1991,
        1992,
        1993,
        1994
      ]
    },
    "LEGEND L/LS 4DR SEDAN": {
      "years": [
        1995
      ]
    },
    "LEGEND LS 2DR COUPE": {
      "years": [
        1995
      ]
    }
  },
  "MDX": {
    "MDX": {
      "years": [
        2001,
        2002,
        2003,
        2004,
        2005,
        2006
      ]
    },
    "MDX 4DR SUV AWD /TECHNOLOGY/ELITE": {
      "years": [
        2007
      ]
    },
    "MDX 4DR SUV AWD /TECH/ELITE": {
      "years": [
        2008,
        2009,
        2010,
        2011,
        2012
      ]
    },
    "MDX 4DR SUV AWD/TECH/ELITE": {
      "years": [
        2013,
        2014,
        2015
      ]
    },
    "MDX 4DR SUV AWD": {
      "years": [
        2016,
        2017,
        2018,
        2019,
        2020,
        2021,
        2022,
        2023,
        2024
      ]
    },
    "MDX TYPE S 4DR SUV AWD": {
      "years": [
        2022,
        2023,
        2024
      ]
    }
  },
  "NSX": {
    "NSX": {
      "years": [
        1991,
        1992,
        1993,
        1994,
        1995,
        2003,
        2004,
        2016,
        2017,
        2018,
        2019,
        2020,
        2021,
        2022
      ]
    },
    "NSX-T": {
      "years": [
        1996,
        1997,
        1998,
        1999,
        2000,
        2001
      ]
    },
    "NSX 2DR TARGA RWD": {
      "years": [
        2005
      ]
    },
    "NSX 2DR COUPE": {
      "years": [
        2023
      ]
    }
  },
  "RDX": {
    "RDX 4DR SUV AWD /TECHNOLOGY": {
      "years": [
        2007
      ]
    },
    "RDX 4DR SUV AWD /TECH PACKAGE": {
      "years": [
        2008,
        2009,
        2010,
        2011,
        2012
      ]
    },
    "RDX 4DR SUV AWD/TECH PACKAGE": {
      "years": [
        2013,
        2014,
        2015
      ]
    },
    "RDX 4DR SUV AWD": {
      "years": [
        2016,
        2017,
        2018
      ]
    },
    "RDX 4DR SUV": {
      "years": [
        2019,
        2020,
        2021
      ]
    },
    "RDX A-SPEC 4DR SUV": {
      "years": [
        2022,
        2023,
        2024
      ]
    },
    "RDX BASE/TECH 4DR SUV": {
      "years": [
        2022,
        2023,
        2024
      ]
    }
  },
  "RL": {
    "3.5 RL 4DR SEDAN": {
      "years": [
        1997,
        1998,
        1999,
        2000,
        2001,
        2002,
        2003,
        2004
      ]
    },
    "RL 4DR SEDAN AWD": {
      "years": [
        2005,
        2006
      ]
    },
    "RL 4DR SEDAN AWD /ELITE": {
      "years": [
        2007,
        2008,
        2009,
        2010,
        2011,
        2012
      ]
    }
  },
  "RLX": {
    "RLX 4DR SEDAN": {
      "years": [
        2014,
        2015,
        2020,
        2021
      ]
    },
    "RLX 4DR SEDAN - SPORT HYBRID": {
      "years": [
        2014,
        2015
      ]
    },
    "RLX 4DR SEDAN AWD HYBRID": {
      "years": [
        2016,
        2017,
        2018
      ]
    }
  },
  "RSX": {
    "RSX 2DR COUPE FWD": {
      "years": [
        2002,
        2003,
        2004,
        2005,
        2006
      ]
    },
    "RSX 2DR COUPE FWD PREMIUM": {
      "years": [
        2002,
        2003,
        2004
      ]
    },
    "RSX 2DR COUPE FWD TYPE S": {
      "years": [
        2002,
        2003,
        2004
      ]
    },
    "RSX 2DR COUPE FWD /PREMIUM": {
      "years": [
        2005,
        2006
      ]
    },
    "RSX 2DR COUPE FWD /TYPE S": {
      "years": [
        2005,
        2006
      ]
    }
  },
  "SLX": {},
  "TL": {
    "2.5 TL 4DR SEDAN": {
      "years": [
        1996,
        1997,
        1998
      ]
    },
    "3.2 TL 4DR SEDAN": {
      "years": [
        1996,
        1997,
        1998,
        1999,
        2000,
        2001,
        2002,
        2003
      ]
    },
    "3.2 TL 4DR SEDAN TYPE S": {
      "years": [
        2002,
        2003
      ]
    },
    "TL 4DR SEDAN FWD /DYNAMIC PACK": {
      "years": [
        2004,
        2005,
        2006
      ]
    },
    "TL 4DR SEDAN FWD /NAVI PACK": {
      "years": [
        2004,
        2005,
        2006
      ]
    },
    "TL /TYPE-S": {
      "years": [
        2007
      ]
    },
    "TL /NAV PACKAGE/TYPE-S": {
      "years": [
        2008
      ]
    },
    "TL 4 DR SEDAN NAV/TYPE-S": {
      "years": [
        2009
      ]
    },
    "TL 4 DR SEDAN FWD/TECHNOLOGY": {
      "years": [
        2010,
        2011
      ]
    },
    "TL 4 DR SEDAN SH-AWD/SH-AWD TECHNOLOGY": {
      "years": [
        2010,
        2011
      ]
    },
    "TL 4 DR SEDAN FWD/TECH": {
      "years": [
        2012,
        2013,
        2014
      ]
    },
    "TL 4 DR SEDAN SH-AWD/SH-AWD TECH/SH-AWD ELITE": {
      "years": [
        2012,
        2013,
        2014
      ]
    }
  },
  "TLX": {
    "TLX 4DR SEDAN V6 SH-AWD/Tech/Elite": {
      "years": [
        2015
      ]
    },
    "TLX 4DR SEDAN V6/Tech/Elite": {
      "years": [
        2015
      ]
    },
    "TLX 4DR SEDAN/Tech": {
      "years": [
        2015
      ]
    },
    "TLX 4DR SEDAN FWD": {
      "years": [
        2016,
        2017,
        2018,
        2019,
        2020,
        2021,
        2022,
        2023
      ]
    },
    "TLX 4DR SEDAN SH-AWD": {
      "years": [
        2016,
        2017,
        2018,
        2019,
        2020
      ]
    },
    "TLX 4DR SEDAN AWD": {
      "years": [
        2021,
        2022,
        2023
      ]
    },
    "TLX 4DR SEDAN": {
      "years": [
        2024
      ]
    },
    "TLX TYPE S 4DR SEDAN": {
      "years": [
        2024
      ]
    }
  },
  "TSX": {
    "TSX 4DR SEDAN FWD": {
      "years": [
        2004,
        2005,
        2006,
        2007
      ]
    },
    "TSX 4DR SEDAN FWD /NAV PACKAGE/TYPE-S": {
      "years": [
        2008
      ]
    },
    "TSX 4DR SEDAN FWD TECH PACKAGE/PREMIUM": {
      "years": [
        2009,
        2010,
        2011,
        2012,
        2013,
        2014
      ]
    },
    "TSX 4DR SEDAN FWD V6": {
      "years": [
        2011
      ]
    },
    "TSX 4DR SEDAN FWD V6 TECH": {
      "years": [
        2012,
        2013,
        2014
      ]
    }
  },
  "Vigor": {
    "VIGOR LS/GS 4DR SEDAN": {
      "years": [
        1992,
        1993,
        1994
      ]
    }
  },
  "ZDX": {
    "ZDX 4DR SUV AWD / TECH ELITE": {
      "years": [
        2010,
        2011,
        2012
      ]
    },
    "ZDX 4DR SUV AWD/TECH ELITE": {
      "years": [
        2013
      ]
    },
    "ZDX 4DR SUV A-SPEC AWD": {
      "years": [
        2024,
        2025
      ]
    },
    "ZDX 4DR SUV A-SPEC RWD": {
      "years": [
        2024,
        2025
      ]
    },
    "ZDX 4DR SUV TYPE S AWD": {
      "years": [
        2024,
        2025
      ]
    }
  }
}