{
  "164": {
    "164 SEDAN": {
      "years": [
        1990,
        1991,
        1992,
        1993
      ]
    },
    "164 4DR SEDAN LS": {
      "years": [
        1994,
        1995
      ]
    }
  },
  "4C": {
    "4C 2DR COUPE": {
      "years": [
        2014,
        2015,
        2016,
        2017,
        2018,
        2019
      ]
    },
    "4C 2DR SPIDER": {
      "years": [
        2015,
        2016,
        2017,
        2018,
        2019,
        2020,
        2021
      ]
    }
  },
  "8C Competizione Spider": {},
  "GTV6": {
    "GTV-6-2.5": {
      "years": [
        1982,
        1983,
        1984
      ]
    },
    "GTV62.5": {
      "years": [
        1985,
        1986
      ]
    }
  },
  "Giulia (952)": {},
  "Milano": {
    "MILANO GOLD 4 DR SEDAN": {
      "years": [
        1987
      ]
    },
    "MILANO PLATINUM 4 DR SEDAN": {
      "years": [
        1987
      ]
    },
    "MILANO SILVER 4 DR SEDAN": {
      "years": [
        1987
      ]
    },
    "MILANO GOLD/PLATINUM/VERDE 4 DR SEDAN": {
      "years": [
        1988
      ]
    },
    "MILANO GOLD/VERDE 4 DR SEDAN": {
      "years": [
        1989
      ]
    }
  },
  "Spider": {
    "SPIDER VELOCE": {
      "years": [
        1981,
        1985,
        1986,
        1987
      ]
    },
    "2000 SPIDER": {
      "years": [
        1982,
        1983
      ]
    },
    "GRADUATE/SPIDER VELOCE/QUADRIFOGLIO": {
      "years": [
        1988,
        1989
      ]
    },
    "SPIDER GRADUATE/VELOCE/QUADIFOGLIO": {
      "years": [
        1990
      ]
    },
    "SPIDER /SPIDER VELOCE": {
      "years": [
        1991,
        1992,
        1993,
        1994
      ]
    }
  },
  "Stelvio": {
    "STELVIO BASE/Ti": {
      "years": [
        2018,
        2019,
        2020,
        2021,
        2022,
        2023,
        2024
      ]
    },
    "STELVIO QUADRIFOGLIO": {
      "years": [
        2018,
        2019,
        2020,
        2021,
        2022,
        2023,
        2024
      ]
    }
  },
  "Tonale": {
    "TONALE 4DR SUV": {
      "years": [
        2023,
        2024
      ]
    }
  }
}