{
  "DB11": {
    "DB11": {
      "years": [
        2017,
        2018,
        2019,
        2020,
        2021,
        2022
      ]
    },
    "DB11 2DR COUPE": {
      "years": [
        2023
      ]
    }
  },
  "DB12": {
    "DB12 2DR COUPE": {
      "years": [
        2024,
        2025
      ]
    },
    "DB12 VOLANTE 2DR CONVERTIBLE": {
      "years": [
        2024,
        2025
      ]
    }
  },
  "DB7": {
    "DB7": {
      "years": [
        1996
      ]
    },
    "DB7 2DR COUPE": {
      "years": [
        1997,
        1998,
        1999,
        2000,
        2001,
        2002,
        2003
      ]
    },
    "DB7 2DR VOLANTE (CONVERTIBLE)": {
      "years": [
        1997,
        1998,
        1999,
        2000,
        2001,
        2002,
        2003
      ]
    },
    "DB7 VANTAGE 2DR COUPE": {
      "years": [
        2000,
        2001,
        2002
      ]
    },
    "DB7 VANTAGE 2DR VOLANTE (CONVERTIBLE)": {
      "years": [
        2000,
        2001,
        2002,
        2003
      ]
    },
    "DB7 VANTAGE 2DR COUPE/GT": {
      "years": [
        2003
      ]
    }
  },
  "DB9": {
    "DB9 2DR COUPE RWD": {
      "years": [
        2004,
        2005,
        2006,
        2007,
        2008,
        2009,
        2010,
        2011,
        2012,
        2013,
        2014,
        2015,
        2016
      ]
    },
    "DB9 VOLANTE 2DR CONV RWD": {
      "years": [
        2005,
        2006,
        2007,
        2008,
        2009,
        2010,
        2011,
        2012,
        2013,
        2014,
        2015,
        2016
      ]
    }
  },
  "DBS": {
    "DBS 2DR COUOPE RWD": {
      "years": [
        2008,
        2009
      ]
    },
    "DBS 2DR COUPE RWD": {
      "years": [
        2010,
        2011,
        2012
      ]
    },
    "DBS VOLANTE 2DR CONV RWD": {
      "years": [
        2010,
        2011,
        2012
      ]
    },
    "DBS SUPPERLEGGERA": {
      "years": [
        2019,
        2020,
        2021,
        2022,
        2023
      ]
    },
    "DBS 2DR COUPE": {
      "years": [
        2024
      ]
    },
    "DBS VOLANTE 2DR CONVERTIBLE": {
      "years": [
        2024
      ]
    }
  },
  "DBX": {
    "DBX 4DR SUV": {
      "years": [
        2020,
        2021,
        2022,
        2023,
        2024
      ]
    }
  },
  "Lagonda": {
    "LAGONDA": {
      "years": [
        1981,
        1982
      ]
    }
  },
  "Rapide": {
    "RAPIDE 4DR SEDAN RWD": {
      "years": [
        2011,
        2012,
        2013,
        2014,
        2020
      ]
    },
    "RAPIDE S 4DR SEDAN RWD": {
      "years": [
        2015,
        2016,
        2017,
        2018,
        2019
      ]
    }
  },
  "V12 Vantage": {},
  "V8": {
    "V8 COUPE": {
      "years": [
        1981,
        1982
      ]
    }
  },
  "V8 Vantage": {
    "V8 VANTAGE 2DR COUPE RWD": {
      "years": [
        2006,
        2007,
        2008,
        2009,
        2010
      ]
    },
    "V8 VANTAGE ROADSTER 2DR CONV RWD": {
      "years": [
        2007,
        2008,
        2009,
        2010
      ]
    }
  },
  "Valiant": {},
  "Valour": {},
  "Vanquish": {
    "VANQUISH 2DR COUPE RWD": {
      "years": [
        2002,
        2003,
        2004,
        2014,
        2015,
        2016,
        2017,
        2018
      ]
    },
    "VANQUISH 2DR COUPE RWD /S": {
      "years": [
        2005,
        2006,
        2007
      ]
    },
    "VANQUISH VOLANTE 2DR CONV RWD": {
      "years": [
        2014
      ]
    },
    "VANQUISH 2DR VOLANTE RWD": {
      "years": [
        2015,
        2016,
        2017,
        2018
      ]
    }
  },
  "Vanquish Zagato": {},
  "Vantage": {
    "VANTAGE 2DR COUPE RWD V8/V8 S/V12": {
      "years": [
        2011,
        2012,
        2013,
        2014,
        2015,
        2016,
        2017,
        2018
      ]
    },
    "VANTAGE ROADSTER 2DR CONV RWD V8/V8 S": {
      "years": [
        2011,
        2012,
        2013,
        2014,
        2015,
        2016,
        2017,
        2018
      ]
    },
    "NEW VANTAGE": {
      "years": [
        2018,
        2019,
        2020
      ]
    },
    "VANTAGE": {
      "years": [
        2021,
        2022
      ]
    },
    "VANTAGE V12": {
      "years": [
        2023
      ]
    },
    "VANTAGE V12 ROADSTER": {
      "years": [
        2023
      ]
    },
    "VANTAGE V8": {
      "years": [
        2023,
        2024,
        2025
      ]
    },
    "VANTAGE V8 ROADSTER": {
      "years": [
        2023
      ]
    }
  },
  "Virage": {
    "VIRAGE/VOLANTE": {
      "years": [
        1992,
        1993
      ]
    },
    "VIRAGE 2DR COUPE": {
      "years": [
        1994
      ]
    },
    "VIRAGE 2DR COUPE RWD": {
      "years": [
        2011,
        2012
      ]
    },
    "VIRAGE VOLANTE 2DR CONV RWD": {
      "years": [
        2011,
        2012
      ]
    }
  }
}