{
  "100": {
    "100 AVANT/200TURBO QUATRO AVANT WAGON": {
      "years": [
        1989
      ]
    },
    "100 QUATRO SEDAN": {
      "years": [
        1989,
        1990,
        1991,
        1992
      ]
    },
    "100 SEDAN FWD": {
      "years": [
        1989,
        1990,
        1991,
        1992
      ]
    },
    "100 AVANT WAGON": {
      "years": [
        1991
      ]
    },
    "100S 4DR SEDAN": {
      "years": [
        1993
      ]
    },
    "100S/100CS QUATTRO 4DR SEDAN": {
      "years": [
        1993
      ]
    },
    "100 4DR SEDAN QUATTRO S/CS": {
      "years": [
        1994
      ]
    },
    "100 4DR SEDAN QUATTRO S4": {
      "years": [
        1994
      ]
    },
    "100 4DR SEDAN S": {
      "years": [
        1994
      ]
    },
    "100 4DR WAGON QUATTRO CS": {
      "years": [
        1994
      ]
    }
  },
  "200": {
    "200 TURBO/200 TURBO QUATRO SEDAN": {
      "years": [
        1989
      ]
    },
    "200 TURBO 4DR SEDAN": {
      "years": [
        1990,
        1991,
        1992
      ]
    },
    "200 TURBO QUATTRO 4DR SEDAN": {
      "years": [
        1990,
        1991,
        1992
      ]
    }
  },
  "4000": {
    "4000 5+5 CP": {
      "years": [
        1981
      ]
    },
    "4000 E": {
      "years": [
        1981,
        1982
      ]
    },
    "4000 COUPE": {
      "years": [
        1982
      ]
    },
    "4000 S": {
      "years": [
        1983,
        1984,
        1985,
        1986
      ]
    },
    "4000 S 4 DR SEDAN": {
      "years": [
        1987
      ]
    },
    "4000 S QUATTRO 4 DR SEDAN": {
      "years": [
        1987
      ]
    }
  },
  "5000": {
    "5000": {
      "years": [
        1981
      ]
    },
    "5000 TURBO": {
      "years": [
        1981,
        1982
      ]
    },
    "5000 4 DR": {
      "years": [
        1982
      ]
    },
    "5000 S & 5000 S TURBO": {
      "years": [
        1983,
        1984
      ]
    },
    "5000 S TURBO DIESEL": {
      "years": [
        1983,
        1984,
        1985
      ]
    },
    "5000 S AVANTI": {
      "years": [
        1984
      ]
    },
    "5000 CD TURBO": {
      "years": [
        1985
      ]
    },
    "5000 S AVANT": {
      "years": [
        1985,
        1986
      ]
    },
    "5000 S TURBO": {
      "years": [
        1985,
        1986
      ]
    },
    "5000 CD TURBO QUATTRO": {
      "years": [
        1986
      ]
    },
    "5000 CD TURBO QUATTRO AVANT": {
      "years": [
        1986
      ]
    },
    "5000 CD TURBO 4 DR SEDAN": {
      "years": [
        1987,
        1988
      ]
    },
    "5000 CD TURBO QUATTRO 4 DR SEDAN": {
      "years": [
        1987
      ]
    },
    "5000 CD TURBO QUATTRO AVANT (WAGON)": {
      "years": [
        1987
      ]
    },
    "5000 S 4 DR SEDAN": {
      "years": [
        1987,
        1988
      ]
    },
    "5000 S AVANT (WAGON)": {
      "years": [
        1987
      ]
    },
    "5000 S QUATTRO /CD TURBO QUATTRO  SEDAN": {
      "years": [
        1988
      ]
    },
    "5000 S/ CD TURBO QUATTRO, AVANT WAGON": {
      "years": [
        1988
      ]
    }
  },
  "80": {
    "80 4DR SEDAN": {
      "years": [
        1992
      ]
    }
  },
  "90": {
    "90": {
      "years": [
        1988,
        1989
      ]
    },
    "90 QUATTRO": {
      "years": [
        1988,
        1989
      ]
    },
    "90 COUPE QUATTRO 20V": {
      "years": [
        1990,
        1991
      ]
    },
    "90 QUATTRO 20V SEDAN": {
      "years": [
        1990,
        1991,
        1992
      ]
    },
    "90 SEDAN": {
      "years": [
        1990,
        1991
      ]
    },
    "90S QUATTRO 4DR SEDAN": {
      "years": [
        1993
      ]
    },
    "90S/90CS 4DR SEDAN": {
      "years": [
        1993
      ]
    },
    "90 2DR CABRIOLET": {
      "years": [
        1994
      ]
    },
    "90 4DR SEDAN QUATTRO S": {
      "years": [
        1994
      ]
    },
    "90 4DR SEDAN S/CS": {
      "years": [
        1994
      ]
    },
    "SPORT 90 4DR SEDAN": {
      "years": [
        1995
      ]
    },
    "SPORT 90 QUATTRO 4DR SEDAN": {
      "years": [
        1995
      ]
    }
  },
  "A3": {
    "A3 4DR HATCH AWD": {
      "years": [
        2006,
        2007,
        2008
      ]
    },
    "A3 4DR HATCH FWD": {
      "years": [
        2006,
        2007,
        2008
      ]
    },
    "A3 4DR HATCH 2.0 TFSI FWD": {
      "years": [
        2009
      ]
    },
    "A3 4DR HATCH 3.2 FSI FWD": {
      "years": [
        2009
      ]
    },
    "A3 4DR HATCH 3.2 S-LINE AWD": {
      "years": [
        2009
      ]
    },
    "A3 4DR HATCH 2.0 T FWD/2.0T QUATTRO/2.0 TDI": {
      "years": [
        2010
      ]
    },
    "A3 4DR HATCH 2.0 T FWD/2.0 TDI": {
      "years": [
        2011
      ]
    },
    "A3 4DR HATCH 2.0T QUATTRO": {
      "years": [
        2011
      ]
    },
    "A3 4DR HATCH 2.0 TFSI FWD PROGRESSIV/2.0 TDI": {
      "years": [
        2012,
        2013,
        2014
      ]
    },
    "A3 4DR HATCH 2.0 TFSI QUATTRO PROGRESSIV": {
      "years": [
        2012,
        2013,
        2014
      ]
    },
    "A3 CABRIOLET": {
      "years": [
        2015,
        2016,
        2017,
        2018,
        2019,
        2020
      ]
    },
    "A3 SEDAN 1.8 TFSI/2.0TDI": {
      "years": [
        2015,
        2016
      ]
    },
    "A3 SEDAN 2.0 TFSI": {
      "years": [
        2015,
        2016,
        2017,
        2018
      ]
    },
    "A3 SPORTBACK e-tron": {
      "years": [
        2016,
        2017,
        2018,
        2019
      ]
    },
    "A3 SEDAN 2.0 TFSI QUATTRO": {
      "years": [
        2018
      ]
    },
    "A3 4DR SEDAN": {
      "years": [
        2019
      ]
    },
    "A3 4DR SEDAN QUATTRO": {
      "years": [
        2019,
        2020,
        2021,
        2022,
        2023,
        2024
      ]
    }
  },
  "A4": {
    "A4 4DR SEDAN": {
      "years": [
        1996,
        2017,
        2019
      ]
    },
    "A4 4DR SEDAN QUATTRO": {
      "years": [
        1996,
        2019,
        2020,
        2021,
        2022,
        2023,
        2024
      ]
    },
    "A4 4DR SEDAN 1.8T": {
      "years": [
        1997
      ]
    },
    "A4 4DR SEDAN 1.8T QUATTRO": {
      "years": [
        1997,
        1998,
        1999
      ]
    },
    "A4 4DR SEDAN 2.8": {
      "years": [
        1997
      ]
    },
    "A4 4DR SEDAN 2.8 QUATTRO": {
      "years": [
        1997,
        1998,
        1999
      ]
    },
    "A4 4DR SEDAN 1.8T FWD": {
      "years": [
        1998,
        1999
      ]
    },
    "A4 4DR SEDAN 2.8 FWD": {
      "years": [
        1998,
        1999
      ]
    },
    "A4 4DR SEDAN FWD 1.8T": {
      "years": [
        2000,
        2001,
        2002,
        2003,
        2004,
        2005
      ]
    },
    "A4 4DR SEDAN FWD 2.8": {
      "years": [
        2000,
        2001
      ]
    },
    "A4 4DR SEDAN QUATTRO 1.8T": {
      "years": [
        2000,
        2001
      ]
    },
    "A4 4DR SEDAN QUATTRO 2.8": {
      "years": [
        2000,
        2001
      ]
    },
    "A4 4DR AVANT WAGON 3.0": {
      "years": [
        2002
      ]
    },
    "A4 4DR SEDAN FWD 3.0": {
      "years": [
        2002,
        2003,
        2004,
        2005
      ]
    },
    "A4 1.8T CABRIOLET": {
      "years": [
        2003
      ]
    },
    "A4 3.0T CABRIOLET": {
      "years": [
        2003
      ]
    },
    "A4 4DR AVANT WAGON 1.8 AWD": {
      "years": [
        2003
      ]
    },
    "A4 4DR AVANT WAGON 3.0 AWD": {
      "years": [
        2003
      ]
    },
    "A4 1.8T CABRIOLET FWD": {
      "years": [
        2004
      ]
    },
    "A4 3.0T CABRIOLET FWD": {
      "years": [
        2004
      ]
    },
    "A4 4DR AVANT AWD WAGON 1.8T QUATTRO": {
      "years": [
        2004,
        2005
      ]
    },
    "A4 4DR AVANT AWD WAGON 3.0 QUATTRO": {
      "years": [
        2004,
        2005
      ]
    },
    "A4 4DR AVANT FWD WAGON 1.8T": {
      "years": [
        2004,
        2005
      ]
    },
    "A4 CABRIOLET 2DR CONV AWD /3.0": {
      "years": [
        2005,
        2006
      ]
    },
    "A4 CABRIOLET 2DR FWD /1.8T": {
      "years": [
        2005,
        2006
      ]
    },
    "A4 4DR AVANT AWD WAGON 2.0 T": {
      "years": [
        2006,
        2007
      ]
    },
    "A4 4DR AVANT AWD WAGON 3.2": {
      "years": [
        2006,
        2007
      ]
    },
    "A4 4DR SEDAN AWD 2.0T": {
      "years": [
        2006,
        2007,
        2008
      ]
    },
    "A4 4DR SEDAN AWD 3.2": {
      "years": [
        2006,
        2007,
        2008
      ]
    },
    "A4 4DR SEDAN FWD 2.0T": {
      "years": [
        2006,
        2007,
        2008
      ]
    },
    "A4 CABRIOLET 2DR CONV AWD /3.2": {
      "years": [
        2007
      ]
    },
    "A4 CABRIOLET 2DR FWD /2.0T": {
      "years": [
        2007
      ]
    },
    "A4 4DR AVANT AWD WAGON 2.0T": {
      "years": [
        2008
      ]
    },
    "A4 4DR AVANT AWD WAGON 3.2/S4": {
      "years": [
        2008
      ]
    },
    "A4 CABRIOLET 2DR CONV AWD 3.2": {
      "years": [
        2008,
        2009
      ]
    },
    "A4 CABRIOLET 2DR CONV AWD S4": {
      "years": [
        2008,
        2009
      ]
    },
    "A4 CABRIOLET 2DR CONV FWD 2.0T": {
      "years": [
        2008,
        2009
      ]
    },
    "A4 4DR SEDAN 2.0 TFSI AWD": {
      "years": [
        2009
      ]
    },
    "A4 4DR SEDAN 3.2 FSI AWD": {
      "years": [
        2009
      ]
    },
    "A4 AVANT 2.0 TFSI 4DR AWD WAGON": {
      "years": [
        2009,
        2010,
        2011
      ]
    },
    "A4 4DR SEDAN 2.0T FWD": {
      "years": [
        2010,
        2011
      ]
    },
    "A4 4DR SEDAN 2.0T QUATTRO": {
      "years": [
        2010,
        2011
      ]
    },
    "A4 4DR SEDAN 2.0 TFSI FWD": {
      "years": [
        2012,
        2013,
        2014,
        2015,
        2016
      ]
    },
    "A4 4DR SEDAN 2.0 TFSI QUATTRO/PREMIUM/PREMIUM": {
      "years": [
        2012,
        2013
      ]
    },
    "A4 AVANT 4DR WAGON 2.0 TFSI QUATTRO": {
      "years": [
        2012
      ]
    },
    "A4 4DR SEDAN 2.0 TFSI QUATTRO": {
      "years": [
        2014,
        2015,
        2016
      ]
    },
    "A4 4DR SEDAN 2.0": {
      "years": [
        2018
      ]
    },
    "A4 4DR SEDAN 2.0 QUATTRO": {
      "years": [
        2018
      ]
    }
  },
  "A4 allroad": {
    "A4 ALLROAD 2.0 TFSI QUATTRO/PREMIUM/PREMIUM P": {
      "years": [
        2013
      ]
    },
    "A4 ALLROAD 2.0 TFSI QUATTRO": {
      "years": [
        2014,
        2015,
        2016
      ]
    },
    "A4 ALLROAD": {
      "years": [
        2017,
        2018,
        2019
      ]
    },
    "A4 ALLROAD QUATTRO": {
      "years": [
        2020,
        2021,
        2022,
        2023,
        2024
      ]
    }
  },
  "A5": {
    "A5 2DR COUOPE AWD": {
      "years": [
        2008
      ]
    },
    "A5 2DR COUPE AWD": {
      "years": [
        2009
      ]
    },
    "A5 2DR CABRIOLET 2.0T AWD": {
      "years": [
        2010,
        2011
      ]
    },
    "A5 2DR CABRIOLET 3.2T AWD": {
      "years": [
        2010
      ]
    },
    "A5 2DR COUPE 2.0T AWD": {
      "years": [
        2010,
        2011
      ]
    },
    "A5 2DR COUPE 3.2 AWD": {
      "years": [
        2010
      ]
    },
    "A5 2DR CABRIOLET 2.0 TFSI QUATTRO PREMIUM/PRE": {
      "years": [
        2012,
        2013
      ]
    },
    "A5 2DR COUPE 2.0 TFSI QUATTRO PREMIUM/PREMIUM": {
      "years": [
        2012,
        2013
      ]
    },
    "A5 2DR CABRIOLET 2.0 TFSI QUATTRO": {
      "years": [
        2014,
        2015,
        2016
      ]
    },
    "A5 2DR COUPE 2.0 TFSI QUATTRO": {
      "years": [
        2014,
        2015,
        2016,
        2017
      ]
    },
    "A5 2DR CONVERTIBLE": {
      "years": [
        2018,
        2019,
        2020,
        2021,
        2022,
        2023,
        2024
      ]
    },
    "A5 2DR COUPE": {
      "years": [
        2018,
        2019,
        2020,
        2021,
        2022,
        2023,
        2024
      ]
    },
    "A5 SPORTBACK": {
      "years": [
        2018,
        2019,
        2020,
        2021,
        2022,
        2023,
        2024
      ]
    }
  },
  "A6": {
    "A6 4DR SEDAN": {
      "years": [
        1995,
        1996,
        2019,
        2020,
        2021,
        2022,
        2023,
        2024
      ]
    },
    "A6 4DR SEDAN QUATTRO": {
      "years": [
        1995,
        1996,
        1997
      ]
    },
    "A6 4DR WAGON": {
      "years": [
        1995,
        1996
      ]
    },
    "A6 4DR WAGON QUATTRO": {
      "years": [
        1995,
        1996,
        1997
      ]
    },
    "A6 4DR SEDAN 2.8 FWD": {
      "years": [
        1998,
        1999
      ]
    },
    "A6 4DR SEDAN 2.8 QUATTRO": {
      "years": [
        1998,
        1999
      ]
    },
    "A6 4DR WAGON 2.8 QUATTRO": {
      "years": [
        1999
      ]
    },
    "A6 4DR AVANT WAGON QUATTRO 2.8": {
      "years": [
        2000,
        2001
      ]
    },
    "A6 4DR SEDAN FWD 2.8": {
      "years": [
        2000,
        2001
      ]
    },
    "A6 4DR SEDAN QUATTRO 2.7T": {
      "years": [
        2000,
        2001,
        2002,
        2003
      ]
    },
    "A6 4DR SEDAN QUATTRO 2.8": {
      "years": [
        2000,
        2001
      ]
    },
    "A6 4DR SEDAN QUATTRO 4.2": {
      "years": [
        2000,
        2001,
        2002,
        2003
      ]
    },
    "A6 4DR AVANT WAGON QUATTRO 3.0": {
      "years": [
        2002
      ]
    },
    "A6 4DR SEDAN QUATTRO 3.0": {
      "years": [
        2002,
        2003
      ]
    },
    "A6 BASE 4DR SEDAN  3.0": {
      "years": [
        2002,
        2003,
        2004
      ]
    },
    "A6 4DR SEDAN AWD QUATTRO 2.7T": {
      "years": [
        2004
      ]
    },
    "A6 4DR SEDAN AWD QUATTRO 3.0": {
      "years": [
        2004
      ]
    },
    "A6 4DR SEDAN AWD QUATTRO 4.2": {
      "years": [
        2004
      ]
    },
    "A6 4DR SEDAN FWD QUATTRO 3.0": {
      "years": [
        2004
      ]
    },
    "A6 3.2 4DR SEDAN AWD": {
      "years": [
        2005,
        2006,
        2007,
        2008,
        2009
      ]
    },
    "A6 4.2 4DR SEDAN AWD": {
      "years": [
        2005,
        2006,
        2007,
        2008,
        2009,
        2010,
        2011
      ]
    },
    "A6 4DR AVANT AWD WAGON 3.2": {
      "years": [
        2006,
        2007,
        2008,
        2009
      ]
    },
    "A6 S6 4DR SEDAN AWD": {
      "years": [
        2008,
        2009
      ]
    },
    "A6 3.0 TFSI 4DR SEDAN AWD": {
      "years": [
        2010,
        2011
      ]
    },
    "A6 3.2 4DR SEDAN FWD": {
      "years": [
        2010
      ]
    },
    "A6 4DR AVANT AWD WAGON 3.0": {
      "years": [
        2010,
        2011
      ]
    },
    "A6 4DR SEDAN 3.0 TFSI QUATTRO PREMIUM/PREMIUM": {
      "years": [
        2012,
        2013
      ]
    },
    "A6 4DR SEDAN 2.0 TFSI QUATTRO PREMIUM/PREMIUM": {
      "years": [
        2013
      ]
    },
    "A6 4DR SEDAN 2.0 TFSI QUATTRO": {
      "years": [
        2014,
        2015,
        2016,
        2017,
        2018
      ]
    },
    "A6 4DR SEDAN 3.0 TFSI QUATTRO": {
      "years": [
        2014,
        2015,
        2016,
        2017,
        2018
      ]
    },
    "A6 4DR SEDAN TDI QUATTRO": {
      "years": [
        2014,
        2015,
        2016
      ]
    }
  },
  "A6 allroad": {
    "A6 ALLROAD 4DR WAGON": {
      "years": [
        2020,
        2021,
        2022,
        2023,
        2024
      ]
    }
  },
  "A7": {
    "A7 4DR HATCHBACK 3.0 TFSI QUATTRO PREMIUM/PRE": {
      "years": [
        2012,
        2013
      ]
    },
    "A7 4DR HATCHBACK 3.0 TFSI QUATTRO/TDI QUATTRO": {
      "years": [
        2014,
        2015
      ]
    },
    "A7 4DR SPORTBACK 3.0 TFSI QUATTRO/TDI QUATTRO": {
      "years": [
        2016,
        2017,
        2018
      ]
    },
    "A7 SPORTBACK 4DR SEDAN": {
      "years": [
        2019,
        2020,
        2021,
        2022,
        2023,
        2024
      ]
    }
  },
  "A7 e": {},
  "A8": {
    "A8 4DR SEDAN 4.2 QUATTRO": {
      "years": [
        1997,
        1998,
        1999
      ]
    },
    "A8 4DR SEDAN 3.7 FWD": {
      "years": [
        1998
      ]
    },
    "A8 4DR SEDAN QUATTRO 4.2": {
      "years": [
        2000,
        2001,
        2002,
        2003
      ]
    },
    "A8 4DR SEDAN AWD": {
      "years": [
        2005,
        2006,
        2007,
        2008,
        2009,
        2010
      ]
    },
    "A8 S8 4DR SEDAN AWD": {
      "years": [
        2008,
        2009
      ]
    },
    "A8 4DR SEDAN": {
      "years": [
        2011,
        2019
      ]
    },
    "A8 4DR SEDAN 4.2 FSI QUATTRO/PREMIUM": {
      "years": [
        2012
      ]
    },
    "A8 4DR SEDAN 3.0 TFSI QUATTRO": {
      "years": [
        2013,
        2014,
        2015,
        2016,
        2017,
        2018
      ]
    },
    "A8 4DR SEDAN 4.0 TFSI QUATTRO": {
      "years": [
        2013
      ]
    },
    "A8 4DR SEDAN 4.0 TFSI QUATTRO/3.0 TDI QUATTRO": {
      "years": [
        2014,
        2015,
        2016,
        2017,
        2018
      ]
    }
  },
  "A8 L": {
    "A8L 4DR SEDAN QUATTRO 4.2": {
      "years": [
        2001,
        2002,
        2003
      ]
    },
    "A8 L 4DR SEDAN AWD": {
      "years": [
        2004,
        2005,
        2006,
        2007,
        2008,
        2009,
        2010
      ]
    },
    "A8 L W12 4DR SEDAN AWD": {
      "years": [
        2005,
        2006,
        2007,
        2008,
        2009
      ]
    },
    "A8 L 4DR SEDAN": {
      "years": [
        2011
      ]
    },
    "A8L 4DR SEDAN LWB 4.2 FSI QUATTRO/PREMIUM": {
      "years": [
        2012,
        2013
      ]
    },
    "A8L 4DR SEDAN LWB W12 6.3 FSI QUATTRO": {
      "years": [
        2012,
        2013,
        2014,
        2015,
        2016,
        2017,
        2018
      ]
    },
    "A8L 4DR SEDAN LWB 3.0 TFSI QUATTRO": {
      "years": [
        2013,
        2014,
        2015
      ]
    },
    "A8L 4DR SEDAN LWB 4.2 TFSI QUATTRO/3.0 TDI QU": {
      "years": [
        2014
      ]
    },
    "A8L 4DR SEDAN LWB 4.2 TFSI QUATTRO/3.0 TDI QUATTRO": {
      "years": [
        2015,
        2016,
        2017,
        2018
      ]
    },
    "A8L 4DR SEDAN": {
      "years": [
        2019,
        2020,
        2021,
        2022,
        2023,
        2024
      ]
    }
  },
  "A8 L e": {},
  "A8 e": {},
  "Cabriolet": {
    "SPORT 90 2DR CABRIOLET": {
      "years": [
        1995
      ]
    }
  },
  "Coupe": {
    "COUPE GT": {
      "years": [
        1985,
        1986
      ]
    },
    "QUATTRO COUPE": {
      "years": [
        1986
      ]
    },
    "COUPE GT 2 DR COUPE": {
      "years": [
        1987
      ]
    },
    "TTS 2DR COUPE": {
      "years": [
        2010,
        2011,
        2016,
        2017,
        2018,
        2019,
        2020,
        2021,
        2022,
        2023,
        2024
      ]
    },
    "TTS 2DR COUPE 2.0 TFSI QUATTRO": {
      "years": [
        2012,
        2013,
        2014,
        2015
      ]
    }
  },
  "Q3": {
    "Q3 5DR SUV 2.0 TFSI FWD": {
      "years": [
        2015,
        2016,
        2017,
        2018
      ]
    },
    "Q3 5DR SUV 2.0 TFSI QUATTRO": {
      "years": [
        2015,
        2016,
        2017,
        2018
      ]
    },
    "Q3 4DR SUV": {
      "years": [
        2019,
        2020,
        2021,
        2022,
        2023,
        2024
      ]
    }
  },
  "Q4": {
    "Q4 E-TRON 4DR SUV": {
      "years": [
        2022,
        2023,
        2024
      ]
    },
    "Q4 E-TRON SPORTBACK 4DR SUV": {
      "years": [
        2022,
        2023,
        2024
      ]
    }
  },
  "Q5": {
    "Q5 5DR SUV AWD 3.2 FSI QUATTRO": {
      "years": [
        2009
      ]
    },
    "Q5 5DR SUV AWD 3.2/3.2 PREMIUM": {
      "years": [
        2010,
        2011
      ]
    },
    "Q5 5DR SUV 2.0 TFSI QUATTRO PREMIUM/PREMIUM P": {
      "years": [
        2012,
        2013
      ]
    },
    "Q5 5DR SUV 3.2 FSI QUATTRO/PREMIUM": {
      "years": [
        2012
      ]
    },
    "Q5 5DR SUV 3.0 TFSI QUATTRO PREMIUM/PREMIUM P": {
      "years": [
        2013
      ]
    },
    "Q5 5DR SUV HYBRID QUATTRO": {
      "years": [
        2013
      ]
    },
    "Q5 5DR SUV 2.0 TFSI QUATTRO": {
      "years": [
        2014,
        2015,
        2016,
        2017
      ]
    },
    "Q5 5DR SUV 3.0 TFSI QUATTRO": {
      "years": [
        2014,
        2015,
        2017
      ]
    },
    "Q5 5DR SUV HYBRID QUATTRO/TDI QUATTRO": {
      "years": [
        2014,
        2015,
        2016
      ]
    },
    "Q5 4DR SUV": {
      "years": [
        2018,
        2019,
        2020,
        2021,
        2022,
        2023,
        2024
      ]
    },
    "Q5 TFSI e 4DR SUV": {
      "years": [
        2020,
        2021
      ]
    },
    "Q5 SPORTBACK 4DR SUV": {
      "years": [
        2021,
        2022,
        2023,
        2024
      ]
    },
    "Q5 TFSIe 4DR SUV": {
      "years": [
        2022,
        2023,
        2024
      ]
    }
  },
  "Q5 e": {},
  "Q6": {},
  "Q7": {
    "Q7 4DR SUV AWD 3.6L": {
      "years": [
        2007,
        2008,
        2009
      ]
    },
    "Q7 4DR SUV AWD 4.2L": {
      "years": [
        2007,
        2008,
        2009
      ]
    },
    "Q7 4DR SUV AWD 3.0 DIESEL PREMIUM": {
      "years": [
        2010,
        2011
      ]
    },
    "Q7 4DR SUV AWD 3.6/3.6 PREMIUM": {
      "years": [
        2010
      ]
    },
    "Q7 4DR SUV AWD 4.2": {
      "years": [
        2010
      ]
    },
    "Q7 4DR SUV AWD 4.2 PREMIUM": {
      "years": [
        2010
      ]
    },
    "Q7 4DR SUV AWD 3.0": {
      "years": [
        2011
      ]
    },
    "Q7 4DR SUV AWD 3.0 SPORT": {
      "years": [
        2011
      ]
    },
    "Q7 4DR SUV 3.0 TFSI PREMIUM/PREMIUM PLUS": {
      "years": [
        2012,
        2013
      ]
    },
    "Q7 4DR SUV 3.0 TFSI QUATTRO SPORT": {
      "years": [
        2012,
        2013,
        2014,
        2015
      ]
    },
    "Q7 4DR SUV TDI 3.0 QUATTRO PREMIUM/PREMIUM PL": {
      "years": [
        2012,
        2013,
        2014,
        2015
      ]
    },
    "Q7 4DR SUV 3.0 TFSI PROGRESSIV/TECHNIK": {
      "years": [
        2014,
        2015
      ]
    },
    "Q7 4DR SUV 3.0 TFSI QUATTRO": {
      "years": [
        2016,
        2017,
        2018,
        2019
      ]
    },
    "Q7 4DR SUV 2.0 TFSI QUATTRO": {
      "years": [
        2018,
        2019
      ]
    },
    "Q7 4DR SUV TFSI QUATTRO": {
      "years": [
        2020,
        2021,
        2022,
        2023,
        2024
      ]
    }
  },
  "Q8": {
    "Q8 4DR SUV": {
      "years": [
        2019,
        2020,
        2021,
        2022,
        2023,
        2024
      ]
    },
    "Q8 E-TRON 4DR SUV": {
      "years": [
        2024,
        2025
      ]
    },
    "Q8 SPORTBACK E-TRON 4DR SUV": {
      "years": [
        2024,
        2025
      ]
    }
  },
  "R8": {
    "R8 2DR COUPE AWD": {
      "years": [
        2007,
        2008,
        2009
      ]
    },
    "R8 2DR 4.2 COUPE AWD": {
      "years": [
        2010,
        2011
      ]
    },
    "R8 2DR 5.2 COUPE AWD": {
      "years": [
        2010,
        2011
      ]
    },
    "R8 2DR CONV": {
      "years": [
        2011
      ]
    },
    "R8 2DR 4.2 FSI CONV": {
      "years": [
        2012,
        2013
      ]
    },
    "R8 2DR 4.2 FSI COUPE AWD": {
      "years": [
        2012,
        2013
      ]
    },
    "R8 2DR 5.2 FSI CONV": {
      "years": [
        2012,
        2013
      ]
    },
    "R8 2DR 5.2 FSI COUPE AWD/GT": {
      "years": [
        2012,
        2013
      ]
    },
    "R8 2DR GT CONV": {
      "years": [
        2012,
        2013
      ]
    },
    "R8 2DR GT COUPE AWD": {
      "years": [
        2012,
        2013
      ]
    },
    "R8 2DR V10 SPYDER FSI QUATTRO CONV": {
      "years": [
        2014,
        2015,
        2016
      ]
    },
    "R8 2DR V8 SPYDER FSI QUATTRO CONV": {
      "years": [
        2014,
        2015,
        2016
      ]
    },
    "R8 2DR V10 COUPE FSI QUATTRO": {
      "years": [
        2014,
        2015,
        2016
      ]
    },
    "R8 2DR V8 COUPE FSI QUATTRO": {
      "years": [
        2014,
        2015,
        2016
      ]
    },
    "R8 2DR V10 PLUS COUPE FSI QUATTRO": {
      "years": [
        2014,
        2015,
        2016
      ]
    },
    "R8 2DR COUPE": {
      "years": [
        2017,
        2018,
        2019,
        2020,
        2021,
        2022,
        2023,
        2024
      ]
    },
    "R8 2DR SPYDER": {
      "years": [
        2017,
        2018,
        2019,
        2020,
        2021,
        2022,
        2023,
        2024
      ]
    }
  },
  "RS 3": {
    "RS3 SEDAN TFSI QUATTRO": {
      "years": [
        2017,
        2018,
        2019
      ]
    },
    "RS3 SEDAN": {
      "years": [
        2020,
        2021
      ]
    }
  },
  "RS 4": {
    "RS 4 4DR SEDAN AWD": {
      "years": [
        2007
      ]
    }
  },
  "RS 5": {
    "RS5 2DR CABRIOLET 4.2 TFSI S tronic": {
      "years": [
        2014,
        2015
      ]
    },
    "RS5 2DR COUPE 4.2 FSI QUATTRO": {
      "years": [
        2014,
        2015
      ]
    },
    "RS5 2DR COUPE": {
      "years": [
        2018,
        2019,
        2020,
        2021,
        2022,
        2023,
        2024
      ]
    },
    "RS5 SPORTBACK": {
      "years": [
        2019,
        2020,
        2021,
        2022,
        2023,
        2024
      ]
    }
  },
  "RS 6": {},
  "RS 6 Avant": {
    "RS 6 AVANT": {
      "years": [
        2020,
        2021,
        2022,
        2023,
        2024
      ]
    }
  },
  "RS 7": {
    "RS7 4DR HATCHBACK 4.0 TFSI QUATTRO": {
      "years": [
        2014,
        2015
      ]
    },
    "RS7 4DR SPORTBACK 4.0 TFSI QUATTRO": {
      "years": [
        2016,
        2017,
        2018,
        2019
      ]
    },
    "RS7 4DR SPORTBACK": {
      "years": [
        2020,
        2021,
        2022,
        2023,
        2024
      ]
    }
  },
  "RS Q8": {
    "RS Q8 4DR SUV": {
      "years": [
        2020,
        2021,
        2022,
        2023,
        2024
      ]
    }
  },
  "RS e-tron GT": {
    "RS E-TRON GT 4DR SEDAN": {
      "years": [
        2022,
        2023,
        2024
      ]
    }
  },
  "S3": {
    "S3 SEDAN TFSI QUATTRO": {
      "years": [
        2015,
        2016,
        2017,
        2018,
        2019,
        2020,
        2021,
        2022,
        2023,
        2024
      ]
    }
  },
  "S4": {
    "S4 4DR SEDAN": {
      "years": [
        1993,
        2018,
        2019,
        2020,
        2021,
        2022,
        2023,
        2024
      ]
    },
    "S4 4DR SEDAN QUATTRO 2.7T": {
      "years": [
        2000,
        2001,
        2002
      ]
    },
    "S4 AVANT 4DR WAGON AWD": {
      "years": [
        2004,
        2005,
        2006,
        2007,
        2008,
        2009
      ]
    },
    "S4 SEDAN 4DR SEDAN AWD": {
      "years": [
        2004,
        2005
      ]
    },
    "S4 CABRIOLET 4DR CONV AWD": {
      "years": [
        2005,
        2006,
        2007,
        2008,
        2009
      ]
    },
    "S4 4DR SEDAN AWD": {
      "years": [
        2006,
        2007,
        2008,
        2009,
        2010,
        2011
      ]
    },
    "S4 4DR SEDAN 3.0 TFSI QUTTRO/PREMIUM": {
      "years": [
        2012,
        2013
      ]
    },
    "S4 4DR SEDAN 3.0 TFSI QUATTRO/PREMIUM": {
      "years": [
        2014,
        2015,
        2016
      ]
    }
  },
  "S5": {
    "S5 2DR COUPE AWD": {
      "years": [
        2008,
        2009,
        2010,
        2011
      ]
    },
    "S5 2DR CABRIOLET AWD": {
      "years": [
        2010,
        2011
      ]
    },
    "S5 2DR CABRIOLET 3.0 TFSI QUATTRO/PREMIUM": {
      "years": [
        2012,
        2013,
        2014,
        2015,
        2016,
        2017
      ]
    },
    "S5 2DR COUPE 4.2 FSI QUATTRO/QUATTRO PREMIUM": {
      "years": [
        2012
      ]
    },
    "S5 2DR COUPE 3.0 TFSI QUATTRO/QUATTRO PREMIUM": {
      "years": [
        2013,
        2014,
        2015,
        2016,
        2017
      ]
    },
    "S5 2DR CONVERTIBLE": {
      "years": [
        2018,
        2019,
        2020,
        2021,
        2022,
        2023,
        2024
      ]
    },
    "S5 2DR COUPE": {
      "years": [
        2018,
        2019,
        2020,
        2021,
        2022,
        2023,
        2024
      ]
    },
    "S5 SPORTBACK": {
      "years": [
        2018,
        2019,
        2020,
        2021,
        2022,
        2023,
        2024
      ]
    }
  },
  "S6": {
    "S6 4DR SEDAN QUATTRO": {
      "years": [
        1995,
        1996,
        1997
      ]
    },
    "S6 AVANT": {
      "years": [
        2003
      ]
    },
    "S6 4DR SEDAN AWD": {
      "years": [
        2007,
        2008,
        2009,
        2010,
        2011
      ]
    },
    "S6 4DR SEDAN": {
      "years": [
        2012,
        2020,
        2021,
        2022,
        2023,
        2024
      ]
    },
    "S6 4DR SEDAN 4.0 TFSI QUATTRO": {
      "years": [
        2013,
        2014,
        2015,
        2016,
        2017,
        2018,
        2019
      ]
    }
  },
  "S7": {
    "S7 4DR HATCHBACK": {
      "years": [
        2012
      ]
    },
    "S7 4DR HATCHBACK 4.0 TFSI QUATTRO": {
      "years": [
        2013,
        2014,
        2015
      ]
    },
    "S7 4DR SPORTBACK 4.0 TFSI QUATTRO": {
      "years": [
        2016,
        2017,
        2018,
        2019
      ]
    },
    "S7 4DR SPORTBACK": {
      "years": [
        2020,
        2021,
        2022,
        2023,
        2024
      ]
    }
  },
  "S8": {
    "S8 4DR SEDAN QUATTRO 4.2": {
      "years": [
        2001,
        2002,
        2003
      ]
    },
    "S8 4DR SEDAN AWD": {
      "years": [
        2007,
        2008,
        2009
      ]
    },
    "S8 4DR SEDAN 4.0 TFSI QUATTRO": {
      "years": [
        2013,
        2014,
        2015
      ]
    },
    "S8 PLUS 4DR SEDAN 4.0 TFSI QUATTRO": {
      "years": [
        2016,
        2017,
        2018,
        2019
      ]
    },
    "S8 4DR SEDAN": {
      "years": [
        2020,
        2021,
        2022,
        2023,
        2024
      ]
    }
  },
  "SQ5": {
    "SQ5 5DR SUV 3.0 TFSI QUATTRO": {
      "years": [
        2014,
        2015,
        2016,
        2017
      ]
    },
    "SQ5 4DR SUV": {
      "years": [
        2018,
        2019,
        2020,
        2021,
        2022,
        2023,
        2024
      ]
    },
    "SQ5 SPORTBACK 4DR SUV": {
      "years": [
        2021,
        2022,
        2023,
        2024
      ]
    }
  },
  "SQ6": {},
  "SQ7": {
    "SQ7 4DR SUV": {
      "years": [
        2020,
        2021,
        2022,
        2023,
        2024
      ]
    }
  },
  "SQ8": {
    "SQ8 4DR SUV": {
      "years": [
        2020,
        2021,
        2022,
        2023,
        2024
      ]
    },
    "SQ8 E-TRON 4DR SUV": {
      "years": [
        2024,
        2025
      ]
    },
    "SQ8 SPORTBACK E-TRON 4DR SUV": {
      "years": [
        2024,
        2025
      ]
    }
  },
  "TT": {
    "QUATTRO": {
      "years": [
        1983,
        1984,
        1985
      ]
    },
    "TT 2DR HATCHBACK": {
      "years": [
        1999
      ]
    },
    "TT 2DR QUATTRO CONVERTIBLE": {
      "years": [
        2000
      ]
    },
    "TT 2DR QUATTRO HATCHBACK": {
      "years": [
        2000
      ]
    },
    "TT 2DR CONVERTIBLE FWD": {
      "years": [
        2001,
        2002,
        2003,
        2004
      ]
    },
    "TT 2DR CONVERTIBLE QUATTRO": {
      "years": [
        2001,
        2002,
        2003
      ]
    },
    "TT 2DR COUPE QUATTRO": {
      "years": [
        2001,
        2002,
        2003
      ]
    },
    "TT 2DR CONVERTIBLE AWD QUATTRO/3.2 QUATTRO": {
      "years": [
        2004
      ]
    },
    "TT 2DR COUPE AWD QUATTRO/3.2 QUATTRO": {
      "years": [
        2004
      ]
    },
    "TT 2DR COUPE FWD": {
      "years": [
        2004
      ]
    },
    "TT 1.8T 2DR COUPE FWD": {
      "years": [
        2005
      ]
    },
    "TT 3.2 2DR COUPE AWD": {
      "years": [
        2005,
        2006
      ]
    },
    "TT ROADSTER 1.8T 2DR CONVERTIBLE FWD": {
      "years": [
        2005
      ]
    },
    "TT ROADSTER 3.2  2DR CONVERTIBLE AWD": {
      "years": [
        2005,
        2006
      ]
    },
    "TT 1.8T 2DR COUPE AWD": {
      "years": [
        2006
      ]
    },
    "TT ROADSTER 1.8T 2DR CONVERTIBLE AWD": {
      "years": [
        2006
      ]
    },
    "TT 2DR COUPE 2.0T": {
      "years": [
        2008
      ]
    },
    "TT 2DR COUPE 3.2": {
      "years": [
        2008
      ]
    },
    "TT ROADSTER 2DR CONVERTIBLE 2.0T": {
      "years": [
        2008
      ]
    },
    "TT ROADSTER 2DR CONVERTIBLE 3.2": {
      "years": [
        2008
      ]
    },
    "TT 2DR COUPE 2.0 TFSI": {
      "years": [
        2009,
        2010
      ]
    },
    "TT 2DR COUPE 3.2 /TTS": {
      "years": [
        2009
      ]
    },
    "TT ROADSTER 2DR CONVERTIBLE 2.0 TFSI": {
      "years": [
        2009,
        2010
      ]
    },
    "TT ROADSTER 2DR CONVERTIBLE 3.2 /TTS": {
      "years": [
        2009
      ]
    },
    "TT 2DR COUPE 2.0 TFSI QUATTRO/S-LINE": {
      "years": [
        2011,
        2012,
        2013,
        2014,
        2015
      ]
    },
    "TT ROADSTER 2DR CONVERTIBLE 2.0 TFSI QUATTRO/": {
      "years": [
        2011,
        2012
      ]
    },
    "TT ROADSTER 2DR CONVERTIBLE 2.0 TFSI QUATTRO": {
      "years": [
        2013,
        2014
      ]
    },
    "TT ROADSTER 2DR CONVERTIBLE 2.0 TFSI QUATTRO/S-LINE": {
      "years": [
        2015
      ]
    },
    "TT 2DR COUPE": {
      "years": [
        2016,
        2017,
        2018,
        2019,
        2020,
        2021,
        2022,
        2023,
        2024
      ]
    },
    "TT ROADSTER 2DR CONVERTIBLE": {
      "years": [
        2016,
        2017,
        2018,
        2019,
        2020,
        2021,
        2022,
        2023,
        2024
      ]
    }
  },
  "TT RS": {
    "TT RS 2DR COUPE 2.5 TFSI QUATTRO": {
      "years": [
        2012,
        2013
      ]
    },
    "TT RS 2DR COUPE": {
      "years": [
        2020,
        2021,
        2022,
        2023,
        2024
      ]
    }
  },
  "TTS": {
    "TTS ROADSTER 2DR CONVERTIBLE": {
      "years": [
        2010,
        2011
      ]
    },
    "TTS ROADSTER 2DR CONVERTIBLE 2.0 TFSI QUATTRO": {
      "years": [
        2012,
        2013,
        2014,
        2015
      ]
    }
  },
  "V8": {
    "V8 4DR SEDAN": {
      "years": [
        1990
      ]
    },
    "V8 QUATTRO 4DR SEDAN": {
      "years": [
        1991,
        1992,
        1993
      ]
    },
    "V8 4DR SEDAN QUATTRO": {
      "years": [
        1994
      ]
    }
  },
  "allroad": {
    "ALLROAD 4DR WAGON QUATTRO 2.7T": {
      "years": [
        2001,
        2002,
        2003,
        2004,
        2005
      ]
    }
  },
  "e-tron": {
    "E-TRON 4DR SUV": {
      "years": [
        2019,
        2020,
        2021,
        2022,
        2023
      ]
    },
    "E-TRON S 4DR SUV": {
      "years": [
        2022,
        2023
      ]
    }
  },
  "e-tron GT": {
    "E-TRON GT 4DR SEDAN": {
      "years": [
        2022,
        2023,
        2024
      ]
    }
  },
  "e-tron Sportback": {
    "E-TRON SPORTBACK 4DR SUV": {
      "years": [
        2020,
        2021,
        2022,
        2023
      ]
    }
  }
}