{
  "ARMOURED ARNAGE": {},
  "Arnage": {
    "ARNAGE 4DR SEDAN": {
      "years": [
        1999
      ]
    },
    "ARNAGE 4DR SEDAN GREEN LABEL 4.5 V8": {
      "years": [
        2000,
        2001
      ]
    },
    "ARNAGE 4DR SEDAN RED LABEL 6.75 V8": {
      "years": [
        2000,
        2001
      ]
    },
    "ARNAGE 4DR SEDAN  4.5 V8": {
      "years": [
        2002
      ]
    },
    "ARNAGE R 4DR SEDAN": {
      "years": [
        2003,
        2004,
        2005,
        2006,
        2007,
        2008
      ]
    },
    "ARNAGE RL 4DR SEDAN": {
      "years": [
        2003,
        2004,
        2005,
        2006,
        2007,
        2008
      ]
    },
    "ARNAGE T 4DR SEDAN": {
      "years": [
        2003,
        2004,
        2005,
        2006,
        2007,
        2008
      ]
    },
    "ARNAGE FINAL SERIES R 4DR SEDAN": {
      "years": [
        2009,
        2010
      ]
    },
    "ARNAGE FINAL SERIES RL 4DR SEDAN": {
      "years": [
        2009,
        2010
      ]
    },
    "ARNAGE FINAL SERIES T 4DR SEDAN": {
      "years": [
        2009,
        2010
      ]
    }
  },
  "Azure": {
    "BENTLEY AZURE 2DR CONVERTIBLE": {
      "years": [
        1997,
        1998
      ]
    },
    "AZURE 2DR CONVERTIBLE": {
      "years": [
        1999,
        2000,
        2001,
        2002
      ]
    },
    "AZURE Mulliner": {
      "years": [
        2003
      ]
    },
    "AZURE 2DR CONVERTIBLE RWD": {
      "years": [
        2006,
        2007,
        2008,
        2009,
        2010
      ]
    },
    "AZURE T 2DR CONVERTIBLE RWD": {
      "years": [
        2011
      ]
    }
  },
  "Bentayga": {
    "BENTAYGA": {
      "years": [
        2016,
        2017,
        2018,
        2019
      ]
    },
    "BENTAYGA 4DR SUV": {
      "years": [
        2020
      ]
    },
    "BENTAYGA DIESEL 4DR SUV": {
      "years": [
        2020
      ]
    },
    "BENTAYGA HYBRID 4DR SUV": {
      "years": [
        2020,
        2021,
        2022,
        2023,
        2024
      ]
    },
    "BENTAYGA V8 4DR SUV": {
      "years": [
        2020,
        2021,
        2022,
        2023,
        2024
      ]
    },
    "BENTAYGA SPEED 4DR SUV": {
      "years": [
        2021,
        2022,
        2023,
        2024
      ]
    },
    "BENTAYGA V8 EWB 4DR SUV": {
      "years": [
        2024,
        2025
      ]
    }
  },
  "Brooklands": {
    "BROOKLANDS 4DR SEDAN": {
      "years": [
        1993,
        1994,
        1995
      ]
    },
    "BENTLEY BROOKLANDS 4DR SEDAN": {
      "years": [
        1997
      ]
    },
    "BENTLEY BROOKLANDS 4DR SEDAN LWB": {
      "years": [
        1997
      ]
    },
    "BENTLEY BROOKLANDS R 4DR SEDAN": {
      "years": [
        1998
      ]
    },
    "BROOKLANDS 2 DR COUPE RWD": {
      "years": [
        2008,
        2009,
        2010,
        2011
      ]
    }
  },
  "Continental": {
    "CORNICHE/BENTLEY CONTINENTAL CONVERTIBLE": {
      "years": [
        1990
      ]
    },
    "CORNICHE/CONTINENTAL CONVERTIBLE": {
      "years": [
        1991
      ]
    },
    "CORNICHE IV/CONTINENTAL CONVERTIBLE": {
      "years": [
        1992,
        1993
      ]
    },
    "BENTLEY CONTINENTAL R 2DR COUPE": {
      "years": [
        1995,
        1996,
        1997
      ]
    },
    "CONTINENTAL AZURE 2DR CONVERTIBLE": {
      "years": [
        1996
      ]
    },
    "BENTLEY CONTINENTAL R 2DR COUPE LWB": {
      "years": [
        1998
      ]
    },
    "BENTLEY CONTINENTAL T 2DR COUPE": {
      "years": [
        1998
      ]
    },
    "CONTINENTAL 2DR COUPE R LWB": {
      "years": [
        1999,
        2000,
        2001,
        2002
      ]
    },
    "CONTINENTAL 2DR COUPE SC": {
      "years": [
        1999,
        2000,
        2001,
        2002
      ]
    },
    "CONTINENTAL 2DR COUPE T": {
      "years": [
        1999,
        2000,
        2001,
        2002
      ]
    },
    "CONTINENTAL 2DR COUPE R Mulliner": {
      "years": [
        2003
      ]
    },
    "CONTINENTAL 2DR GT COUPE AWD": {
      "years": [
        2003,
        2004,
        2005,
        2006,
        2007
      ]
    },
    "CONTINENTAL FLYING SPUR 4DR SEDAN AWD": {
      "years": [
        2006,
        2007,
        2008,
        2009,
        2010,
        2011,
        2012,
        2013,
        2014,
        2015,
        2016,
        2017,
        2018,
        2019
      ]
    },
    "CONTINENTAL GTC 2DR COUPE AWD": {
      "years": [
        2007,
        2008,
        2009
      ]
    },
    "CONTINENTAL GT/SPEED 2DR COUPE AWD": {
      "years": [
        2008,
        2009,
        2010
      ]
    },
    "CONTINENTAL GTC/SPEED 2DR CONV AWD": {
      "years": [
        2010,
        2011
      ]
    },
    "CONTINENTAL GT 2DR COUPE AWD": {
      "years": [
        2011
      ]
    },
    "CONTINENTAL SUPERSPORTS 2DR CONV AWD": {
      "years": [
        2011,
        2012,
        2013
      ]
    },
    "CONTINENTAL SUPERSPORTS 2DR COUPE AWD": {
      "years": [
        2011,
        2012,
        2013
      ]
    },
    "CONTINENTAL 2DR CONV AWD GTC/GTC V-8": {
      "years": [
        2012,
        2013
      ]
    },
    "CONTINENTAL 2DR COUPE AWD GT/GT V-8": {
      "years": [
        2012,
        2013
      ]
    },
    "CONTINENTAL 2DR CONV AWD GTC/GTC V-8/GTC SPEE": {
      "years": [
        2014
      ]
    },
    "CONTINENTAL 2DR COUPE AWD GT/GT V-8/GT SPEED/": {
      "years": [
        2014
      ]
    },
    "CONTINENTAL 2DR CONV AWD GTC/GTC V-8/GTC SPEED/GTC V-8S": {
      "years": [
        2015,
        2016,
        2017,
        2018,
        2019
      ]
    },
    "CONTINENTAL 2DR COUPE AWD GT/GT V-8/GT SPEED/GT V-8S": {
      "years": [
        2015,
        2016,
        2017
      ]
    },
    "NEW CONTINENTAL": {
      "years": [
        2018,
        2019
      ]
    },
    "NEW CONTINENTAL GT": {
      "years": [
        2020
      ]
    },
    "NEW CONTINENTAL GT CONVERTIBLE": {
      "years": [
        2020
      ]
    },
    "NEW CONTINENTAL GT V8": {
      "years": [
        2020
      ]
    },
    "NEW CONTINENTAL GT V8 CONVERTIBLE": {
      "years": [
        2020
      ]
    },
    "CONTINENTAL GT": {
      "years": [
        2021,
        2022,
        2023,
        2024
      ]
    },
    "CONTINENTAL GT CONVERTIBLE": {
      "years": [
        2021,
        2022,
        2023,
        2024
      ]
    },
    "CONTINENTAL GT V8": {
      "years": [
        2021,
        2022,
        2023,
        2024
      ]
    },
    "CONTINENTAL GT V8 CONVERTIBLE": {
      "years": [
        2021,
        2022,
        2023,
        2024
      ]
    }
  },
  "Eight": {},
  "Flying Spur": {
    "NEW FLYING SPUR 4DR SEDAN AWD": {
      "years": [
        2020
      ]
    },
    "FLYING SPUR 4DR SEDAN AWD": {
      "years": [
        2021,
        2022,
        2023,
        2024
      ]
    },
    "FLYING SPUR V8 4DR SEDAN AWD": {
      "years": [
        2021,
        2022,
        2023,
        2024
      ]
    }
  },
  "Mulsanne": {
    "MULSANNE": {
      "years": [
        1984
      ]
    },
    "MULSANNE TURBO": {
      "years": [
        1984
      ]
    },
    "BENTLEY MULSANNE/TURBO R 4DR SEDAN": {
      "years": [
        1990,
        1991
      ]
    },
    "BENTLEY MULSANNE S/TURBO R 4DR SEDAN": {
      "years": [
        1992,
        1993
      ]
    },
    "MULSANNE 4DR SEDAN RWD": {
      "years": [
        2011,
        2012,
        2013,
        2014,
        2015,
        2016,
        2017
      ]
    },
    "MULSANNE 4DR SEDAN LWB": {
      "years": [
        2018,
        2019,
        2020,
        2021
      ]
    },
    "MULSANNE 4DR SEDAN SWB": {
      "years": [
        2018,
        2019,
        2020,
        2021
      ]
    }
  },
  "Roll Royce Silver Seraph": {},
  "Rolls-Royce Park Ward": {},
  "Turbo": {
    "TURBO R 4DR SEDAN": {
      "years": [
        1996
      ]
    },
    "BENTLEY TURBO R 4DR SEDAN": {
      "years": [
        1997
      ]
    },
    "BENTLEY TURBO RL 4DR SEDAN": {
      "years": [
        1997,
        1998
      ]
    }
  }
}