{
  "128i": {
    "1 SERIES 128i 2DR COUPE RWD": {
      "years": [
        2008,
        2009,
        2010,
        2011,
        2012,
        2013
      ]
    },
    "1 SERIES CABRIOLET 128i 2DR CONV RWD": {
      "years": [
        2008,
        2009,
        2010,
        2011,
        2012,
        2013
      ]
    }
  },
  "135i": {
    "1 SERIES 135i 2DR COUPE RWD": {
      "years": [
        2008,
        2009,
        2010,
        2011,
        2012,
        2013
      ]
    },
    "1 SERIES CABRIOLET 135i 2DR CONV RWD": {
      "years": [
        2008,
        2009,
        2010,
        2011,
        2012,
        2013
      ]
    }
  },
  "1M": {},
  "228": {},
  "228i": {
    "2 SERIES 228i 2DR COUPE RWD": {
      "years": [
        2014,
        2015,
        2016,
        2017
      ]
    },
    "2 SERIES 228i 2DR CABRIOLET RWD": {
      "years": [
        2015,
        2016
      ]
    },
    "2 SERIES 228i xDRIVE 2DR CABRIOLET": {
      "years": [
        2017
      ]
    },
    "2 SERIES 228i xDRIVE 2DR COUPE": {
      "years": [
        2017
      ]
    },
    "2 SERIES 228i xDRIVE GRAN COUPE": {
      "years": [
        2020,
        2021,
        2022,
        2023,
        2024
      ]
    }
  },
  "230i": {
    "2 SERIES 230i 2DR COUPE RWD": {
      "years": [
        2018,
        2019,
        2020,
        2021
      ]
    },
    "2 SERIES 230i xDRIVE 2DR CABRIOLET": {
      "years": [
        2018,
        2019,
        2020,
        2021
      ]
    },
    "2 SERIES 230i xDRIVE 2DR COUPE": {
      "years": [
        2018,
        2019,
        2020,
        2021
      ]
    }
  },
  "318i": {
    "318 i": {
      "years": [
        1983,
        1984
      ]
    },
    "318 i 2 DR": {
      "years": [
        1985
      ]
    },
    "318 i 4 DR": {
      "years": [
        1985
      ]
    },
    "318i/325i 4DR SEDAN": {
      "years": [
        1990,
        1991,
        1992
      ]
    },
    "318i/325i CABRIOLET": {
      "years": [
        1992,
        1993,
        1994,
        1995
      ]
    },
    "318i/325i 2DR COUPE": {
      "years": [
        1992
      ]
    },
    "318i/320i/325i 2DR COUPE": {
      "years": [
        1993
      ]
    },
    "318i/320i/325i 4DR SEDAN": {
      "years": [
        1993
      ]
    },
    "318i 4DR SEDAN": {
      "years": [
        1994,
        1995,
        1996,
        1997,
        1998
      ]
    }
  },
  "318iC": {
    "318i CABRIOLET": {
      "years": [
        1996,
        1997,
        1998,
        1999
      ]
    }
  },
  "318iS": {
    "318is/325i 2DR SEDAN": {
      "years": [
        1990,
        1991
      ]
    },
    "318is 2DR COUPE": {
      "years": [
        1994,
        1995,
        1996,
        1997,
        1998,
        1999
      ]
    }
  },
  "318ti": {
    "318ti 2DR HATCHBACK": {
      "years": [
        1995,
        1996,
        1997,
        1998,
        1999
      ]
    }
  },
  "320i": {
    "320i SD": {
      "years": [
        1981
      ]
    },
    "320 i": {
      "years": [
        1982,
        1983
      ]
    },
    "320i/325i 4DR SEDAN": {
      "years": [
        1994,
        1995
      ]
    },
    "320i 4DR SEDAN": {
      "years": [
        2001,
        2002,
        2003
      ]
    },
    "320i 4DR SEDAN RWD": {
      "years": [
        2004,
        2005
      ]
    },
    "3 SERIES 320i 4DR SEDAN RWD": {
      "years": [
        2012,
        2013,
        2014,
        2015,
        2016
      ]
    },
    "3 SERIES 320i xDRIVE 4DR SEDAN AWD": {
      "years": [
        2014,
        2015,
        2016,
        2017
      ]
    }
  },
  "323i": {
    "323i 4DR SEDAN": {
      "years": [
        1999,
        2000
      ]
    },
    "323i/325i 4DR SEDAN RWD": {
      "years": [
        2006
      ]
    },
    "323i/328i 4DR SEDAN RWD": {
      "years": [
        2007
      ]
    }
  },
  "323iC": {
    "323i CABRIOLET": {
      "years": [
        1998,
        1999
      ]
    }
  },
  "323is": {
    "323is 2DR COUPE": {
      "years": [
        1998,
        1999
      ]
    }
  },
  "325/325e": {},
  "325/325eS": {},
  "325Ci": {
    "325Ci 2DR CABRIOLET": {
      "years": [
        2001,
        2002,
        2003
      ]
    },
    "325Ci 2DR COUPE": {
      "years": [
        2001,
        2002,
        2003
      ]
    },
    "325Ci 2DR CABRIOLET RWD": {
      "years": [
        2004,
        2005,
        2006
      ]
    },
    "325Ci 2DR COUPE RWD": {
      "years": [
        2004,
        2005,
        2006
      ]
    }
  },
  "325i": {
    "325 I 2 DR SEDAN": {
      "years": [
        1987
      ]
    },
    "325 I 4 DR SEDAN": {
      "years": [
        1987,
        1988,
        1989
      ]
    },
    "325i 2 DR COUPE": {
      "years": [
        1989
      ]
    },
    "325i 4DR SEDAN": {
      "years": [
        2001,
        2002,
        2003
      ]
    },
    "325iT 4DR WAGON RWD": {
      "years": [
        2002,
        2003,
        2004,
        2005
      ]
    },
    "325i 4DR SEDAN RWD": {
      "years": [
        2004,
        2005
      ]
    }
  },
  "325i/325is": {},
  "325iC": {
    "325 I CONVERTIBLE": {
      "years": [
        1987
      ]
    },
    "325 I CABRIOLET": {
      "years": [
        1988,
        1989
      ]
    },
    "325i CABRIOLET": {
      "years": [
        1990,
        1991
      ]
    }
  },
  "325iS": {
    "325 IS 2 DR SEDAN": {
      "years": [
        1988
      ]
    }
  },
  "325ix": {
    "325IX 4WD 4DR": {
      "years": [
        1988,
        1989
      ]
    },
    "325iX 4WD 4DR SEDAN": {
      "years": [
        1990,
        1991
      ]
    }
  },
  "325xi": {
    "325xiT 4DR WAGON AWD": {
      "years": [
        2002,
        2003,
        2004,
        2005
      ]
    },
    "325xi 4DR SEDAN AWD": {
      "years": [
        2003,
        2004,
        2005,
        2006
      ]
    },
    "325xi TOURING 4DR WAGON AWD": {
      "years": [
        2006
      ]
    }
  },
  "328Ci": {
    "328Ci 2DR COUPE": {
      "years": [
        2000
      ]
    }
  },
  "328d": {
    "3 SERIES 328d xDRIVE 4DR SEDAN AWD": {
      "years": [
        2014,
        2015,
        2016,
        2017
      ]
    },
    "3 SERIES TOURING 328d xDRIVE 4DR WAGON": {
      "years": [
        2015,
        2016,
        2017,
        2018
      ]
    },
    "3 SERIES 328d xDRIVE 4DR SEDAN": {
      "years": [
        2018
      ]
    }
  },
  "328i": {
    "328i 4DR SEDAN": {
      "years": [
        1996,
        1997,
        1998,
        1999,
        2000
      ]
    },
    "328i 2DR COUPE RWD": {
      "years": [
        2007
      ]
    },
    "3 SERIES 323i/328i 4DR SEDAN RWD": {
      "years": [
        2008,
        2009,
        2010,
        2011
      ]
    },
    "3 SERIES CABRIOLET 328i RWD": {
      "years": [
        2008,
        2009,
        2010,
        2011,
        2012,
        2013
      ]
    },
    "3 SERIES COUPE 328i RWD": {
      "years": [
        2008,
        2009,
        2010,
        2011,
        2012,
        2013
      ]
    },
    "3 SERIES 328i XDRIVE 4DR SEDAN AWD": {
      "years": [
        2010,
        2011
      ]
    },
    "3 SERIES COUPE 328i XDRIVE AWD": {
      "years": [
        2010,
        2011,
        2012
      ]
    },
    "3 SERIES TOURING 328i XDRIVE 4DR WAGON AWD": {
      "years": [
        2010,
        2011,
        2012
      ]
    },
    "3 SERIES 328i 4DR SEDAN RWD": {
      "years": [
        2012,
        2013,
        2014,
        2015,
        2016
      ]
    },
    "3 SERIES 328i xDRIVE 4DR SEDAN AWD": {
      "years": [
        2013,
        2014,
        2015,
        2016,
        2017
      ]
    },
    "3 SERIES COUPE 328i xDRIVE AWD": {
      "years": [
        2013
      ]
    },
    "3 SERIES TOURING 328i xDRIVE 4DR WAGON": {
      "years": [
        2013,
        2014,
        2015,
        2016
      ]
    },
    "3 SERIES 328i xDrive Gran Turismo": {
      "years": [
        2014
      ]
    },
    "3 SERIES 328i xDRIVE Gran Turismo": {
      "years": [
        2015,
        2016
      ]
    }
  },
  "328iC": {
    "328i CABRIOLET": {
      "years": [
        1996,
        1997,
        1998,
        1999
      ]
    },
    "328i CABRIOLET 2DR CONVERTIBLE RWD": {
      "years": [
        2007
      ]
    }
  },
  "328iS": {
    "328is 2DR COUPE": {
      "years": [
        1996,
        1997,
        1998,
        1999
      ]
    }
  },
  "328xi": {
    "328xi 2DR COUPE AWD": {
      "years": [
        2007
      ]
    },
    "328xi 4DR SEDAN AWD": {
      "years": [
        2007
      ]
    },
    "328xi TOURING 4DR WAGON AWD": {
      "years": [
        2007
      ]
    },
    "3 SERIES TOURING 328xi 4DR WAGON AWD": {
      "years": [
        2008,
        2009
      ]
    }
  },
  "330Ci": {
    "330Ci 2DR CABRIOLET": {
      "years": [
        2001,
        2002,
        2003
      ]
    },
    "330Ci 2DR COUPE": {
      "years": [
        2001,
        2002,
        2003
      ]
    },
    "330Ci 2DR CABRIOLET RWD": {
      "years": [
        2004,
        2005,
        2006
      ]
    },
    "330Ci 2DR COUPE RWD": {
      "years": [
        2004,
        2005,
        2006
      ]
    }
  },
  "330e": {
    "3 SERIES 330e iPERFORMANCE SEDAN": {
      "years": [
        2017,
        2018
      ]
    },
    "3-SERIES 330e 4DR SEDAN": {
      "years": [
        2019,
        2020,
        2021,
        2022,
        2023,
        2024
      ]
    }
  },
  "330i": {
    "330i 4DR SEDAN": {
      "years": [
        2001
      ]
    },
    "330i 4DR SEDAN RWD": {
      "years": [
        2002,
        2003,
        2004,
        2005,
        2006
      ]
    },
    "3 SERIES 330i xDRIVE Gran Turismo": {
      "years": [
        2017,
        2018,
        2019
      ]
    },
    "3 SERIES TOURING 330i xDRIVE 4DR WAGON": {
      "years": [
        2017,
        2018,
        2019
      ]
    },
    "3 SERIES 330i xDRIVE 4DR SEDAN": {
      "years": [
        2018
      ]
    },
    "3-SERIES 330i xDRIVE 4DR SEDAN": {
      "years": [
        2019,
        2020,
        2021,
        2022,
        2023,
        2024
      ]
    }
  },
  "330xi": {
    "330xi 4DR SEDAN AWD": {
      "years": [
        2001,
        2002,
        2003,
        2004,
        2005,
        2006
      ]
    }
  },
  "335": {},
  "335d": {
    "3 SERIES 335D 4DR SEDAN RWD": {
      "years": [
        2010,
        2011
      ]
    }
  },
  "335i": {
    "335i 2DR COUPE RWD": {
      "years": [
        2007
      ]
    },
    "335i 4DR SEDAN RWD": {
      "years": [
        2007
      ]
    },
    "335i CABRIOLET 2DR CONVERTIBLE RWD": {
      "years": [
        2007
      ]
    },
    "3 SERIES 335i 4DR SEDAN RWD": {
      "years": [
        2008,
        2009,
        2010,
        2011,
        2012,
        2013,
        2014,
        2015
      ]
    },
    "3 SERIES CABRIOLET 335i RWD": {
      "years": [
        2008,
        2009,
        2010
      ]
    },
    "3 SERIES COUPE 335i RWD": {
      "years": [
        2008,
        2009,
        2010
      ]
    },
    "3 SERIES 335i XDRIVE 4DR SEDAN AWD": {
      "years": [
        2010,
        2011
      ]
    },
    "3 SERIES COUPE 335i XDRIVE AWD": {
      "years": [
        2010,
        2011,
        2012
      ]
    },
    "3 SERIES 335i xDRIVE 4DR SEDAN AWD": {
      "years": [
        2013,
        2014,
        2015
      ]
    },
    "3 SERIES COUPE 335i xDRIVE AWD": {
      "years": [
        2013
      ]
    },
    "3 SERIES 335i xDrive Gran Turismo": {
      "years": [
        2014
      ]
    },
    "3 SERIES 335i xDRIVE Gran Turismo": {
      "years": [
        2015,
        2016
      ]
    }
  },
  "335is": {
    "3 SERIES CABRIOLET 335i/335is RWD": {
      "years": [
        2011,
        2012,
        2013
      ]
    },
    "3 SERIES COUPE 335i/335is RWD": {
      "years": [
        2011,
        2012,
        2013
      ]
    }
  },
  "335xi": {},
  "340i": {
    "3 SERIES 340i 4DR SEDAN RWD": {
      "years": [
        2016,
        2017,
        2018
      ]
    },
    "3 SERIES 340i xDRIVE 4DR SEDAN AWD": {
      "years": [
        2016,
        2017
      ]
    },
    "3 SERIES 340i xDRIVE Gran Turismo": {
      "years": [
        2017,
        2018,
        2019
      ]
    },
    "3 SERIES 340i xDRIVE 4DR SEDAN": {
      "years": [
        2018
      ]
    }
  },
  "428i": {
    "4 SERIES  428i 2DR COUPE RWD": {
      "years": [
        2014,
        2015,
        2016
      ]
    },
    "4 SERIES  428i xDrive 2DR COUPE AWD": {
      "years": [
        2014
      ]
    },
    "4 SERIES GRAN COUPE 428i 4DR SEDAN RWD": {
      "years": [
        2014,
        2015,
        2016
      ]
    },
    "4 SERIES GRAN COUPE 428i xDrive 4DR SEDAN AWD": {
      "years": [
        2014
      ]
    },
    "4 SERIES  428i 2DR CABRIOLET RWD": {
      "years": [
        2015,
        2016
      ]
    },
    "4 SERIES  428i xDRIVE 2DR CABRIOLET AWD": {
      "years": [
        2015,
        2016,
        2017
      ]
    },
    "4 SERIES  428i xDRIVE 2DR COUPE AWD": {
      "years": [
        2015,
        2016,
        2017
      ]
    },
    "4 SERIES GRAN COUPE 428i xDRIVE 4DR SEDAN AWD": {
      "years": [
        2015,
        2016,
        2017
      ]
    }
  },
  "430i": {
    "4 SERIES  430i xDRIVE 2DR CABRIOLET": {
      "years": [
        2018,
        2019,
        2020
      ]
    },
    "4 SERIES  430i xDRIVE 2DR COUPE": {
      "years": [
        2018,
        2019,
        2020
      ]
    },
    "4 SERIES GRAN COUPE 430i xDRIVE 4DR SEDAN": {
      "years": [
        2018,
        2019,
        2020,
        2021,
        2022,
        2023,
        2024
      ]
    },
    "4 SERIES 430i 2DR CABRIOLET": {
      "years": [
        2021,
        2022,
        2023,
        2024
      ]
    },
    "4 SERIES 430i xDRIVE 2DR COUPE": {
      "years": [
        2021,
        2022,
        2023,
        2024
      ]
    }
  },
  "435i": {
    "4 SERIES  435i 2DR COUPE RWD": {
      "years": [
        2014,
        2015,
        2016,
        2017
      ]
    },
    "4 SERIES  435i xDrive 2DR COUPE AWD": {
      "years": [
        2014
      ]
    },
    "4 SERIES GRAN COUPE 435i 4DR SEDAN RWD": {
      "years": [
        2014,
        2015,
        2016
      ]
    },
    "4 SERIES  435i 2DR CABRIOLET RWD": {
      "years": [
        2015,
        2016
      ]
    },
    "4 SERIES  435i xDRIVE 2DR CABRIOLET AWD": {
      "years": [
        2015,
        2016,
        2017
      ]
    },
    "4 SERIES  435i xDRIVE 2DR COUPE AWD": {
      "years": [
        2015,
        2016,
        2017
      ]
    },
    "4 SERIES GRAN COUPE 435i xDRIVE 4DR SEDAN AWD": {
      "years": [
        2015,
        2016,
        2017
      ]
    }
  },
  "440i": {
    "4 SERIES  440i 2DR COUPE RWD": {
      "years": [
        2018,
        2019,
        2020
      ]
    },
    "4 SERIES  440i xDRIVE 2DR CABRIOLET": {
      "years": [
        2018,
        2019,
        2020
      ]
    },
    "4 SERIES  440i xDRIVE 2DR COUPE": {
      "years": [
        2018,
        2019,
        2020
      ]
    },
    "4 SERIES GRAN COUPE 440i xDRIVE 4DR SEDAN": {
      "years": [
        2018,
        2019,
        2020,
        2021
      ]
    }
  },
  "524td": {},
  "525i": {
    "525i": {
      "years": [
        1989
      ]
    },
    "525i 4DR SEDAN": {
      "years": [
        1990,
        1991,
        1992,
        1993,
        1994,
        1995,
        2001,
        2002,
        2003
      ]
    },
    "525i TOURING (WAGON)": {
      "years": [
        1992,
        1993
      ]
    },
    "525iT 4DR WAGON": {
      "years": [
        2001,
        2002
      ]
    },
    "525i TOURING 4DR WAGON": {
      "years": [
        2003
      ]
    },
    "525i 4DR SEDAN RWD": {
      "years": [
        2006,
        2007
      ]
    },
    "525ix 4DR SEDAN AWD": {
      "years": [
        2006
      ]
    }
  },
  "525iA": {},
  "525xi": {
    "525xi 4DR SEDAN AWD": {
      "years": [
        2007
      ]
    }
  },
  "528e": {
    "528 e": {
      "years": [
        1982,
        1984,
        1985,
        1986
      ]
    },
    "528 E 4 DR SEDAN": {
      "years": [
        1987,
        1988
      ]
    }
  },
  "528i": {
    "528i SD": {
      "years": [
        1981
      ]
    },
    "528i 4DR SEDAN": {
      "years": [
        1996,
        1997,
        1998,
        1999,
        2000
      ]
    },
    "528iT 4DR WAGON": {
      "years": [
        1999,
        2000
      ]
    },
    "5 SERIES 528i 4DR SEDAN RWD": {
      "years": [
        2008,
        2009,
        2010,
        2015
      ]
    },
    "5 SERIES 528i XDRIVE 4DR SEDAN AWD": {
      "years": [
        2010
      ]
    },
    "5 SERIES 528i 4 DR SEDAN RWD": {
      "years": [
        2011,
        2012,
        2013,
        2014
      ]
    },
    "5 SERIES 528i xDRIVE 4 DR SEDAN RWD": {
      "years": [
        2013
      ]
    },
    "5 SERIES 528i xDRIVE 4 DR SEDAN AWD": {
      "years": [
        2014
      ]
    },
    "5 SERIES 528i xDRIVE 4DR SEDAN AWD": {
      "years": [
        2015,
        2016
      ]
    }
  },
  "528xi": {},
  "530e": {
    "5 SERIES 530e 4DR SEDAN": {
      "years": [
        2017,
        2018
      ]
    },
    "5 SERIES 530e xDRIVE 4DR SEDAN": {
      "years": [
        2019,
        2020,
        2021,
        2022,
        2023,
        2024
      ]
    }
  },
  "530i": {
    "530i 4DR SEDAN": {
      "years": [
        1994,
        1995,
        2001,
        2002,
        2003
      ]
    },
    "530i 4DR WAGON TOURING": {
      "years": [
        1994,
        1995
      ]
    },
    "530i 4DR SEDAN RWD": {
      "years": [
        2004,
        2005,
        2006,
        2007
      ]
    },
    "5 SERIES 530i 4DR SEDAN": {
      "years": [
        2017
      ]
    },
    "5 SERIES 530i xDRIVE 4DR SEDAN": {
      "years": [
        2017,
        2018,
        2019,
        2020,
        2021,
        2022,
        2023,
        2024
      ]
    },
    "5-SERIES 530i xDRIVE 4DR SEDAN": {
      "years": [
        2024,
        2025
      ]
    }
  },
  "530iA": {},
  "530xi": {
    "530xi 4DR SEDAN AWD": {
      "years": [
        2006,
        2007
      ]
    },
    "530xi 4DR TOURING/WAGON": {
      "years": [
        2006,
        2007
      ]
    }
  },
  "533i": {
    "533 i": {
      "years": [
        1983,
        1984
      ]
    }
  },
  "535d": {
    "5 SERIES 535d xDrive 4 DR SEDAN AWD": {
      "years": [
        2014
      ]
    },
    "5 SERIES 535d xDRIVE 4DR SEDAN AWD": {
      "years": [
        2015,
        2016
      ]
    }
  },
  "535i": {
    "535 i": {
      "years": [
        1985,
        1986
      ]
    },
    "535 I 4 DR SEDAN": {
      "years": [
        1987
      ]
    },
    "535 I/IS 4 DR SEDAN": {
      "years": [
        1988
      ]
    },
    "535 I": {
      "years": [
        1989
      ]
    },
    "535i 4DR SEDAN": {
      "years": [
        1990,
        1991,
        1992,
        1993
      ]
    },
    "5 SERIES 535i 4DR SEDAN RWD": {
      "years": [
        2008,
        2009
      ]
    },
    "5 SERIES 535i XDRIVE 4DR SEDAN AWD": {
      "years": [
        2010
      ]
    },
    "5 SERIES TOURING 535i XDRIVE 4DR WAGON AWD": {
      "years": [
        2010
      ]
    },
    "5 SERIES 535i 4 DR SEDAN RWD": {
      "years": [
        2011,
        2012
      ]
    },
    "5 SERIES 535i xDrive 4 DR SEDAN AWD": {
      "years": [
        2011,
        2012,
        2013,
        2014
      ]
    },
    "5 SERIES 535i xDrive Gran Turismo 5DR SEDAN A": {
      "years": [
        2012,
        2013,
        2014
      ]
    },
    "5 SERIES 535i xDRIVE 4DR SEDAN AWD": {
      "years": [
        2015,
        2016
      ]
    },
    "5 SERIES 535i xDRIVE Gran Turismo 5DR SEDAN A": {
      "years": [
        2015
      ]
    }
  },
  "535i/535is": {},
  "535xi": {
    "5 SERIES TOURING 535xi 4DR WAGON AWD": {
      "years": [
        2008,
        2009
      ]
    }
  },
  "540d": {
    "5 SERIES 540d xDRIVE 4DR SEDAN": {
      "years": [
        2018
      ]
    }
  },
  "540i": {
    "540i 4DR SEDAN": {
      "years": [
        1994,
        1995,
        1996,
        1997,
        1998,
        1999,
        2000,
        2001,
        2002,
        2003
      ]
    },
    "540iT 4DR WAGON": {
      "years": [
        2000,
        2001,
        2002
      ]
    },
    "540i TOURING 4DR WAGON": {
      "years": [
        2003
      ]
    },
    "5 SERIES 540i 4DR SEDAN": {
      "years": [
        2017
      ]
    },
    "5 SERIES 540i xDRIVE 4DR SEDAN": {
      "years": [
        2017,
        2018,
        2019,
        2020,
        2021,
        2022,
        2023,
        2024
      ]
    }
  },
  "540iA": {
    "540iAT4DR WAGON": {
      "years": [
        1999
      ]
    }
  },
  "545i": {
    "545i 4DR SEDAN RWD": {
      "years": [
        2004,
        2005
      ]
    }
  },
  "550e": {
    "5-SERIES 550e xDRIVE 4DR SEDAN": {
      "years": [
        2024,
        2025
      ]
    }
  },
  "550i": {
    "550i 4DR SEDAN RWD": {
      "years": [
        2006,
        2007
      ]
    },
    "5 SERIES 550i 4DR SEDAN RWD": {
      "years": [
        2008,
        2009,
        2010,
        2015
      ]
    },
    "5 SERIES 550i Gran Turismo 4DR SEDAN RWD": {
      "years": [
        2010
      ]
    },
    "5 SERIES 550i 4 DR SEDAN RWD": {
      "years": [
        2011,
        2012,
        2013,
        2014
      ]
    },
    "5 SERIES 550i xDrive 4 DR SEDAN AWD": {
      "years": [
        2011,
        2012,
        2013,
        2014
      ]
    },
    "5 SERIES 550i xDrive Gran Turismo 5DR SEDAN A": {
      "years": [
        2012,
        2013,
        2014
      ]
    },
    "5 SERIES 550i xDRIVE 4DR SEDAN AWD": {
      "years": [
        2015,
        2016
      ]
    },
    "5 SERIES 550i xDRIVE Gran Turismo 5DR SEDAN A": {
      "years": [
        2015
      ]
    }
  },
  "633 csi": {
    "633 csi CP": {
      "years": [
        1981
      ]
    },
    "633 csi": {
      "years": [
        1982,
        1983,
        1984
      ]
    }
  },
  "635CSi": {
    "635 csi": {
      "years": [
        1985
      ]
    },
    "635 CSI": {
      "years": [
        1986
      ]
    },
    "635 CSI 2 DR COUPE": {
      "years": [
        1987,
        1988
      ]
    }
  },
  "640i": {
    "6 SERIES GRAN COUPE 640i xDRIVE 4DR SEDAN": {
      "years": [
        2015,
        2016,
        2017,
        2018
      ]
    },
    "6 SERIES GRAN TURISMO 640i xDRIVE 4DR SEDAN": {
      "years": [
        2019
      ]
    }
  },
  "640xi": {},
  "645Ci": {
    "645Ci 2DR CABRIOLET RWD": {
      "years": [
        2004,
        2005
      ]
    },
    "645Ci 2DR COUPE RWD": {
      "years": [
        2004,
        2005
      ]
    }
  },
  "645i": {},
  "650i": {
    "650i 2DR CABRIOLET RWD": {
      "years": [
        2006,
        2007
      ]
    },
    "650i 2DR COUPE RWD": {
      "years": [
        2006,
        2007
      ]
    },
    "6 SERIES 650i 2DR COUPE RWD": {
      "years": [
        2008,
        2009,
        2010,
        2011,
        2012
      ]
    },
    "6 SERIES CABRIOLET 650i 2DR RWD": {
      "years": [
        2008,
        2009,
        2010,
        2011
      ]
    },
    "6 SERIES  650i xDrive 2DR COUPE AWD": {
      "years": [
        2012,
        2013,
        2014
      ]
    },
    "6 SERIES CABRIOLET 650i 2DR CONV RWD": {
      "years": [
        2012
      ]
    },
    "6 SERIES CABRIOLET 650i xDrive 2DR CONV AWD": {
      "years": [
        2012,
        2013,
        2014
      ]
    },
    "6 SERIES GRAN COUPE 650i xDrive 4DR SEDAN": {
      "years": [
        2013,
        2014
      ]
    },
    "6 SERIES  650i xDRIVE 2DR COUPE AWD": {
      "years": [
        2015,
        2016,
        2017
      ]
    },
    "6 SERIES CABRIOLET 650i xDRIVE 2DR CONV AWD": {
      "years": [
        2015,
        2016,
        2017
      ]
    },
    "6 SERIES GRAN COUPE 650i xDRIVE 4DR SEDAN": {
      "years": [
        2015,
        2016,
        2017,
        2018
      ]
    },
    "6 SERIES 650i xDRIVE 2DR CABRIOLET": {
      "years": [
        2018
      ]
    },
    "6 SERIES 650i xDRIVE 2DR COUPE": {
      "years": [
        2018
      ]
    },
    "6 SERIES GRAN TURISMO 650i xDRIVE 4DR SEDAN": {
      "years": [
        2018
      ]
    }
  },
  "650i / ALPINA B6": {},
  "650i / B6": {},
  "650xi": {},
  "730i": {},
  "733i": {
    "733i SD": {
      "years": [
        1981
      ]
    },
    "733 i": {
      "years": [
        1982,
        1983,
        1984
      ]
    }
  },
  "735i": {
    "735 i": {
      "years": [
        1985
      ]
    },
    "735 I": {
      "years": [
        1986
      ]
    },
    "735 I 4 DR SEDAN": {
      "years": [
        1987,
        1988
      ]
    },
    "735i 4DR SEDAN": {
      "years": [
        1990,
        1991,
        1992
      ]
    }
  },
  "735iL": {
    "735IL 4DR SEDAN": {
      "years": [
        1989
      ]
    },
    "735iL 4DR SEDAN": {
      "years": [
        1990,
        1991,
        1992
      ]
    }
  },
  "740Li": {
    "7 SERIES 740Li xDRIVE 4DR SEDAN AWD": {
      "years": [
        2013,
        2014,
        2015
      ]
    }
  },
  "740e": {},
  "740i": {
    "740iA 4DR SEDAN": {
      "years": [
        1993
      ]
    },
    "740iAL 4DR SEDAN": {
      "years": [
        1993
      ]
    },
    "740i 4DR SEDAN": {
      "years": [
        1994,
        1995,
        1997,
        1998,
        1999,
        2000,
        2001
      ]
    },
    "7 SERIES 740i 4DR SEDAN": {
      "years": [
        2023,
        2024
      ]
    }
  },
  "740iL": {
    "740iL 4DR SEDAN": {
      "years": [
        1994,
        1995,
        1996,
        1997,
        1998,
        1999,
        2000,
        2001
      ]
    }
  },
  "745Le": {
    "7 SERIES 745Le xDRIVE 4DR SEDAN LWB": {
      "years": [
        2020,
        2021,
        2022
      ]
    }
  },
  "745Li": {
    "745Li 4DR SEDAN RWD": {
      "years": [
        2002,
        2003,
        2004,
        2005
      ]
    }
  },
  "745e": {},
  "745i": {
    "745i 4DR SEDAN RWD": {
      "years": [
        2002,
        2003,
        2004,
        2005
      ]
    }
  },
  "750Li": {
    "750Li 4DR SEDAN RWD": {
      "years": [
        2006,
        2007
      ]
    },
    "7 SERIES 750Li 4DR SEDAN RWD": {
      "years": [
        2008,
        2009,
        2010,
        2012
      ]
    },
    "7 SERIES 750Li XDRIVE 4DR SEDAN AWD": {
      "years": [
        2010,
        2011,
        2012,
        2013,
        2014
      ]
    },
    "7 SERIES 750Li xDRIVE 4DR SEDAN AWD": {
      "years": [
        2015
      ]
    },
    "7 SERIES 750Li xDRIVE 4DR SEDAN LWB": {
      "years": [
        2016,
        2017,
        2018,
        2019,
        2020,
        2021,
        2022
      ]
    }
  },
  "750Li / ALPINA B7": {},
  "750Lxi": {},
  "750Lxi / ALPINA B7": {},
  "750e": {},
  "750i": {
    "750i 4DR SEDAN RWD": {
      "years": [
        2006,
        2007
      ]
    },
    "7 SERIES 750i 4DR SEDAN RWD": {
      "years": [
        2008,
        2009,
        2010,
        2012
      ]
    },
    "7 SERIES 750i XDRIVE 4DR SEDAN AWD": {
      "years": [
        2010,
        2011,
        2012,
        2013,
        2014
      ]
    },
    "7 SERIES 750i xDRIVE 4DR SEDAN AWD": {
      "years": [
        2015
      ]
    },
    "7 SERIES 750i xDRIVE 4DR SEDAN SWB": {
      "years": [
        2016,
        2017,
        2018,
        2019,
        2020,
        2021,
        2022
      ]
    }
  },
  "750i / ALPINA B7": {},
  "750i / B7": {},
  "750iL": {
    "750IL": {
      "years": [
        1988,
        1989
      ]
    },
    "750iL 4DR SEDAN": {
      "years": [
        1990,
        1991,
        1992,
        1993,
        1994,
        1995,
        1996,
        1997,
        1998,
        1999,
        2000,
        2001
      ]
    }
  },
  "750xi": {},
  "750xi / ALPINA B7": {},
  "760Li": {
    "760Li 4DR SEDAN RWD": {
      "years": [
        2004,
        2005,
        2006,
        2007
      ]
    },
    "7 SERIES 760Li 4DR SEDAN RWD": {
      "years": [
        2008,
        2011,
        2012,
        2013,
        2014,
        2015
      ]
    }
  },
  "760i": {
    "7 SERIES 760i xDRIVE 4DR SEDAN": {
      "years": [
        2023,
        2024
      ]
    }
  },
  "840Ci": {
    "840Ci/850Ci 2DR COUPE": {
      "years": [
        1994,
        1995,
        1996
      ]
    },
    "840 Ci 2DR COUPE": {
      "years": [
        1997
      ]
    }
  },
  "840i": {},
  "850CSi": {},
  "850Ci": {
    "850ci 2DR COUPE": {
      "years": [
        1993
      ]
    },
    "850 Ci 2DR COUPE": {
      "years": [
        1997
      ]
    }
  },
  "850i": {
    "850i 2DR COUPE": {
      "years": [
        1990,
        1991,
        1992
      ]
    }
  },
  "ALPINA B8": {},
  "ActiveE": {},
  "ActiveHybrid 3": {
    "3 SERIES ACTIVEHYBRID 3 4DR SEDAN RWD": {
      "years": [
        2013,
        2014,
        2015
      ]
    }
  },
  "ActiveHybrid 5": {
    "5 SERIES ACTIVEHYBRID 5 4 DR SEDAN RWD": {
      "years": [
        2013,
        2014
      ]
    },
    "5 SERIES ACTIVEHYBRID 5 4DR SEDAN RWD": {
      "years": [
        2015
      ]
    }
  },
  "ActiveHybrid 7": {},
  "Alpina": {
    "7 SERIES ALPINA B7 SEDAN RWD": {
      "years": [
        2008
      ]
    },
    "6 SERIES GRAN COUPE ALPINA B6": {
      "years": [
        2017
      ]
    },
    "7 SERIES ALPINA B7": {
      "years": [
        2020,
        2021,
        2022
      ]
    }
  },
  "B7": {},
  "L7": {},
  "M2": {
    "M 2DR COUPE 3.2L": {
      "years": [
        1999
      ]
    },
    "M2 2DR COUPE RWD": {
      "years": [
        2017
      ]
    },
    "M2 2DR COUPE": {
      "years": [
        2018,
        2019,
        2020,
        2021,
        2022,
        2023,
        2024
      ]
    }
  },
  "M235i": {
    "2 SERIES M235i 2DR COUPE RWD": {
      "years": [
        2014,
        2015,
        2016,
        2017
      ]
    },
    "2 SERIES M235i 2DR CABRIOLET  RWD": {
      "years": [
        2015,
        2016,
        2017
      ]
    },
    "2 SERIES M235i xDRIVE 2DR COUPE AWD": {
      "years": [
        2015,
        2016,
        2017
      ]
    },
    "2 SERIES M235i xDRIVE 2DR CABRIOLET": {
      "years": [
        2017
      ]
    },
    "2 SERIES M235i xDRIVE GRAN COUPE": {
      "years": [
        2020,
        2021,
        2022,
        2023,
        2024
      ]
    }
  },
  "M240i": {
    "2 SERIES M240i 2DR CABRIOLET  RWD": {
      "years": [
        2018,
        2019,
        2020,
        2021
      ]
    },
    "2 SERIES M240i 2DR COUPE RWD": {
      "years": [
        2018,
        2019,
        2020,
        2021
      ]
    },
    "2 SERIES M240i xDRIVE 2DR CABRIOLET": {
      "years": [
        2018,
        2019,
        2020,
        2021
      ]
    },
    "2 SERIES M240i xDRIVE 2DR COUPE": {
      "years": [
        2018,
        2019,
        2020,
        2021,
        2022,
        2023,
        2024
      ]
    }
  },
  "M3": {
    "M3": {
      "years": [
        1988,
        1989
      ]
    },
    "M3 2DR SEDAN": {
      "years": [
        1990,
        1991
      ]
    },
    "M3 2DR COUPE": {
      "years": [
        1994,
        1997,
        1998,
        1999,
        2001,
        2002,
        2003,
        2004,
        2005,
        2006
      ]
    },
    "M3 4DR SEDAN": {
      "years": [
        1997,
        1998,
        2018,
        2019,
        2021,
        2022,
        2023,
        2024
      ]
    },
    "M3 2DR CABRIOLET": {
      "years": [
        2001,
        2002,
        2003,
        2004,
        2005,
        2006
      ]
    },
    "M3 2DR COUPE RWD": {
      "years": [
        2008,
        2009,
        2010,
        2011,
        2012,
        2013
      ]
    },
    "M3 4DR SEDAN RWD": {
      "years": [
        2008,
        2009,
        2010,
        2011,
        2015,
        2016,
        2017
      ]
    },
    "M3 2DR CONV RWD": {
      "years": [
        2010,
        2011,
        2012,
        2013
      ]
    }
  },
  "M340i": {
    "3-SERIES M340i xDRIVE 4DR SEDAN": {
      "years": [
        2019,
        2020,
        2021,
        2022,
        2023,
        2024
      ]
    }
  },
  "M3Ci": {},
  "M4": {
    "M4 2DR CABRIOLET RWD": {
      "years": [
        2015,
        2016,
        2017
      ]
    },
    "M4 2DR COUPE RWD": {
      "years": [
        2015,
        2016,
        2017
      ]
    },
    "M4 2DR CABRIOLET": {
      "years": [
        2018,
        2019,
        2020
      ]
    },
    "M4 2DR COUPE": {
      "years": [
        2018,
        2019,
        2020,
        2021,
        2022,
        2023,
        2024
      ]
    }
  },
  "M440i": {
    "4 SERIES M440i 2DR CABRIOLET": {
      "years": [
        2021,
        2022,
        2023,
        2024
      ]
    },
    "4 SERIES M440i xDRIVE 2DR COUPE": {
      "years": [
        2021,
        2022,
        2023,
        2024
      ]
    },
    "4 SERIES GRAN COUPE M440i xDRIVE 4DR SEDAN": {
      "years": [
        2022,
        2023,
        2024
      ]
    }
  },
  "M5": {
    "M5": {
      "years": [
        1988
      ]
    },
    "M5 4DR SEDAN": {
      "years": [
        1990,
        1991,
        1992,
        1993,
        1999,
        2000,
        2001,
        2002,
        2003,
        2018,
        2019,
        2020,
        2021,
        2022,
        2023,
        2024
      ]
    },
    "M540i 4DR SEDAN": {
      "years": [
        1995
      ]
    },
    "M5 4DR SEDAN RWD": {
      "years": [
        2005,
        2006,
        2007,
        2008,
        2009,
        2010,
        2015,
        2016
      ]
    },
    "M5 4 DR SEDAN RWD": {
      "years": [
        2012,
        2013,
        2014
      ]
    }
  },
  "M550i": {
    "5 SERIES M550i xDRIVE 4DR SEDAN": {
      "years": [
        2017,
        2018,
        2019,
        2020,
        2021,
        2022,
        2023,
        2024
      ]
    }
  },
  "M6": {
    "635 M6 2 DR COUPE": {
      "years": [
        1987
      ]
    },
    "M6 2 DR COUPE": {
      "years": [
        1988,
        1989
      ]
    },
    "M6 2DR COUPE RWD": {
      "years": [
        2006,
        2007,
        2013,
        2014,
        2015,
        2016,
        2017
      ]
    },
    "M6 CABRIOLET 2DR CONVERTIBLE RWD": {
      "years": [
        2007,
        2008,
        2009,
        2010
      ]
    },
    "M6 COUPE 2DR RWD": {
      "years": [
        2008,
        2009,
        2010
      ]
    },
    "M6 CABRIOLET 2DR CONV RWD": {
      "years": [
        2013,
        2014,
        2015,
        2016,
        2017
      ]
    },
    "M6 GRAN COUPE 4DR SEDAN": {
      "years": [
        2013,
        2014,
        2015,
        2016,
        2017,
        2018,
        2019
      ]
    },
    "M6 2DR CABRIOLET": {
      "years": [
        2018,
        2019
      ]
    },
    "M6 2DR COUPE": {
      "years": [
        2018,
        2019
      ]
    }
  },
  "M760Li": {
    "7 SERIES M760Li xDRIVE 4DR SEDAN LWB": {
      "years": [
        2018,
        2019,
        2020,
        2021,
        2022
      ]
    }
  },
  "M760i": {},
  "M8": {
    "M8 2DR CONVERTIBLE": {
      "years": [
        2020,
        2021,
        2022,
        2023,
        2024
      ]
    },
    "M8 2DR COUPE": {
      "years": [
        2020,
        2021,
        2022,
        2023,
        2024
      ]
    },
    "M8 GRAN COUPE": {
      "years": [
        2020,
        2021,
        2022,
        2023,
        2024
      ]
    }
  },
  "M850i": {},
  "X1": {
    "X1 xDrive28i 4DR SUV": {
      "years": [
        2012
      ]
    },
    "X1 xDRIVE28i 4DR SUV": {
      "years": [
        2013,
        2014,
        2015,
        2016,
        2017,
        2018,
        2019,
        2020,
        2021,
        2022
      ]
    },
    "X1 xDRIVE35i 4DR SUV": {
      "years": [
        2013,
        2014,
        2015
      ]
    },
    "X1 4DR SUV": {
      "years": [
        2023,
        2024
      ]
    }
  },
  "X2": {
    "X2 sDRIVE28i 4DR SUV FWD": {
      "years": [
        2018,
        2019
      ]
    },
    "X2 xDRIVE28i 4DR SUV AWD": {
      "years": [
        2018,
        2019,
        2020,
        2021,
        2022,
        2023
      ]
    },
    "X2 M35i 4DR SUV": {
      "years": [
        2020,
        2021,
        2022,
        2023
      ]
    },
    "X2 M35i xDRIVE 4DR SUV": {
      "years": [
        2024,
        2025
      ]
    },
    "X2 xDRIVE28i 4DR SUV": {
      "years": [
        2024,
        2025
      ]
    }
  },
  "X3": {
    "X3 4DR SUV AWD /2.5i": {
      "years": [
        2004,
        2005,
        2006
      ]
    },
    "X3 4DR SUV AWD /3.0i": {
      "years": [
        2004,
        2005,
        2006
      ]
    },
    "X3 4DR SUV AWD 3.0i/3.0si": {
      "years": [
        2007,
        2008,
        2009
      ]
    },
    "X3 4DR SUV AWD 28i/30i": {
      "years": [
        2010
      ]
    },
    "X3 xDrive28i 4 DR SUV": {
      "years": [
        2011,
        2012
      ]
    },
    "X3 xDrive35i 4 DR SUV": {
      "years": [
        2011,
        2012
      ]
    },
    "X3 xDRIVE28i 4 DR SUV": {
      "years": [
        2013,
        2014
      ]
    },
    "X3 xDRIVE35i 4 DR SUV": {
      "years": [
        2013,
        2014
      ]
    },
    "X3 xDRIVE28d 4DR SUV": {
      "years": [
        2015,
        2016
      ]
    },
    "X3 xDRIVE28i 4DR SUV": {
      "years": [
        2015,
        2016,
        2017
      ]
    },
    "X3 xDRIVE35i 4DR SUV": {
      "years": [
        2015,
        2016,
        2017
      ]
    },
    "X3 M40i 4DR SUV": {
      "years": [
        2018,
        2019,
        2020,
        2021,
        2022,
        2023,
        2024
      ]
    },
    "X3 xDRIVE30i 4DR SUV": {
      "years": [
        2018,
        2019,
        2020,
        2021,
        2022,
        2023,
        2024
      ]
    },
    "X3 xDRIVE30e PHEV 4DR SUV": {
      "years": [
        2020,
        2021,
        2022,
        2023,
        2024
      ]
    },
    "X3M 4DR SUV": {
      "years": [
        2020,
        2021,
        2022,
        2023,
        2024
      ]
    }
  },
  "X4": {
    "X4 xDRIVE28i 4DR SUV": {
      "years": [
        2015,
        2016,
        2017,
        2018
      ]
    },
    "X4 xDRIVE35i 4DR SUV": {
      "years": [
        2015,
        2016,
        2017,
        2018
      ]
    },
    "X4 M40i 4DR SUV": {
      "years": [
        2017,
        2018,
        2019,
        2020,
        2021,
        2022,
        2023,
        2024
      ]
    },
    "X4 xDRIVE30i 4DR SUV": {
      "years": [
        2019,
        2020,
        2021,
        2022,
        2023,
        2024
      ]
    },
    "X4M 4DR SUV": {
      "years": [
        2020,
        2021,
        2022,
        2023,
        2024
      ]
    }
  },
  "X5": {
    "X5 SUV": {
      "years": [
        2000
      ]
    },
    "X5 3.0i SUV": {
      "years": [
        2001,
        2002,
        2003
      ]
    },
    "X5 4.4i SUV": {
      "years": [
        2001
      ]
    },
    "X5 4.4i/ X5 4.6is SUV": {
      "years": [
        2002,
        2003
      ]
    },
    "X5 3.0i 4DR SUV AWD": {
      "years": [
        2004,
        2005,
        2006
      ]
    },
    "X5 4.4i 4DR SUV AWD": {
      "years": [
        2004,
        2005,
        2006
      ]
    },
    "X5 3.0si 4DR SUV AWD": {
      "years": [
        2007,
        2008,
        2009,
        2010
      ]
    },
    "X5 4.8i 4DR SUV AWD": {
      "years": [
        2007,
        2008,
        2009
      ]
    },
    "X5 4.8i/3.5D 4DR SUV AWD": {
      "years": [
        2010
      ]
    },
    "X5M 4DR SUV AWD": {
      "years": [
        2010,
        2011,
        2012,
        2013
      ]
    },
    "X5 xDrive35d 4DR SUV AWD": {
      "years": [
        2011,
        2012
      ]
    },
    "X5 xDrive35i 4DR SUV AWD": {
      "years": [
        2011,
        2012
      ]
    },
    "X5 xDrive50i 4DR SUV AWD": {
      "years": [
        2011,
        2012
      ]
    },
    "X5 xDRIVE35d 4DR SUV": {
      "years": [
        2013,
        2014,
        2015,
        2016,
        2017,
        2018
      ]
    },
    "X5 xDRIVE35i 4DR SUV": {
      "years": [
        2013,
        2014,
        2015,
        2016,
        2017,
        2018
      ]
    },
    "X5 xDRIVE50i 4DR SUV": {
      "years": [
        2013,
        2014,
        2015,
        2016,
        2017,
        2018,
        2019
      ]
    },
    "X5 xDRIVE35d THIRD ROW SEATING 4DR SUV": {
      "years": [
        2017,
        2018
      ]
    },
    "X5 xDRIVE35i THIRD ROW SEATING 4DR SUV": {
      "years": [
        2017,
        2018
      ]
    },
    "X5 xDRIVE40e 4DR SUV": {
      "years": [
        2017,
        2018
      ]
    },
    "X5 xDRIVE50i THIRD ROW SEATING 4DR SUV": {
      "years": [
        2017,
        2018
      ]
    },
    "X5M 4DR SUV": {
      "years": [
        2017,
        2018,
        2019,
        2020,
        2021,
        2022,
        2023,
        2024
      ]
    },
    "X5 xDRIVE40i 4DR SUV": {
      "years": [
        2019
      ]
    },
    "X5 M50i 4DR SUV": {
      "years": [
        2020,
        2021,
        2022,
        2023,
        2024
      ]
    },
    "X5 xDRIVE40i 5 SEAT 4DR SUV": {
      "years": [
        2020,
        2021,
        2022,
        2023,
        2024
      ]
    },
    "X5 xDRIVE40i 7 SEAT 4DR SUV": {
      "years": [
        2020,
        2021,
        2022,
        2023,
        2024
      ]
    },
    "X5 xDRIVE45e 4DR SUV": {
      "years": [
        2021,
        2022,
        2023,
        2024
      ]
    }
  },
  "X6": {
    "X6 4DR SUV": {
      "years": [
        2008
      ]
    },
    "X6 4DR SUV xDRIVE 350i": {
      "years": [
        2009
      ]
    },
    "X6 4DR SUV xDRIVE 35i": {
      "years": [
        2010
      ]
    },
    "X6 4DR SUV xDRIVE 50i": {
      "years": [
        2010
      ]
    },
    "X6M 4DR SUV AWD": {
      "years": [
        2010,
        2011,
        2012,
        2013,
        2014,
        2015,
        2016,
        2017,
        2018,
        2019
      ]
    },
    "X6 ActiveHybrid 4DR SUV": {
      "years": [
        2011,
        2012
      ]
    },
    "X6 xDRIVE 35i 4DR SUV": {
      "years": [
        2011,
        2012,
        2013,
        2014,
        2015,
        2016,
        2017,
        2018,
        2019
      ]
    },
    "X6 xDRIVE 50i 4DR SUV": {
      "years": [
        2011,
        2012,
        2013,
        2014,
        2015,
        2016,
        2017,
        2018,
        2019
      ]
    },
    "X6 M50i 4DR SUV": {
      "years": [
        2020,
        2021,
        2022,
        2023,
        2024
      ]
    },
    "X6 xDRIVE40i 4DR SUV": {
      "years": [
        2020,
        2021,
        2022,
        2023,
        2024
      ]
    },
    "X6M 4DR SUV": {
      "years": [
        2020,
        2021,
        2022,
        2023,
        2024
      ]
    }
  },
  "X7": {
    "X7 xDRIVE40i 4DR SUV": {
      "years": [
        2019,
        2020,
        2021,
        2022,
        2023,
        2024
      ]
    },
    "X7 xDRIVE50i 4DR SUV": {
      "years": [
        2019
      ]
    },
    "X7 M50i 4DR SUV": {
      "years": [
        2020,
        2021,
        2022
      ]
    },
    "X7 M60i 4DR SUV": {
      "years": [
        2023,
        2024
      ]
    }
  },
  "XM": {
    "XM 4DR SUV": {
      "years": [
        2023,
        2024
      ]
    }
  },
  "Z3": {
    "Z3 2DR ROADSTER": {
      "years": [
        1996
      ]
    },
    "Z3 1.9 ROADSTER": {
      "years": [
        1997,
        1998
      ]
    },
    "Z3 2.8 ROADSTER": {
      "years": [
        1997,
        1998,
        1999
      ]
    },
    "Z3 2.3 ROADSTER": {
      "years": [
        1999
      ]
    },
    "Z3 ROADSTER 2.3": {
      "years": [
        2000
      ]
    },
    "Z3 ROADSTER 2.8": {
      "years": [
        2000
      ]
    },
    "Z3 ROADSTER 2.5": {
      "years": [
        2001,
        2002
      ]
    },
    "Z3 ROADSTER 3.0": {
      "years": [
        2001,
        2002
      ]
    }
  },
  "Z4": {
    "Z4 2.5i 2DR CONV RWD": {
      "years": [
        2003,
        2004,
        2005,
        2006,
        2007
      ]
    },
    "Z4 3.0i 2DR CONV RWD": {
      "years": [
        2003,
        2004,
        2005,
        2006
      ]
    },
    "Z4 3.0i / 3.0si 2DR CONV RWD": {
      "years": [
        2007,
        2008
      ]
    },
    "Z4 M 2DR CONV RWD": {
      "years": [
        2008
      ]
    },
    "Z4 sDRIVE 2DR CONV RWD 23i/30i": {
      "years": [
        2009
      ]
    },
    "Z4 sDRIVE 2DR CONV RWD 35i": {
      "years": [
        2009,
        2010
      ]
    },
    "Z4 sDRIVE 2DR CONV RWD 30i": {
      "years": [
        2010
      ]
    },
    "Z4 sDRIVE30i 2DR CONV RWD": {
      "years": [
        2011,
        2012,
        2013
      ]
    },
    "Z4 sDRIVE35i/35is 2DR CONV RWD": {
      "years": [
        2011,
        2012,
        2013,
        2014,
        2015,
        2016,
        2017
      ]
    },
    "Z4 sDRIVE28i 2DR CONV RWD": {
      "years": [
        2014,
        2015,
        2016,
        2017
      ]
    },
    "Z4 2DR CONVERTIBLE": {
      "years": [
        2019
      ]
    },
    "Z4 M40i 2DR CONVERTIBLE": {
      "years": [
        2020,
        2021,
        2022,
        2023,
        2024
      ]
    },
    "Z4 sDRIVE30i 2DR CONVERTIBLE": {
      "years": [
        2020,
        2021,
        2022,
        2023,
        2024
      ]
    }
  },
  "Z8": {
    "Z8 ROADSTER 5.0": {
      "years": [
        2001,
        2002,
        2003,
        2004,
        2005
      ]
    }
  },
  "i3": {
    "i SERIES i3": {
      "years": [
        2014,
        2015,
        2016,
        2017,
        2018,
        2019,
        2020,
        2021
      ]
    },
    "i SERIES i3 RANGE EXTENDER": {
      "years": [
        2014,
        2015,
        2016,
        2017,
        2018,
        2019,
        2020,
        2021
      ]
    }
  },
  "i4": {
    "4 SERIES i4 GRAN COUPE 4DR SEDAN": {
      "years": [
        2022,
        2023,
        2024
      ]
    },
    "4 SERIES i4 M50 4DR SEDAN": {
      "years": [
        2022,
        2023,
        2024
      ]
    }
  },
  "i5": {
    "5-SERIES i5 M60 xDRIVE 4DR SEDAN": {
      "years": [
        2024,
        2025
      ]
    },
    "5-SERIES i5 xDRIVE40 4DR SEDAN": {
      "years": [
        2024,
        2025
      ]
    }
  },
  "i7": {
    "i7 4DR SEDAN": {
      "years": [
        2023,
        2024
      ]
    }
  },
  "i8": {
    "i SERIES i8": {
      "years": [
        2014,
        2015,
        2016,
        2017,
        2018,
        2019,
        2020,
        2021
      ]
    },
    "i SERIES i8 ROADSTER": {
      "years": [
        2018,
        2019,
        2020,
        2021
      ]
    }
  },
  "iX": {
    "iX M60 SERIES": {
      "years": [
        2022,
        2023,
        2024
      ]
    },
    "iX SERIES": {
      "years": [
        2022,
        2023,
        2024
      ]
    }
  }
}