{
  "Allure": {
    "ALLURE CX/CXL/CXS 4DR SEDAN FWD": {
      "years": [
        2005,
        2006,
        2007,
        2008,
        2009
      ]
    },
    "ALLURE SUPER 4DR SEDAN FWD": {
      "years": [
        2008,
        2009
      ]
    }
  },
  "Cascada": {
    "CASCADA": {
      "years": [
        2016,
        2017
      ]
    }
  },
  "Century": {
    "CENTURY 2 DR CP": {
      "years": [
        1981
      ]
    },
    "CENTURY 4 DR SD": {
      "years": [
        1981,
        1982
      ]
    },
    "CENTURY LTD. 2 DR CP": {
      "years": [
        1981,
        1982
      ]
    },
    "CENTURY LTD. 4 DR SD": {
      "years": [
        1981,
        1982
      ]
    },
    "CENTURY WAGON": {
      "years": [
        1981
      ]
    },
    "CENTURY CUST. 2 DR CP": {
      "years": [
        1982
      ]
    },
    "CENTURY & T-TYPE CP": {
      "years": [
        1983,
        1984
      ]
    },
    "CENTURY & T-TYPE SD": {
      "years": [
        1983,
        1984
      ]
    },
    "CENTURY CUST. & ESTATE WAG.": {
      "years": [
        1984
      ]
    },
    "CENTURY CUSTOM COUPE": {
      "years": [
        1985,
        1986
      ]
    },
    "CENTURY CUSTOM SEDAN": {
      "years": [
        1985,
        1986
      ]
    },
    "CENTURY CUSTOM WAGON": {
      "years": [
        1985,
        1986,
        1987
      ]
    },
    "CENTURY ESTATE WAGON": {
      "years": [
        1985,
        1986,
        1987,
        1988,
        1989
      ]
    },
    "CENTURY LIMITED COUPE": {
      "years": [
        1985,
        1986
      ]
    },
    "CENTURY LIMITED SEDAN": {
      "years": [
        1985,
        1986
      ]
    },
    "CENTURY T-TYPE COUPE": {
      "years": [
        1985
      ]
    },
    "CENTURY T-TYPE SEDAN": {
      "years": [
        1985,
        1986
      ]
    },
    "CENTURY CUSTOM 2 DR COUPE": {
      "years": [
        1987,
        1988,
        1989
      ]
    },
    "CENTURY CUSTOM 4 DR SEDAN": {
      "years": [
        1987
      ]
    },
    "CENTURY LIMITED 2 DR COUPE": {
      "years": [
        1987
      ]
    },
    "CENTURY LIMITED 4 DR SEDAN": {
      "years": [
        1987
      ]
    },
    "CENTURY CUSTOM/LIMITED 4DR SEDAN": {
      "years": [
        1988,
        1989,
        1990,
        1991,
        1992,
        1993
      ]
    },
    "CENTURY CUSTOM ESTATE WAGON": {
      "years": [
        1990,
        1991
      ]
    },
    "CENTURY CUSTOM/LIMITED WAGON": {
      "years": [
        1992,
        1993
      ]
    },
    "CENTURY 4DR SEDAN CUSTOM/SPECIAL": {
      "years": [
        1994,
        1995,
        1996
      ]
    },
    "CENTURY 4DR WAGON SPECIAL": {
      "years": [
        1994,
        1995,
        1996
      ]
    },
    "CENTURY 4DR SEDAN CUSTOM/LIMITED": {
      "years": [
        1997,
        1998,
        1999,
        2000,
        2001,
        2002,
        2003
      ]
    },
    "CENTURY 4DR SEDAN FWD": {
      "years": [
        2004,
        2005
      ]
    }
  },
  "Coachbuilder": {},
  "Electra": {
    "ELECTRA LTD. 2 DR CP": {
      "years": [
        1981,
        1982
      ]
    },
    "ELECTRA LTD. 4 DR SD": {
      "years": [
        1981,
        1982
      ]
    },
    "ELECTRA PARKAVE 2 DR CP": {
      "years": [
        1981,
        1982
      ]
    },
    "ELECTRA PARKAVE 4 DR": {
      "years": [
        1981
      ]
    },
    "ELECTRA WAGON": {
      "years": [
        1981
      ]
    },
    "ELECTRA EST. WAGON 4 DR": {
      "years": [
        1982
      ]
    },
    "ELECTRA PARKAVE 4 DR SD": {
      "years": [
        1982
      ]
    },
    "ELECTRA EST. WAGON": {
      "years": [
        1983,
        1984
      ]
    },
    "ELECTRA LTD. & PARKAVE CP": {
      "years": [
        1983,
        1984
      ]
    },
    "ELECTRA LTD. & PARKAVE SD": {
      "years": [
        1983,
        1984
      ]
    },
    "ELECTRA COUPE (BASE)": {
      "years": [
        1985,
        1986
      ]
    },
    "ELECTRA ESTATE WAGON": {
      "years": [
        1985,
        1986,
        1987,
        1988,
        1989
      ]
    },
    "ELECTRA PARK AVENUE COUPE": {
      "years": [
        1985,
        1986
      ]
    },
    "ELECTRA PARK AVENUE SEDAN": {
      "years": [
        1985,
        1986
      ]
    },
    "ELECTRA SEDAN (BASE)": {
      "years": [
        1985,
        1986
      ]
    },
    "ELECTRA T-TYPE COUPE": {
      "years": [
        1985,
        1986
      ]
    },
    "ELECTRA T-TYPE SEDAN": {
      "years": [
        1985,
        1986
      ]
    },
    "ELECTRA 4 DR SEDAN": {
      "years": [
        1987
      ]
    },
    "ELECTRA PARK AVENUE 2 DR COUPE": {
      "years": [
        1987
      ]
    },
    "ELECTRA PARK AVENUE 4 DR SEDAN": {
      "years": [
        1987,
        1988
      ]
    },
    "ELECTRA T-TYPE 4 DR SEDAN": {
      "years": [
        1987
      ]
    },
    "ELECTRA PARK AVENUE ULTRA SEDAN": {
      "years": [
        1989
      ]
    },
    "ELECTRA PARK AVENUE BASE/ULTRA 4DR SEDAN": {
      "years": [
        1990
      ]
    }
  },
  "Enclave": {
    "ENCLAVE 4DR SUV FWD CX/CXL": {
      "years": [
        2007,
        2008,
        2009,
        2010,
        2011,
        2012
      ]
    },
    "ENCLAVE 4DR SUV AWD CX/CXL": {
      "years": [
        2010,
        2011,
        2012
      ]
    },
    "ENCLAVE 4DR SUV AWD BASE/LEATHER/PREMIUM": {
      "years": [
        2013,
        2014
      ]
    },
    "ENCLAVE 4DR SUV FWD BASE/LEATHER/PREMIUM": {
      "years": [
        2013,
        2014
      ]
    },
    "ENCLAVE 4DR SUV AWD": {
      "years": [
        2015,
        2016,
        2017,
        2018,
        2019,
        2020,
        2021,
        2022,
        2023,
        2024
      ]
    },
    "ENCLAVE 4DR SUV FWD": {
      "years": [
        2015,
        2016,
        2017,
        2018,
        2019,
        2020,
        2021,
        2022,
        2023,
        2024
      ]
    }
  },
  "Encore": {
    "ENCORE 4DR SUV AWD": {
      "years": [
        2013,
        2014,
        2015,
        2016,
        2017,
        2018,
        2019,
        2020,
        2021,
        2022,
        2023,
        2024
      ]
    },
    "ENCORE 4DR SUV FWD": {
      "years": [
        2013,
        2014,
        2015,
        2016,
        2017,
        2018,
        2019,
        2020,
        2021,
        2022,
        2023,
        2024
      ]
    }
  },
  "Encore GX": {
    "ENCORE GX 4DR SUV AWD": {
      "years": [
        2020,
        2021,
        2022,
        2023,
        2024
      ]
    },
    "ENCORE GX 4DR SUV FWD": {
      "years": [
        2020,
        2021,
        2022,
        2023,
        2024
      ]
    }
  },
  "Envision": {
    "ENVISION 4DR SUV": {
      "years": [
        2016
      ]
    },
    "ENVISION 4DR SUV AWD": {
      "years": [
        2017,
        2018,
        2019
      ]
    },
    "ENVISION 2.0L 4DR SUV AWD": {
      "years": [
        2020
      ]
    },
    "ENVISION 2.5L 4DR SUV AWD": {
      "years": [
        2020
      ]
    },
    "ENVISION SUV AWD": {
      "years": [
        2021,
        2022,
        2023,
        2024
      ]
    },
    "ENVISION SUV FWD": {
      "years": [
        2021,
        2022,
        2023,
        2024
      ]
    }
  },
  "Envista": {
    "ENVISTA 4DR SUV": {
      "years": [
        2024,
        2025
      ]
    }
  },
  "Incomplete": {},
  "LaCrosse": {
    "LACROSSE 4DR SEDAN CX/CXL/CXS FWD": {
      "years": [
        2010
      ]
    },
    "LACROSSE 4DR SEDAN CXL AWD": {
      "years": [
        2010,
        2011
      ]
    },
    "LACROSSE 4DR SEDAN CX FWD": {
      "years": [
        2011
      ]
    },
    "LACROSSE 4DR SEDAN CXL/CXS FWD": {
      "years": [
        2011
      ]
    },
    "LACROSSE 4DR SEDAN AWD": {
      "years": [
        2012,
        2017,
        2018,
        2019,
        2020
      ]
    },
    "LACROSSE 4DR SEDAN eAssist": {
      "years": [
        2012,
        2013,
        2014
      ]
    },
    "LACROSSE 4DR SEDAN FWD": {
      "years": [
        2012,
        2017,
        2018,
        2019,
        2020
      ]
    },
    "LACROSSE 4DR SEDAN V-6 AWD": {
      "years": [
        2013,
        2014,
        2015,
        2016
      ]
    },
    "LACROSSE 4DR SEDAN V-6 FWD": {
      "years": [
        2013,
        2014,
        2015,
        2016
      ]
    },
    "LACROSSE 4DR SEDAN I4 FWD": {
      "years": [
        2015,
        2016
      ]
    }
  },
  "LeSabre": {
    "LE SABRE 2 DR CP": {
      "years": [
        1981,
        1982
      ]
    },
    "LE SABRE 4 DR SD": {
      "years": [
        1981,
        1982
      ]
    },
    "LE SABRE LTD. 2 DR CP": {
      "years": [
        1981,
        1982
      ]
    },
    "LE SABRE LTD. 4 DR SD": {
      "years": [
        1981,
        1982
      ]
    },
    "LE SABRE WAGON": {
      "years": [
        1981
      ]
    },
    "LE SABRE EST. WAGON": {
      "years": [
        1982
      ]
    },
    "LE SABRE CUST. & LTD. CP": {
      "years": [
        1983,
        1984
      ]
    },
    "LE SABRE CUST. LTD. SD": {
      "years": [
        1983,
        1984
      ]
    },
    "LESABRE CUSTOM COUPE": {
      "years": [
        1985,
        1986
      ]
    },
    "LESABRE CUSTOM SEDAN": {
      "years": [
        1985,
        1986
      ]
    },
    "LESABRE ESTATE WAGON": {
      "years": [
        1985,
        1986,
        1987
      ]
    },
    "LESABRE LIMITED COUPE": {
      "years": [
        1985,
        1986
      ]
    },
    "LESABRE LIMITED SEDAN": {
      "years": [
        1985,
        1986
      ]
    },
    "LESABRE CUSTOM 2 DR COUPE": {
      "years": [
        1987
      ]
    },
    "LESABRE CUSTOM 4 DR SEDAN": {
      "years": [
        1987
      ]
    },
    "LESABRE LIMITED 2 DR COUPE": {
      "years": [
        1987
      ]
    },
    "LESABRE LIMITED 4 DR SEDAN": {
      "years": [
        1987
      ]
    },
    "LESABRE T-TYPE 2 DR COUPE": {
      "years": [
        1987
      ]
    },
    "LESABRE CUSTOM/LIMITED 4 DR SEDAN": {
      "years": [
        1988,
        1989
      ]
    },
    "LESABRE LIMITED/T-TYPE COUPE": {
      "years": [
        1988,
        1989
      ]
    },
    "LESABRE CUSTOM/LIMITED 4DR SEDAN": {
      "years": [
        1990,
        1991,
        1992,
        1993
      ]
    },
    "LESABRE 4DR SEDAN CUSTOM/LIMITED": {
      "years": [
        1994,
        1995,
        1997,
        1998,
        1999,
        2000,
        2001,
        2002,
        2003,
        2004,
        2005
      ]
    }
  },
  "Lucerne": {
    "LUCERNE CX 4DR SEDAN FWD": {
      "years": [
        2006,
        2007,
        2008,
        2009,
        2010
      ]
    },
    "LUCERNE CXL/CXS 4DR SEDAN FWD": {
      "years": [
        2006,
        2007
      ]
    },
    "LUCERNE CXL/CXS/SUPER 4DR SEDAN FWD": {
      "years": [
        2008,
        2009
      ]
    },
    "LUCERNE CXL/SUPER 4DR SEDAN FWD": {
      "years": [
        2010
      ]
    },
    "LUCERNE 4DR SEDAN FWD CX/CXL": {
      "years": [
        2011
      ]
    },
    "LUCERNE 4DR SEDAN FWD SUPER": {
      "years": [
        2011
      ]
    }
  },
  "Park Avenue": {
    "PARK AVENUE BASE/ULTRA 4DR SEDAN": {
      "years": [
        1991,
        1992,
        1993
      ]
    },
    "PARK AVENUE 4DR SEDAN BASE/ULTRA": {
      "years": [
        1994,
        1995,
        1996
      ]
    },
    "PARK AVENUE 4DR SEDAN BASE": {
      "years": [
        1997,
        1998,
        1999,
        2000,
        2001,
        2002,
        2003,
        2004,
        2005
      ]
    },
    "PARK AVENUE 4DR SEDAN ULTRA": {
      "years": [
        1997,
        1998,
        1999,
        2000,
        2001,
        2002,
        2003,
        2004,
        2005
      ]
    }
  },
  "Rainier": {
    "RAINIER CXL 4DR SUV AWD": {
      "years": [
        2004,
        2005
      ]
    },
    "RAINIER  4DR SUV AWD": {
      "years": [
        2006,
        2007
      ]
    }
  },
  "Reatta": {
    "REATTA 2 DR COUPE": {
      "years": [
        1989
      ]
    },
    "REATTA 2DR COUPE": {
      "years": [
        1990,
        1991
      ]
    },
    "REATTA CONVERTIBLE": {
      "years": [
        1990,
        1991
      ]
    }
  },
  "Regal": {
    "REGAL 2 DR CP": {
      "years": [
        1981,
        1982
      ]
    },
    "REGAL 4 DR SD": {
      "years": [
        1981,
        1982
      ]
    },
    "REGAL EST. 4 DR WAGON": {
      "years": [
        1981
      ]
    },
    "REGAL LTD. 2 DR CP": {
      "years": [
        1981,
        1982
      ]
    },
    "REGAL LTD. 4 DR SD": {
      "years": [
        1981,
        1982
      ]
    },
    "REGAL SPT 2 DR CP": {
      "years": [
        1981
      ]
    },
    "REGAL EST. 4 DR SD": {
      "years": [
        1982
      ]
    },
    "REGAL SPT. 2 DR CP": {
      "years": [
        1982
      ]
    },
    "REGAL & LTD. SD": {
      "years": [
        1983,
        1984
      ]
    },
    "REGAL & T-TYPE CP": {
      "years": [
        1983,
        1984
      ]
    },
    "REGAL COUPE (BASE)": {
      "years": [
        1985,
        1986
      ]
    },
    "REGAL LIMITED COUPE": {
      "years": [
        1985,
        1986
      ]
    },
    "REGAL T-TYPE COUPE": {
      "years": [
        1985,
        1986
      ]
    },
    "REGAL 2 DR COUPE": {
      "years": [
        1987
      ]
    },
    "REGAL GRAND NATIONAL 2 DR COUPE": {
      "years": [
        1987
      ]
    },
    "REGAL LIMITED 2 DR COUPE": {
      "years": [
        1987
      ]
    },
    "REGAL CUSTOM/LIMITED 2 DR COUPE": {
      "years": [
        1988,
        1989
      ]
    },
    "REGAL CUSTOM/LIMITED 2DR COUPE": {
      "years": [
        1990
      ]
    },
    "REGAL CUSTOM/LIMITED 4DR SEDAN": {
      "years": [
        1990
      ]
    },
    "REGAL CUSTOM/LTD/GRAN SPORT COUPE 2DR": {
      "years": [
        1991,
        1992,
        1993
      ]
    },
    "REGAL CUSTOM/LTD/GRAN SPORT COUPE 4DR": {
      "years": [
        1991
      ]
    },
    "REGAL CUSTOM/LTD/GRAN SPORT SEDAN 4DR": {
      "years": [
        1992,
        1993
      ]
    },
    "REGAL 2DR COUPE CUSTOM/LTD/GRAN SPORT": {
      "years": [
        1994,
        1995,
        1996
      ]
    },
    "REGAL 4DR SEDAN CUSTOM/LTD/GRAN SPORT": {
      "years": [
        1994,
        1995,
        1996
      ]
    },
    "REGAL 4DR SEDAN LS/GS": {
      "years": [
        1997,
        1998,
        1999,
        2000,
        2001,
        2002,
        2003,
        2004
      ]
    },
    "REGAL 4DR SEDAN CXL/CXL TURBO": {
      "years": [
        2011
      ]
    },
    "REGAL 4DR SEDAN BASE/eAssist": {
      "years": [
        2012,
        2013
      ]
    },
    "REGAL 4DR SEDAN TURBO/GS": {
      "years": [
        2012,
        2013,
        2014,
        2015,
        2016
      ]
    },
    "REGAL 4DR SEDAN eAssist": {
      "years": [
        2014,
        2015,
        2016
      ]
    },
    "REGAL 4DR SEDAN AWD": {
      "years": [
        2017
      ]
    },
    "REGAL 4DR SEDAN FWD": {
      "years": [
        2017
      ]
    },
    "REGAL SPORTBACK": {
      "years": [
        2018,
        2019,
        2020
      ]
    }
  },
  "Regal TourX": {
    "REGAL TOUR X WAGON": {
      "years": [
        2018,
        2019,
        2020
      ]
    }
  },
  "Rendezvous": {
    "RENDEZVOUS 4DR SUV CX AWD/CXL AWD": {
      "years": [
        2002
      ]
    },
    "RENDEZVOUS 4DR SUV FWD CX": {
      "years": [
        2002
      ]
    },
    "RENDEZVOUS CX/CX Plus/CXL/CXL Plus 4DR SUV FW": {
      "years": [
        2003
      ]
    },
    "RENDEZVOUS CX/CX Plus/CXL/CXL Plus/Ultra 4DR": {
      "years": [
        2004,
        2005,
        2006,
        2007
      ]
    }
  },
  "Riviera": {
    "RIVIERA": {
      "years": [
        1981,
        1982
      ]
    },
    "RIVIERA & T-TYPE CP": {
      "years": [
        1983,
        1984
      ]
    },
    "RIVIERA CONV.": {
      "years": [
        1983,
        1984
      ]
    },
    "RIVIERA CONVERTIBLE": {
      "years": [
        1985
      ]
    },
    "RIVIERA COUPE (BASE)": {
      "years": [
        1985,
        1986
      ]
    },
    "RIVIERA T-TYPE COUPE": {
      "years": [
        1985,
        1986
      ]
    },
    "RIVIERA 2 DR COUPE": {
      "years": [
        1987,
        1988,
        1989
      ]
    },
    "RIVIERA T-TYPE 2 DR COUPE": {
      "years": [
        1987
      ]
    },
    "RIVIERA 2DR COUPE": {
      "years": [
        1990,
        1991,
        1992,
        1993,
        1995,
        1996,
        1997,
        1998
      ]
    }
  },
  "Roadmaster": {
    "ROADMASTER BASE/LIMITED 4DR SEDAN": {
      "years": [
        1991,
        1992,
        1993
      ]
    },
    "ROADMASTER EASTATE WAGON": {
      "years": [
        1991,
        1992,
        1993
      ]
    },
    "ROADMASTER 4DR SEDAN BASE/LIMITED": {
      "years": [
        1994,
        1995,
        1996
      ]
    },
    "ROADMASTER ESTATE WAGON": {
      "years": [
        1994,
        1995,
        1996
      ]
    }
  },
  "Skyhawk": {
    "SKYHAWK 2 DR CP": {
      "years": [
        1981,
        1981,
        1982
      ]
    },
    "SKYHAWK 4 DR SD": {
      "years": [
        1981,
        1981,
        1982
      ]
    },
    "SKYHAWK 2 DR CP LTD.": {
      "years": [
        1982
      ]
    },
    "SKYHAWK 4 DR SD LTD.": {
      "years": [
        1982
      ]
    },
    "SKYHAWK & T-TYPE CP": {
      "years": [
        1983,
        1984
      ]
    },
    "SKYHAWK CUST. & LTD. SD": {
      "years": [
        1983,
        1984
      ]
    },
    "SKYHAWK CUST. LTD. WAG": {
      "years": [
        1983
      ]
    },
    "SKYHAWK CUST. LTD. WAG.": {
      "years": [
        1984
      ]
    },
    "SKYHAWK 2 DR COUPE": {
      "years": [
        1985
      ]
    },
    "SKYHAWK 2 DR LIMITED": {
      "years": [
        1985
      ]
    },
    "SKYHAWK 2 DR T-TYPE": {
      "years": [
        1985
      ]
    },
    "SKYHAWK 4 DR CUSTOM": {
      "years": [
        1985
      ]
    },
    "SKYHAWK CUSTOM WAGON": {
      "years": [
        1985,
        1986,
        1987,
        1988
      ]
    },
    "SKYHAWK LIMITED SEDAN": {
      "years": [
        1985,
        1986
      ]
    },
    "SKYHAWK LIMITED WAGON": {
      "years": [
        1985,
        1986,
        1987
      ]
    },
    "SKYHAWK COUPE CUSTOM": {
      "years": [
        1986
      ]
    },
    "SKYHAWK COUPE LIMITED": {
      "years": [
        1986
      ]
    },
    "SKYHAWK COUPE T-TYPE": {
      "years": [
        1986
      ]
    },
    "SKYHAWK CUSTOM SEDAN": {
      "years": [
        1986
      ]
    },
    "SKYHAWK HATCHBACK COUPE SPORT": {
      "years": [
        1986
      ]
    },
    "SKYHAWK HATCHBACK COUPE T-TYPE": {
      "years": [
        1986
      ]
    },
    "SKYHAWK CUSTOM 2 DR COUPE": {
      "years": [
        1987
      ]
    },
    "SKYHAWK CUSTOM 4 DR SEDAN": {
      "years": [
        1987
      ]
    },
    "SKYHAWK LIMITED 2 DR COUPE": {
      "years": [
        1987
      ]
    },
    "SKYHAWK LIMITED 4 DR SEDAN": {
      "years": [
        1987
      ]
    },
    "SKYHAWK SPORT COUPE 2 DR HATCHBACK": {
      "years": [
        1987
      ]
    },
    "SKYHAWK CUSTOM  2 DR COUPE": {
      "years": [
        1988
      ]
    },
    "SKYHAWK CUSTOM  4 DR SEDAN": {
      "years": [
        1988
      ]
    }
  },
  "Skylark": {
    "SKYLARK 2 DR CP": {
      "years": [
        1981,
        1982
      ]
    },
    "SKYLARK 4 DR SD": {
      "years": [
        1981,
        1982
      ]
    },
    "SKYLARK LTD. 2 DR CP": {
      "years": [
        1981,
        1982
      ]
    },
    "SKYLARK LTD. 4 DR SD": {
      "years": [
        1981,
        1982
      ]
    },
    "SKYLARK SPT 2 DR CP": {
      "years": [
        1981
      ]
    },
    "SKYLARK SPT. 2 DR CP": {
      "years": [
        1982
      ]
    },
    "SKYLARK SPT. 4 DR SD": {
      "years": [
        1982
      ]
    },
    "SKYLARK & T-TYPE CP": {
      "years": [
        1983,
        1984
      ]
    },
    "SKYLARK CUST. & LTD. SD": {
      "years": [
        1983,
        1984
      ]
    },
    "SKYLARK CUSTOM": {
      "years": [
        1985
      ]
    },
    "SKYLARK LIMITED SEDAN": {
      "years": [
        1985
      ]
    },
    "SKYLARK CUSTOM 4 DR SEDAN": {
      "years": [
        1987
      ]
    },
    "SKYLARK LIMITED 4 DR SEDAN": {
      "years": [
        1987
      ]
    },
    "SKYLARK CUSTOM/ LIMITED 4DR SEDAN": {
      "years": [
        1988,
        1989
      ]
    },
    "SKYLARK CUSTOM/ LIMITED COUPE": {
      "years": [
        1988,
        1989
      ]
    },
    "SKYLARK CUSTOM/GRAN SPORT 2DR COUPE": {
      "years": [
        1990,
        1991
      ]
    },
    "SKYLARK CUSTOM/LIMITED 4DR SEDAN": {
      "years": [
        1990
      ]
    },
    "SKYLARK CUSTOM/LUXURY EDITION 4DR SEDAN": {
      "years": [
        1991
      ]
    },
    "SKYLARK /GRAN SPORT 2DR COUPE": {
      "years": [
        1992,
        1993
      ]
    },
    "SKYLARK /GRAN SPORT 4DR SEDAN": {
      "years": [
        1992,
        1993
      ]
    },
    "SKYLARK 2DR COUPE CUSTOM/GRAN SPORT": {
      "years": [
        1994
      ]
    },
    "SKYLARK 4DR SEDAN CUSTOM/LTD/GRAN SPORT": {
      "years": [
        1994,
        1995,
        1996,
        1997,
        1998
      ]
    },
    "SKYLARK 2DR COUPE CUSTOM/LTD/GRAN SPORT": {
      "years": [
        1995,
        1996,
        1997
      ]
    }
  },
  "Somerset": {
    "SOMERSET REGAL (BASE)": {
      "years": [
        1985
      ]
    },
    "SOMERSET REGAL LIMITED COUPE": {
      "years": [
        1985
      ]
    },
    "SOMERSET (BASE)": {
      "years": [
        1986
      ]
    },
    "SOMERSET LIMITED  COUPE": {
      "years": [
        1986
      ]
    },
    "SOMERSET T-TYPE COUPE": {
      "years": [
        1986
      ]
    },
    "SOMERSET CUSTOM 2 DR COUPE": {
      "years": [
        1987
      ]
    },
    "SOMERSET LIMITED 2 DR COUPE": {
      "years": [
        1987
      ]
    }
  },
  "Terraza": {
    "TERRAZA CX/CXL 4DR VAN FWD": {
      "years": [
        2005,
        2006,
        2007
      ]
    }
  },
  "Verano": {
    "VERANO 4DR SEDAN": {
      "years": [
        2012
      ]
    },
    "VERANO 4DR SEDAN BASE/TURBO": {
      "years": [
        2013,
        2014,
        2015,
        2016,
        2017
      ]
    }
  }
}