{
  "60 Special": {},
  "ATS": {
    "ATS 4DR SEDAN BASE RWD": {
      "years": [
        2013,
        2014,
        2015,
        2016
      ]
    },
    "ATS 4DR SEDAN TURBO/3.6L V6 AWD": {
      "years": [
        2013,
        2014,
        2015,
        2016,
        2017,
        2018,
        2019
      ]
    },
    "ATS 4DR SEDAN TURBO/3.6L V6 RWD": {
      "years": [
        2013,
        2014,
        2015,
        2016,
        2017,
        2018,
        2019
      ]
    },
    "ATS 2DR COUPE 2.0L AWD": {
      "years": [
        2015,
        2016,
        2017,
        2018,
        2019
      ]
    },
    "ATS 2DR COUPE 2.0L RWD": {
      "years": [
        2015,
        2016,
        2017,
        2018,
        2019
      ]
    },
    "ATS 2DR COUPE 3.6L AWD": {
      "years": [
        2015,
        2016,
        2017,
        2018,
        2019
      ]
    },
    "ATS 2DR COUPE 3.6L RWD": {
      "years": [
        2015,
        2016,
        2017,
        2018,
        2019
      ]
    },
    "ATS-V 2DR COUPE RWD": {
      "years": [
        2016,
        2017,
        2018,
        2019
      ]
    },
    "ATS-V 4DR SEDAN RWD": {
      "years": [
        2016,
        2017,
        2018,
        2019
      ]
    }
  },
  "Allante": {
    "ALLANTE CONVERTIBLE/COUPE": {
      "years": [
        1987
      ]
    },
    "ALLANTE CONVERTIBLE COUPE": {
      "years": [
        1988,
        1989
      ]
    },
    "ALLANTE CONVERTIBLE": {
      "years": [
        1990
      ]
    },
    "ALLANTE CONVERTIBLE/HARDTOP": {
      "years": [
        1991,
        1992,
        1993
      ]
    }
  },
  "Brougham": {
    "BROUGHAM COUPE": {
      "years": [
        1985
      ]
    },
    "BROUGHAM SEDAN": {
      "years": [
        1985,
        1986
      ]
    },
    "BROUGHAM 4 DR SEDAN": {
      "years": [
        1987,
        1988,
        1989
      ]
    },
    "BROUGHAM 4DR SEDAN": {
      "years": [
        1990,
        1992
      ]
    },
    "BROUGHAM/BROUGHAM d'ELEGANCE 4DR SEDAN": {
      "years": [
        1991
      ]
    }
  },
  "CT4": {
    "CT4 2.0L 4DR SEDAN AWD": {
      "years": [
        2020,
        2021,
        2022,
        2023,
        2024
      ]
    },
    "CT4 2.0L 4DR SEDAN RWD": {
      "years": [
        2020,
        2021,
        2022,
        2023,
        2024
      ]
    },
    "CT4 2.7L / V-SERIES 4DR SEDAN AWD": {
      "years": [
        2020,
        2021,
        2022,
        2023,
        2024
      ]
    },
    "CT4 2.7L / V-SERIES 4DR SEDAN RWD": {
      "years": [
        2020,
        2021,
        2022,
        2023,
        2024
      ]
    },
    "CT4-V BLACKWING 4DR SEDAN RWD": {
      "years": [
        2022,
        2023,
        2024
      ]
    }
  },
  "CT5": {
    "CT5 4DR SEDAN AWD": {
      "years": [
        2020,
        2021,
        2022,
        2023,
        2024
      ]
    },
    "CT5 4DR SEDAN RWD": {
      "years": [
        2020,
        2021,
        2022,
        2023,
        2024
      ]
    },
    "CT5 V-SERIES 4DR SEDAN AWD": {
      "years": [
        2020,
        2021,
        2022,
        2023,
        2024
      ]
    },
    "CT5 V-SERIES 4DR SEDAN RWD": {
      "years": [
        2020,
        2021,
        2022,
        2023,
        2024
      ]
    },
    "CT5-V BLACKWING 4DR SEDAN RWD": {
      "years": [
        2022,
        2023,
        2024
      ]
    }
  },
  "CT6": {
    "CT6 2.0L 4DR SEDAN": {
      "years": [
        2016,
        2017,
        2018
      ]
    },
    "CT6 3.0L TWIN TURBO AWD 4DR SEDAN": {
      "years": [
        2016,
        2017,
        2018
      ]
    },
    "CT6 3.0L TWIN TURBO AWD PLATINUM 4DR SEDAN": {
      "years": [
        2016,
        2017,
        2018
      ]
    },
    "CT6 3.6L AWD 4DR SEDAN": {
      "years": [
        2016,
        2017,
        2018
      ]
    },
    "CT6 3.6L AWD PLATINUM 4DR SEDAN": {
      "years": [
        2016,
        2017,
        2018
      ]
    },
    "CT6 LUXURY AWD 4DR SEDAN": {
      "years": [
        2019,
        2020
      ]
    },
    "CT6 PLATINUM AWD 4DR SEDAN": {
      "years": [
        2019,
        2020
      ]
    },
    "CT6 PREMIUM LUXURY AWD 4DR SEDAN": {
      "years": [
        2019,
        2020
      ]
    },
    "CT6 SPORT AWD 4DR SEDAN": {
      "years": [
        2019
      ]
    },
    "CT6 V-SERIES AWD 4DR SEDAN": {
      "years": [
        2020
      ]
    }
  },
  "CTS": {
    "CTS Deluxe/Sport": {
      "years": [
        2003
      ]
    },
    "CTS 4DR SEDAN RWD /Deluxe/Sport": {
      "years": [
        2004,
        2005,
        2006,
        2007
      ]
    },
    "CTS-V 4DR SEDAN RWD": {
      "years": [
        2004,
        2005,
        2006,
        2007,
        2010,
        2011,
        2012,
        2013,
        2016,
        2017,
        2018,
        2019,
        2020
      ]
    },
    "CTS VVT/DI 4DR SEDAN RWD": {
      "years": [
        2008,
        2009
      ]
    },
    "CTS 4DR SEDAN AWD": {
      "years": [
        2010
      ]
    },
    "CTS 4DR SEDAN RWD": {
      "years": [
        2010
      ]
    },
    "CTS 4DR SPORTWAGON RWD/AWD": {
      "years": [
        2010
      ]
    },
    "CTS 2 DR COUPE AWD 3.6 4": {
      "years": [
        2011,
        2012,
        2013
      ]
    },
    "CTS 2 DR COUPE RWD 3.6": {
      "years": [
        2011,
        2012,
        2013
      ]
    },
    "CTS 4DR SEDAN AWD 3.0 4/3.6 4": {
      "years": [
        2011,
        2012,
        2013
      ]
    },
    "CTS 4DR SEDAN RWD 3.0/3.6": {
      "years": [
        2011,
        2012,
        2013
      ]
    },
    "CTS 4DR SPORTWAGON AWD 3.0 4/3.6 4": {
      "years": [
        2011,
        2012,
        2013,
        2014
      ]
    },
    "CTS 4DR SPORTWAGON RWD 3.0/3.6": {
      "years": [
        2011,
        2012,
        2013,
        2014
      ]
    },
    "CTS-V 2 DR COUPE RWD": {
      "years": [
        2011,
        2012,
        2013,
        2014
      ]
    },
    "CTS-V 4DR SPORTWAGON RWD": {
      "years": [
        2011,
        2012,
        2013,
        2014
      ]
    },
    "CTS 2 DR COUPE SPORT/PERFORMANCE AWD": {
      "years": [
        2014
      ]
    },
    "CTS 2 DR COUPE SPORT/PERFORMANCE RWD": {
      "years": [
        2014
      ]
    },
    "CTS 2.0L AWD SEDAN": {
      "years": [
        2014
      ]
    },
    "CTS 2.0L RWD SEDAN": {
      "years": [
        2014
      ]
    },
    "CTS 3.6L AWDSEDAN": {
      "years": [
        2014
      ]
    },
    "CTS 3.6L RWD SEDAN": {
      "years": [
        2014
      ]
    },
    "CTS Vsport RWD SEDAN": {
      "years": [
        2014
      ]
    },
    "CTS 4DR SEDAN 2.0L AWD": {
      "years": [
        2015,
        2016,
        2017,
        2018,
        2019,
        2020
      ]
    },
    "CTS 4DR SEDAN 2.0L RWD": {
      "years": [
        2015,
        2016,
        2017,
        2018,
        2019,
        2020
      ]
    },
    "CTS 4DR SEDAN 3.6L AWD": {
      "years": [
        2015,
        2016,
        2017,
        2018,
        2019,
        2020
      ]
    },
    "CTS 4DR SEDAN 3.6L RWD": {
      "years": [
        2015,
        2016,
        2017,
        2018,
        2019,
        2020
      ]
    },
    "CTS VSPORT 4DR SEDAN RWD": {
      "years": [
        2015,
        2016,
        2017,
        2018
      ]
    },
    "CTS V-SPORT 4DR SEDAN RWD": {
      "years": [
        2019,
        2020
      ]
    }
  },
  "Catera": {
    "CATERA 4DR SEDAN": {
      "years": [
        1997,
        1998,
        1999,
        2000,
        2001
      ]
    }
  },
  "Celestiq": {},
  "Cimarron": {
    "CIMARRON 4 DR SD": {
      "years": [
        1981,
        1982
      ]
    },
    "CIMARRON": {
      "years": [
        1983,
        1984,
        1985,
        1986
      ]
    }
  },
  "Commercial Chassis": {},
  "DTS": {
    "DTS 4DR SEDAN FWD": {
      "years": [
        2006,
        2007,
        2008,
        2009,
        2010,
        2011
      ]
    }
  },
  "Deville": {
    "DE VILLE 2 DR CP": {
      "years": [
        1981,
        1982
      ]
    },
    "DE VILLE 4 DR SD": {
      "years": [
        1981,
        1982
      ]
    },
    "DE VILLE CP": {
      "years": [
        1983,
        1984
      ]
    },
    "DE VILLE SD": {
      "years": [
        1983,
        1984
      ]
    },
    "COUPE DE VILLE 2 DR": {
      "years": [
        1987,
        1988,
        1989
      ]
    },
    "COUPE DE VILLE 2DR COUPE": {
      "years": [
        1993
      ]
    },
    "SEDAN DE VILLE/TOURING 4DR SEDAN": {
      "years": [
        1993
      ]
    },
    "DE VILLE 4 DR SEDAN": {
      "years": [
        1994,
        1995,
        1996
      ]
    },
    "DE VILLE 4 DR SEDAN CONCOURS": {
      "years": [
        1994,
        1995,
        1996
      ]
    },
    "DE VILLE 4DR SEDAN CONCOURS": {
      "years": [
        1997,
        1998,
        1999
      ]
    },
    "DE VILLE 4DR SEDAN D'ELEGANCE": {
      "years": [
        1997,
        1998
      ]
    },
    "DE VILLE 4DR SEDAN BASE/D'ELEGANCE": {
      "years": [
        1999
      ]
    },
    "DE VILLE 4DR SEDAN BASE/DHS/DTS": {
      "years": [
        2000,
        2001,
        2002,
        2003,
        2004,
        2005
      ]
    }
  },
  "ELR": {
    "ELR COUPE": {
      "years": [
        2014,
        2015,
        2016
      ]
    }
  },
  "Eldorado": {
    "ELDORADO 2 DR CP": {
      "years": [
        1982
      ]
    },
    "ELDORADO": {
      "years": [
        1983,
        1984
      ]
    },
    "ELDORADO BIARITZ CONV.": {
      "years": [
        1983,
        1984
      ]
    },
    "ELDORADO CONVERTIBLE": {
      "years": [
        1985
      ]
    },
    "ELDORADO COUPE": {
      "years": [
        1985,
        1986
      ]
    },
    "ELDORADO 2 DR COUPE": {
      "years": [
        1987,
        1988,
        1989
      ]
    },
    "ELDORADO BASE/BIARRITZ 2DR": {
      "years": [
        1990
      ]
    },
    "ELDORADO COUPE/BIARRITZ/TOURING 2DR": {
      "years": [
        1991
      ]
    },
    "ELDORADO COUPE 2DR": {
      "years": [
        1992,
        1993
      ]
    },
    "ELDORADO COUPE 2DR BASE/TOURING": {
      "years": [
        1994,
        1995,
        1996,
        1997,
        1998,
        1999
      ]
    },
    "ELDORADO COUPE 2DR SPORT/TOURING": {
      "years": [
        2000
      ]
    },
    "ELDORADO 2DR COUPE SPORT/TOURING": {
      "years": [
        2001,
        2002
      ]
    }
  },
  "Escalade": {
    "ESCALADE 4DR SUV": {
      "years": [
        1999,
        2000,
        2001,
        2002
      ]
    },
    "ESCALADE EXT P/U EXT CAB S/BOX AWD": {
      "years": [
        2002,
        2003,
        2004,
        2005,
        2006,
        2007,
        2008,
        2009,
        2010,
        2011,
        2012,
        2013
      ]
    },
    "ESCALADE 4DR SUV AWD": {
      "years": [
        2003,
        2004,
        2005,
        2006,
        2007,
        2008,
        2009,
        2010,
        2011,
        2012,
        2013,
        2014
      ]
    },
    "ESCALADE HYBRID 4DR SUV 2WD": {
      "years": [
        2008,
        2009
      ]
    },
    "ESCALADE HYBRID 4DR SUV 4WD": {
      "years": [
        2008,
        2009,
        2010,
        2011,
        2012,
        2013
      ]
    },
    "ESCALADE": {
      "years": [
        2015,
        2016,
        2017,
        2018,
        2019,
        2020
      ]
    },
    "ESCALADE LUXURY 4DR SUV": {
      "years": [
        2021,
        2022,
        2023,
        2024
      ]
    },
    "ESCALADE SPORT / PREMIUM LUXURY 4DR SUV": {
      "years": [
        2021,
        2022,
        2023,
        2024
      ]
    },
    "ESCALADE SPORT PLATINUM / PREMIUM LUXURY PLATFORM 4DR SUV": {
      "years": [
        2021,
        2022,
        2023,
        2024
      ]
    }
  },
  "Escalade ESV": {
    "ESCALADE ESV 4DR SUV AWD": {
      "years": [
        2003,
        2004,
        2005,
        2006,
        2007,
        2008,
        2009,
        2010,
        2011,
        2012,
        2013,
        2014
      ]
    },
    "ESCALADE ESV": {
      "years": [
        2015,
        2016,
        2017,
        2018,
        2019,
        2020
      ]
    },
    "ESCALADE ESV LUXURY 4DR SUV": {
      "years": [
        2021,
        2022,
        2023,
        2024
      ]
    },
    "ESCALADE ESV SPORT / PREMIUM LUXURY 4DR SUV": {
      "years": [
        2021,
        2022,
        2023,
        2024
      ]
    },
    "ESCALADE ESV SPORT PLATINUM / PREMIUM LUXURY PLATFORM 4DR SUV": {
      "years": [
        2021,
        2022,
        2023,
        2024
      ]
    }
  },
  "Escalade IQ": {
    "ESCALADE IQ": {
      "years": [
        2025
      ]
    }
  },
  "Fleetwood": {
    "FLEETWOOD 2 DR CP": {
      "years": [
        1981,
        1982
      ]
    },
    "FLEETWOOD 4 DR SD": {
      "years": [
        1981,
        1982
      ]
    },
    "FLEETWOOD BROUGH. CP": {
      "years": [
        1983,
        1984
      ]
    },
    "FLEETWOOD BROUGH. SD": {
      "years": [
        1983,
        1984
      ]
    },
    "FLEETWOOD COUPE": {
      "years": [
        1985,
        1986,
        1989
      ]
    },
    "FLEETWOOD LIMOSINE": {
      "years": [
        1985,
        1986,
        1987
      ]
    },
    "FLEETWOOD SEDAN": {
      "years": [
        1985,
        1986,
        1989
      ]
    },
    "FLEETWOOD 4 DR SEDAN DE VILLE": {
      "years": [
        1987
      ]
    },
    "FLEETWOOD SIXTY SPECIAL SEDAN": {
      "years": [
        1988,
        1989
      ]
    },
    "SEDAN DE VILLE/ FLEETWOOD D'ELEGANCE 4DR": {
      "years": [
        1988
      ]
    },
    "SEDAN DE VILLE/FLEETWOOD D'ELEGANCE 4DR": {
      "years": [
        1989
      ]
    },
    "COUPE DE VILLE/FLEETWOOD 2DR COUPE": {
      "years": [
        1990,
        1991,
        1992
      ]
    },
    "FLEETWOOD SIXTY SPECIAL 4DR SEDAN": {
      "years": [
        1990,
        1991,
        1992
      ]
    },
    "SEDAN DE VILLE/FLEETWOOD 4DR SEDAN": {
      "years": [
        1990,
        1991,
        1992
      ]
    },
    "FLEETWOOD/BROUGHAM": {
      "years": [
        1993,
        1994,
        1995,
        1996
      ]
    }
  },
  "Hearse": {},
  "Limousine": {},
  "Lyriq": {
    "LYRIQ 4DR SUV": {
      "years": [
        2023,
        2024
      ]
    }
  },
  "Optiq": {},
  "SRX": {
    "SRX 4DR SUV RWD V6": {
      "years": [
        2004,
        2005,
        2006,
        2007,
        2008,
        2009
      ]
    },
    "SRX 4DR SUV RWD V8": {
      "years": [
        2004,
        2005,
        2006,
        2007,
        2008,
        2009
      ]
    },
    "SRX 4DR CUV AWD": {
      "years": [
        2010,
        2011,
        2012,
        2013,
        2015,
        2016
      ]
    },
    "SRX 4DR CUV FWD": {
      "years": [
        2010,
        2011,
        2012,
        2013,
        2015,
        2016
      ]
    },
    "SRX 4DR CUV BASE/LUXURY FWD": {
      "years": [
        2014
      ]
    },
    "SRX 4DR CUV LUXURY/PERFORMANCE/PREMIUM AWD": {
      "years": [
        2014
      ]
    }
  },
  "STS": {
    "STS V6/V8 4DR SEDAN RWD": {
      "years": [
        2005,
        2006,
        2007,
        2008,
        2009
      ]
    },
    "STS-V 4DR SEDAN RWD": {
      "years": [
        2006,
        2007,
        2008,
        2009
      ]
    },
    "STS V6/V8 4DR SEDAN RWD/V6 AWD": {
      "years": [
        2010
      ]
    },
    "STS V8 4DR SEDAN AWD": {
      "years": [
        2010
      ]
    },
    "STS 4DR SEDAN AWD 3.6 4": {
      "years": [
        2011
      ]
    },
    "STS 4DR SEDAN RWD 3.6": {
      "years": [
        2011
      ]
    }
  },
  "Seville": {
    "SEVILLE 4 DR SD": {
      "years": [
        1981,
        1982
      ]
    },
    "SEVILLE": {
      "years": [
        1983,
        1984,
        1985,
        1986
      ]
    },
    "SEVILLE 4 DR SEDAN": {
      "years": [
        1987,
        1988
      ]
    },
    "SEVILLE 4 DR SEDAN/STS SEDAN": {
      "years": [
        1989
      ]
    },
    "SEVILLE BASE/STS 4DR SEDAN": {
      "years": [
        1990,
        1991,
        1992,
        1993
      ]
    },
    "SEVILLE 4DR SEDAN SLS": {
      "years": [
        1994,
        1995,
        1996,
        1997,
        1998,
        1999,
        2000,
        2001,
        2002,
        2003,
        2004
      ]
    },
    "SEVILLE 4DR SEDAN STS": {
      "years": [
        1994,
        1995,
        1996,
        1997,
        1998,
        1999,
        2000,
        2001,
        2002,
        2003,
        2004
      ]
    }
  },
  "Vistiq": {},
  "XLR": {
    "XLR ROADSTER 2DR CONV RWD": {
      "years": [
        2004,
        2005,
        2006,
        2007,
        2008,
        2009
      ]
    },
    "XLR-V ROADSTER 2DR CONV RWD": {
      "years": [
        2006,
        2007,
        2008,
        2009
      ]
    }
  },
  "XT4": {
    "XT4 4DR SUV AWD": {
      "years": [
        2019,
        2020,
        2021,
        2022,
        2023,
        2024
      ]
    },
    "XT4 4DR SUV FWD": {
      "years": [
        2019,
        2020,
        2021,
        2022,
        2023,
        2024
      ]
    }
  },
  "XT5": {
    "XT5 4DR SUV AWD": {
      "years": [
        2017,
        2018,
        2019,
        2020,
        2021,
        2022,
        2023,
        2024
      ]
    },
    "XT5 4DR SUV FWD": {
      "years": [
        2017,
        2018,
        2019,
        2020,
        2021,
        2022,
        2023,
        2024
      ]
    }
  },
  "XT6": {
    "XT6 4DR SUV": {
      "years": [
        2020,
        2021,
        2022,
        2023,
        2024
      ]
    }
  },
  "XTS": {
    "XTS 4DR SEDAN BASE/LUXURY/PREMIUM/PLATINUM AW": {
      "years": [
        2013
      ]
    },
    "XTS 4DR SEDAN LUXURY/PREMIUM/PLATINUM FWD": {
      "years": [
        2013
      ]
    },
    "XTS 4DR SEDAN LUXURY/PREMIUM/PLATINUM AWD": {
      "years": [
        2014
      ]
    },
    "XTS 4DR SEDAN STANDARD/LUXURY/PREMIUM/PLATINU": {
      "years": [
        2014
      ]
    },
    "XTS 4DR SEDAN AWD": {
      "years": [
        2015,
        2016,
        2017,
        2018,
        2019,
        2020
      ]
    },
    "XTS 4DR SEDAN FWD": {
      "years": [
        2015,
        2016,
        2017,
        2018,
        2019,
        2020
      ]
    }
  }
}