{
  "3 ton": {},
  "Alero": {},
  "Aluminum Tilt": {},
  "Astro Van": {
    "ASTRO VAN AWD": {
      "years": [
        1994,
        2000,
        2001,
        2002,
        2003,
        2004,
        2005,
        2006
      ]
    },
    "ASTRO VAN AWD EXTENDED BODY": {
      "years": [
        1994,
        1995,
        1996,
        1997,
        1998,
        1999
      ]
    },
    "ASTRO VAN RWD": {
      "years": [
        1994,
        2000,
        2001,
        2002,
        2003,
        2004,
        2005,
        2006
      ]
    },
    "ASTRO VAN RWD EXTENDED BODY": {
      "years": [
        1994,
        1995,
        1996,
        1997,
        1998,
        1999
      ]
    }
  },
  "Avalanche": {
    "AVALANCHE 1500 P/U CREWCAB S/BOX 2WD": {
      "years": [
        2002,
        2003,
        2004,
        2005,
        2006,
        2007,
        2008,
        2009,
        2010,
        2011,
        2012,
        2013
      ]
    },
    "AVALANCHE 1500 P/U CREWCAB S/BOX 4WD": {
      "years": [
        2002,
        2003,
        2004,
        2005,
        2006,
        2007,
        2008,
        2009,
        2010,
        2011,
        2012,
        2013
      ]
    },
    "AVALANCHE 2500 P/UCREWCAB S/BOX 2WD": {
      "years": [
        2002,
        2003,
        2004,
        2005,
        2006,
        2009,
        2010
      ]
    },
    "AVALANCHE 2500 P/UCREWCAB S/BOX 4WD": {
      "years": [
        2002,
        2003,
        2004,
        2005,
        2006,
        2009,
        2010
      ]
    }
  },
  "Aveo": {
    "AVEO 4DR HATCH FWD /LS": {
      "years": [
        2004,
        2005,
        2006
      ]
    },
    "AVEO 4DR SEDAN FWD /LS": {
      "years": [
        2004,
        2005,
        2006
      ]
    },
    "AVEO 4DR SEDAN FWD /LS/LT": {
      "years": [
        2007,
        2008,
        2009,
        2010,
        2011
      ]
    },
    "AVEO5 4DR HATCH FWD /LS": {
      "years": [
        2007,
        2008,
        2009
      ]
    },
    "AVEO5 4DR HATCH FWD /LS/LT": {
      "years": [
        2010,
        2011
      ]
    }
  },
  "B7": {},
  "Beretta": {
    "BERETTA 2 DR COUPE": {
      "years": [
        1987,
        1988,
        1989
      ]
    },
    "BERETTA GT COUPE": {
      "years": [
        1988,
        1989
      ]
    },
    "BERETTA BASE/GT/GTZ 2 DR COUPE": {
      "years": [
        1990
      ]
    },
    "BERETTA CONVERTIBLE": {
      "years": [
        1990
      ]
    },
    "BERETTA COUPE/GT/GTZ 2 DR COUPE": {
      "years": [
        1991,
        1992,
        1993
      ]
    },
    "BERETTA 2DR COUPE BASE/Z26": {
      "years": [
        1994,
        1995,
        1996
      ]
    }
  },
  "Blazer": {
    "BLAZER C10": {
      "years": [
        1981
      ]
    },
    "BLAZER K10": {
      "years": [
        1981
      ]
    },
    "C10 BLAZER": {
      "years": [
        1982,
        1982
      ]
    },
    "K10 BLAZER": {
      "years": [
        1982,
        1982
      ]
    },
    "K-BLAZER 4DR 4 X 2": {
      "years": [
        1985,
        1986
      ]
    },
    "K-BLAZER 4DR 4 X 4": {
      "years": [
        1985,
        1986,
        1987
      ]
    },
    "K-BLAZER 4DR 2 X 4": {
      "years": [
        1987
      ]
    },
    "V-BLAZER 4DR 2X4": {
      "years": [
        1988
      ]
    },
    "V-BLAZER 4DR 4X4": {
      "years": [
        1988,
        1989
      ]
    },
    "T-10 BLAZER 2DR 4X4": {
      "years": [
        1989
      ]
    },
    "V-BLAZER 4DR 4X2": {
      "years": [
        1989
      ]
    },
    "V-BLAZER 4DR 4 X 2": {
      "years": [
        1990
      ]
    },
    "V-BLAZER 4DR 4 X 4": {
      "years": [
        1990
      ]
    },
    "V-BLAZER 4 X 4": {
      "years": [
        1991
      ]
    },
    "K1500 BLAZER 4X4": {
      "years": [
        1992,
        1993
      ]
    },
    "BLAZER K1500 2DR SUV 4X4": {
      "years": [
        1994
      ]
    },
    "BLAZER S-10 2DR SUV 4X2": {
      "years": [
        1994
      ]
    },
    "BLAZER S-10 2DR SUV 4X4": {
      "years": [
        1994
      ]
    },
    "BLAZER S-10 4DR SUV 4X2": {
      "years": [
        1994
      ]
    },
    "BLAZER S-10 4DR SUV 4X4": {
      "years": [
        1994
      ]
    },
    "BLAZER 2DR SUV 4X2 BASE/LS": {
      "years": [
        1995,
        1996,
        1997,
        1998,
        1999,
        2000
      ]
    },
    "BLAZER 2DR SUV 4X4 BASE/LS": {
      "years": [
        1995,
        1996,
        1997,
        1998,
        1999,
        2000
      ]
    },
    "BLAZER 4DR SUV 4X2 BASE/LS/LT": {
      "years": [
        1995,
        1996,
        1997,
        1998,
        1999,
        2000
      ]
    },
    "BLAZER 4DR SUV 4X4 BASE/LS/LT": {
      "years": [
        1995,
        1996,
        1997,
        1998,
        1999,
        2000
      ]
    },
    "BLAZER 2DR SUV 4X4 ZR2": {
      "years": [
        2000,
        2001,
        2002
      ]
    },
    "BLAZER 2DR SUV 4X4 LS": {
      "years": [
        2001,
        2002
      ]
    },
    "BLAZER 4DR SUV 4X4 LS/LT": {
      "years": [
        2001,
        2002
      ]
    },
    "BLAZER  2DR SUV 4WD": {
      "years": [
        2003
      ]
    },
    "BLAZER LS 2DR SUV 4WD": {
      "years": [
        2003
      ]
    },
    "BLAZER LS 4DR SUV 4WD": {
      "years": [
        2003,
        2004
      ]
    },
    "BLAZER 2DR SUV 4WD /LS": {
      "years": [
        2004,
        2005
      ]
    },
    "BLAZER 2.0L FWD 4DR SUV": {
      "years": [
        2019,
        2020,
        2021,
        2022,
        2023,
        2024
      ]
    },
    "BLAZER 3.6L AWD 4DR SUV": {
      "years": [
        2019,
        2020,
        2021,
        2022,
        2023,
        2024
      ]
    },
    "BLAZER 3.6L FWD 4DR SUV": {
      "years": [
        2019,
        2020,
        2021,
        2022,
        2023,
        2024
      ]
    }
  },
  "Blazer EV": {
    "BLAZER EV 4DR SUV": {
      "years": [
        2024,
        2025
      ]
    }
  },
  "Bolt EUV": {
    "BOLT EUV 4DR HATCHBACK": {
      "years": [
        2022,
        2023,
        2024
      ]
    }
  },
  "Bolt EV": {
    "BOLT EV 4DR HATCHBACK": {
      "years": [
        2022,
        2023,
        2024
      ]
    }
  },
  "BrightDrop 400": {},
  "BrightDrop 400, BrightDrop 600": {},
  "BrightDrop 600": {},
  "Bus Chassis": {},
  "C/K Pickup": {},
  "C5": {},
  "C6": {
    "G30/C6P SPORTVAN": {
      "years": [
        1988,
        1989,
        1990
      ]
    }
  },
  "C7": {},
  "Camaro": {
    "CAMARO": {
      "years": [
        1981,
        1982
      ]
    },
    "CAMARO SPORT CP & BERLINETTA": {
      "years": [
        1983,
        1984
      ]
    },
    "CAMARO Z28": {
      "years": [
        1983,
        1984
      ]
    },
    "CAMARO BERLINETTA": {
      "years": [
        1985,
        1986
      ]
    },
    "CAMARO IROC": {
      "years": [
        1985,
        1986
      ]
    },
    "CAMARO SPORT COUPE": {
      "years": [
        1985,
        1986
      ]
    },
    "CAMARO Z-28": {
      "years": [
        1985,
        1986
      ]
    },
    "CAMARO 2 DR HATCHBACK": {
      "years": [
        1987
      ]
    },
    "CAMARO IROC 2 DR HATCHBACK": {
      "years": [
        1987,
        1988,
        1989
      ]
    },
    "CAMARO SPORT COUPE 2 DR HATCHBACK": {
      "years": [
        1987,
        1988,
        1989
      ]
    },
    "CAMARO Z-28 2 DR HATCHBACK": {
      "years": [
        1987
      ]
    },
    "CAMARO CONVERTIBLE": {
      "years": [
        1988
      ]
    },
    "CAMARO IROC CONVERTIBLE": {
      "years": [
        1988,
        1989,
        1990
      ]
    },
    "CAMARO IROC COUPE": {
      "years": [
        1990
      ]
    },
    "CAMARO RS 2DR COUPE": {
      "years": [
        1990
      ]
    },
    "CAMARO RS/Z28 CONVERTIBLE": {
      "years": [
        1991,
        1992
      ]
    },
    "CAMARO RS/Z28  2DR COUPE": {
      "years": [
        1991,
        1992
      ]
    },
    "CAMARO 2DR COUPE": {
      "years": [
        1993
      ]
    },
    "CAMARO Z28 2DR COUPE": {
      "years": [
        1993
      ]
    },
    "CAMARO 2DR CONVERTIBLE": {
      "years": [
        1994,
        1995,
        1996,
        1997,
        1998,
        1999,
        2000
      ]
    },
    "CAMARO 2DR CONVERTIBLE Z28": {
      "years": [
        1994,
        1995,
        1996,
        1997,
        1998,
        1999,
        2000,
        2001,
        2002
      ]
    },
    "CAMARO 2DR HATCHBACK": {
      "years": [
        1994,
        1995,
        1996,
        1997,
        1998,
        1999,
        2000,
        2001,
        2002
      ]
    },
    "CAMARO 2DR HATCHBACK Z28": {
      "years": [
        1994,
        1995,
        1996,
        1998,
        1999,
        2000,
        2001,
        2002
      ]
    },
    "CAMARO 2DR COUPE RWD LS/LT": {
      "years": [
        2010,
        2011,
        2012,
        2013,
        2014,
        2015
      ]
    },
    "CAMARO 2DR COUPE RWD SS": {
      "years": [
        2010,
        2011,
        2012,
        2013,
        2014,
        2015
      ]
    },
    "CAMARO CONVERTIBLE RWD LS/LT": {
      "years": [
        2011,
        2012,
        2013,
        2014,
        2015
      ]
    },
    "CAMARO CONVERTIBLE RWD SS": {
      "years": [
        2011,
        2012,
        2013,
        2014,
        2015
      ]
    },
    "CAMARO 2DR COUPE RWD ZL1": {
      "years": [
        2013,
        2015
      ]
    },
    "CAMARO CONVERTIBLE RWD ZL1": {
      "years": [
        2013,
        2014,
        2015
      ]
    },
    "CAMARO 2DR COUPE RWD ZL1/Z28": {
      "years": [
        2014
      ]
    },
    "CAMARO 2DR COUPE RWD Z28": {
      "years": [
        2015
      ]
    },
    "CAMARO 2.0L 2DR CONVERTIBLE": {
      "years": [
        2016,
        2017,
        2018,
        2019,
        2020,
        2021,
        2022,
        2023,
        2024
      ]
    },
    "CAMARO 2.0L 2DR COUPE": {
      "years": [
        2016,
        2017,
        2018,
        2019,
        2020,
        2021,
        2022,
        2023,
        2024
      ]
    },
    "CAMARO 3.6L 2DR CONVERTIBLE": {
      "years": [
        2016,
        2017,
        2018,
        2019,
        2020,
        2021,
        2022,
        2023,
        2024
      ]
    },
    "CAMARO 3.6L 2DR COUPE": {
      "years": [
        2016,
        2017,
        2018,
        2019,
        2020,
        2021,
        2022,
        2023,
        2024
      ]
    },
    "CAMARO 6.2L 2DR CONVERTIBLE": {
      "years": [
        2016,
        2017,
        2018,
        2019,
        2020,
        2021,
        2022,
        2023,
        2024
      ]
    },
    "CAMARO 6.2L 2DR COUPE": {
      "years": [
        2016,
        2017,
        2018,
        2019,
        2020,
        2021,
        2022,
        2023,
        2024
      ]
    }
  },
  "Caprice": {
    "CAPRICE 4 DR SD": {
      "years": [
        1981,
        1982
      ]
    },
    "CAPRICE CLASSIC 2 DR": {
      "years": [
        1981,
        1982,
        1985,
        1986
      ]
    },
    "CAPRICE ESTATE WAGON": {
      "years": [
        1981
      ]
    },
    "CAPRICE EST. 4 DR WAGON": {
      "years": [
        1982
      ]
    },
    "CAPRICE CLASSIC SD": {
      "years": [
        1983,
        1984
      ]
    },
    "CAPRICE STAT. WAGON": {
      "years": [
        1983,
        1984
      ]
    },
    "CAPRICE CLASSIC 4 DR": {
      "years": [
        1985
      ]
    },
    "CAPRICE CLASSIC WAGON": {
      "years": [
        1985,
        1986,
        1987,
        1988,
        1989,
        1990,
        1991,
        1992,
        1993
      ]
    },
    "CAPRICE BASE (4-DR)": {
      "years": [
        1986
      ]
    },
    "CAPRICE CLASSIC BROUGHAM (4-DR)": {
      "years": [
        1986
      ]
    },
    "CAPRICE 4 DR SEDAN": {
      "years": [
        1987
      ]
    },
    "CAPRICE CLASSIC 2 DR COUPE": {
      "years": [
        1987
      ]
    },
    "CAPRICE CLASSIC 4 DR SEDAN": {
      "years": [
        1987
      ]
    },
    "CAPRICE CLASSIC BROUGHAM 4 DR SEDAN": {
      "years": [
        1987
      ]
    },
    "CAPRICE WAGON": {
      "years": [
        1987
      ]
    },
    "CAPRICE STD/CLASSIC/CLASSIC BROUGHAM 4DR": {
      "years": [
        1988
      ]
    },
    "CAPRICE STD/CLASSIC/CLASSIC BROUGHAM": {
      "years": [
        1989
      ]
    },
    "CAPRICE BASE/CLASSIC 4DR SEDAN": {
      "years": [
        1990,
        1991,
        1992,
        1993
      ]
    },
    "CAPRICE CLASSIC 4DR SEDAN BASE/LS": {
      "years": [
        1994,
        1995,
        1996
      ]
    },
    "CAPRICE CLASSIC 4DR WAGON": {
      "years": [
        1994,
        1995,
        1996
      ]
    }
  },
  "Caprice Police Vehicle": {},
  "Captiva Sport": {},
  "Cavalier": {
    "CAVALIER 2 DR": {
      "years": [
        1982
      ]
    },
    "CAVALIER 2 DR HB": {
      "years": [
        1982
      ]
    },
    "CAVALIER 4 DR SD": {
      "years": [
        1982
      ]
    },
    "CAVALIER 4 DR WAGON": {
      "years": [
        1982
      ]
    },
    "CAVALIER & CS WAGON": {
      "years": [
        1983
      ]
    },
    "CAVALIER CONV. & BLE": {
      "years": [
        1983,
        1984
      ]
    },
    "CAVALIER SD & CS 4 DR SD": {
      "years": [
        1983,
        1984
      ]
    },
    "CAVALIER TYPE 10 2 DR HB & TBI HB": {
      "years": [
        1983,
        1984
      ]
    },
    "CAVALIER TYPE 10 CP": {
      "years": [
        1983,
        1984
      ]
    },
    "CAVALIER & CS  WAGON": {
      "years": [
        1984
      ]
    },
    "CAVALIER 2 DR HATCHBACK COUPE": {
      "years": [
        1985,
        1986
      ]
    },
    "CAVALIER 4 DR SEDAN (BASE)": {
      "years": [
        1985,
        1986
      ]
    },
    "CAVALIER CONVERTIBLE": {
      "years": [
        1985,
        1986,
        1987
      ]
    },
    "CAVALIER CS SEDAN 4 DR": {
      "years": [
        1985,
        1986
      ]
    },
    "CAVALIER CS WAGON": {
      "years": [
        1985,
        1986,
        1987
      ]
    },
    "CAVALIER TYPE 10 2 DR COUPE": {
      "years": [
        1985,
        1986
      ]
    },
    "CAVALIER WAGON (BASE)": {
      "years": [
        1985,
        1986
      ]
    },
    "CAVALIER 2 DR COUPE": {
      "years": [
        1987
      ]
    },
    "CAVALIER 4 DR SEDAN": {
      "years": [
        1987
      ]
    },
    "CAVALIER CS 2 DR HATCHBACK": {
      "years": [
        1987
      ]
    },
    "CAVALIER CS 4 DR SEDAN": {
      "years": [
        1987
      ]
    },
    "CAVALIER RS 2 DR COUPE": {
      "years": [
        1987
      ]
    },
    "CAVALIER RS 2 DR HATCHBACK": {
      "years": [
        1987
      ]
    },
    "CAVALIER RS 4 DR SEDAN": {
      "years": [
        1987
      ]
    },
    "CAVALIER RS WAGON": {
      "years": [
        1987
      ]
    },
    "CAVALIER WAGON": {
      "years": [
        1987,
        1988,
        1989,
        1990
      ]
    },
    "CAVALIER Z-24 2 DR COUPE": {
      "years": [
        1987,
        1988,
        1989
      ]
    },
    "CAVALIER Z-24 2 DR HATCHBACK": {
      "years": [
        1987
      ]
    },
    "CAVALIER BASE/RS 2 DR COUPE": {
      "years": [
        1988,
        1989
      ]
    },
    "CAVALIER BASE/RS 4 DR SEDAN": {
      "years": [
        1988,
        1989
      ]
    },
    "CAVALIER Z-24 CONVERTIBLE": {
      "years": [
        1988
      ]
    },
    "CAVALIER Z-24 CONVERITABLE": {
      "years": [
        1989
      ]
    },
    "CAVALIER 4DR SEDAN": {
      "years": [
        1990
      ]
    },
    "CAVALIER BASE/Z24 2DR COUPE": {
      "years": [
        1990
      ]
    },
    "CAVALIER VL/RS 4DR SEDAN": {
      "years": [
        1991,
        1992,
        1993
      ]
    },
    "CAVALIER VL/RS WAGON": {
      "years": [
        1991,
        1992,
        1993
      ]
    },
    "CAVALIER VL/RS/Z24 2DR COUPE": {
      "years": [
        1991,
        1992,
        1993
      ]
    },
    "CAVALIER RS/Z24 CONVERTIBLE": {
      "years": [
        1992,
        1993
      ]
    },
    "CAVALIER 2DR CONVERTIBLE RS": {
      "years": [
        1994
      ]
    },
    "CAVALIER 2DR COUPE VL/RS": {
      "years": [
        1994
      ]
    },
    "CAVALIER 4DR SEDAN VL/RS": {
      "years": [
        1994
      ]
    },
    "CAVALIER 4DR WAGON": {
      "years": [
        1994
      ]
    },
    "CAVALIER 2DR CONVERTIBLE": {
      "years": [
        1995,
        1996
      ]
    },
    "CAVALIER 2DR COUPE BASE/Z24": {
      "years": [
        1995,
        1996,
        1997,
        1998,
        1999,
        2000,
        2001
      ]
    },
    "CAVALIER 4DR SEDAN BASE/LS": {
      "years": [
        1995,
        1996,
        1997,
        1998,
        1999,
        2000
      ]
    },
    "CAVALIER 2DR CONVERTIBLE LS": {
      "years": [
        1997
      ]
    },
    "CAVALIER 2DR CONVERTIBLE Z24": {
      "years": [
        1998,
        1999,
        2000
      ]
    },
    "CAVALIER 4DR SEDAN VL/VLX/LS": {
      "years": [
        2001
      ]
    },
    "CAVALIER 2DR COUPE VL/VLX": {
      "years": [
        2002,
        2003,
        2004,
        2005
      ]
    },
    "CAVALIER 2DR COUPE Z24": {
      "years": [
        2002,
        2003,
        2004,
        2005
      ]
    },
    "CAVALIER 4DR SEDAN VL/VLX": {
      "years": [
        2002,
        2003,
        2004,
        2005
      ]
    },
    "CAVALIER 4DR SEDAN Z24": {
      "years": [
        2002,
        2003,
        2004,
        2005
      ]
    }
  },
  "Celebrity": {
    "CELEBRITY 2 DR CP": {
      "years": [
        1982,
        1983,
        1984
      ]
    },
    "CELEBRITY 4 DR SD": {
      "years": [
        1982,
        1983,
        1984
      ]
    },
    "CELEBRITY STAT. WAGON": {
      "years": [
        1983
      ]
    },
    "CELEBRITY COUPE": {
      "years": [
        1985,
        1986
      ]
    },
    "CELEBRITY SEDAN": {
      "years": [
        1985,
        1986
      ]
    },
    "CELEBRITY WAGON": {
      "years": [
        1985,
        1986,
        1987
      ]
    },
    "CELEBRITY 2 DR COUPE": {
      "years": [
        1987
      ]
    },
    "CELEBRITY 4 DR SEDAN": {
      "years": [
        1987
      ]
    },
    "CELEBRITY EUROSPORT 2 DR COUPE": {
      "years": [
        1987
      ]
    },
    "CELEBRITY EUROSPORT 4 DR SEDAN": {
      "years": [
        1987
      ]
    },
    "CELEBRITY EUROSPORT WAGON": {
      "years": [
        1987
      ]
    },
    "CELEBRITY BASE/EUROSPORT 2 DR COUPE": {
      "years": [
        1988
      ]
    },
    "CELEBRITY BASE/EUROSPORT 4 DR SEDAN": {
      "years": [
        1988
      ]
    },
    "CELEBRITY BASE/EUROSPORT WAGON": {
      "years": [
        1988,
        1989,
        1990
      ]
    }
  },
  "Chevette": {
    "CHEVETTE 2 DR HB": {
      "years": [
        1981,
        1982,
        1983,
        1984
      ]
    },
    "CHEVETTE 4 DR SD": {
      "years": [
        1981
      ]
    },
    "CHEVETTE SCOOTER 2 DR HB": {
      "years": [
        1981,
        1982,
        1983,
        1984
      ]
    },
    "CHEVETTE SCOOTER 4 DR HB": {
      "years": [
        1981,
        1983,
        1984
      ]
    },
    "CHEVETTE 4 DR HB": {
      "years": [
        1982,
        1982,
        1983,
        1984
      ]
    },
    "CHEVETTE 2 DR HATCHBACK": {
      "years": [
        1985,
        1986,
        1987
      ]
    },
    "CHEVETTE 2 DR SCOOTER": {
      "years": [
        1985,
        1986
      ]
    },
    "CHEVETTE 4 DR HATCHBACK": {
      "years": [
        1985,
        1986,
        1987
      ]
    }
  },
  "Citation": {
    "CITATION 2 DR HB": {
      "years": [
        1981,
        1982
      ]
    },
    "CITATION 4 DR HB": {
      "years": [
        1981,
        1982
      ]
    },
    "CITATION X:II 2 DR": {
      "years": [
        1981,
        1982
      ]
    },
    "CITATION CP": {
      "years": [
        1982
      ]
    },
    "CITATION II 2 DR CP": {
      "years": [
        1983,
        1984
      ]
    },
    "CITATION II PJ & II 2 DR HB": {
      "years": [
        1983,
        1984
      ]
    },
    "CITATION II PJ & II 4 DR HB": {
      "years": [
        1983,
        1984
      ]
    },
    "CITATION II X-II CP 2 DR HB": {
      "years": [
        1983,
        1984
      ]
    },
    "CITATION 11 PJ 2 DR HATCHBACK": {
      "years": [
        1985
      ]
    },
    "CITATION 11 PJ 4 DR HATCHBACK": {
      "years": [
        1985
      ]
    },
    "CITATION 11X-11 HATCHBACK COUPE": {
      "years": [
        1985
      ]
    }
  },
  "City Express": {
    "CITY EXPRESS VAN": {
      "years": [
        2015,
        2016,
        2017,
        2018,
        2019,
        2020,
        2021,
        2022
      ]
    }
  },
  "Cobalt": {
    "COBALT LS 4DR SEDAN FWD": {
      "years": [
        2005
      ]
    },
    "COBALT LS/SS Supercharged 2DR COUPE FWD": {
      "years": [
        2005
      ]
    },
    "COBALT LT 4DR SEDAN FWD": {
      "years": [
        2005
      ]
    },
    "COBALT LS / LT 4DR SEDAN FWD": {
      "years": [
        2006,
        2007
      ]
    },
    "COBALT LS/LT 2DR COUPE FWD": {
      "years": [
        2006,
        2007,
        2008,
        2009
      ]
    },
    "COBALT LTZ / SS 4DR SEDAN FWD": {
      "years": [
        2006,
        2007
      ]
    },
    "COBALT SS 2DR COUPE FWD": {
      "years": [
        2006,
        2007
      ]
    },
    "COBALT SS Supercharged 2DR COUPE FWD": {
      "years": [
        2006,
        2007
      ]
    },
    "COBALT LS/LT 4DR SEDAN FWD": {
      "years": [
        2008,
        2009
      ]
    },
    "COBALT SPORT 2DR COUPE FWD": {
      "years": [
        2008,
        2009
      ]
    },
    "COBALT SPORT 4DR SEDAN FWD": {
      "years": [
        2008,
        2009
      ]
    },
    "COBALT SS 2DR COUPE FWD TURBOCHARGED": {
      "years": [
        2008,
        2009,
        2010
      ]
    },
    "COBALT SS 4DR SEDAN FWD TURBOCHARGED": {
      "years": [
        2008,
        2009
      ]
    },
    "COBALT LS/LT/XFE 2DR COUPE FWD": {
      "years": [
        2010
      ]
    },
    "COBALT LS/LT/XFE 4DR SEDAN FWD": {
      "years": [
        2010
      ]
    }
  },
  "Colorado": {
    "COLORADO CREW CAB S/BOX 2WD": {
      "years": [
        2004,
        2005,
        2006,
        2007,
        2008,
        2009,
        2010,
        2011,
        2012,
        2015,
        2016,
        2017,
        2018,
        2019,
        2020,
        2021,
        2022
      ]
    },
    "COLORADO CREW CAB S/BOX 4X4": {
      "years": [
        2004,
        2005,
        2006,
        2007,
        2008,
        2009,
        2010,
        2011,
        2012,
        2015,
        2016,
        2017,
        2018,
        2019,
        2020,
        2021,
        2022
      ]
    },
    "COLORADO EXT CAB S/BOX 2WD": {
      "years": [
        2004,
        2008,
        2009,
        2010,
        2011,
        2012
      ]
    },
    "COLORADO EXT CAB S/BOX 4X4": {
      "years": [
        2004,
        2008,
        2009,
        2010,
        2011,
        2012
      ]
    },
    "COLORADO REG CAB S/BOX 2WD": {
      "years": [
        2004,
        2008,
        2009,
        2010,
        2011,
        2012
      ]
    },
    "COLORADO REG CAB S/BOX 4X4": {
      "years": [
        2004,
        2008,
        2009,
        2010,
        2011,
        2012
      ]
    },
    "COLORADO EXT CAB S/BOX 2WD /LS": {
      "years": [
        2005,
        2006,
        2007
      ]
    },
    "COLORADO EXT CAB S/BOX 4X4 /LS": {
      "years": [
        2005,
        2006,
        2007
      ]
    },
    "COLORADO REG CAB S/BOX 2WD /LS": {
      "years": [
        2005,
        2006,
        2007
      ]
    },
    "COLORADO REG CAB S/BOX 4X4 /LS": {
      "years": [
        2005,
        2006,
        2007
      ]
    },
    "COLORADO CREW CAB L/BOX 2WD": {
      "years": [
        2015,
        2016,
        2017,
        2018,
        2019,
        2020,
        2021,
        2022
      ]
    },
    "COLORADO CREW CAB L/BOX 4X4": {
      "years": [
        2015,
        2016,
        2017,
        2018,
        2019,
        2020,
        2021,
        2022
      ]
    },
    "COLORADO EXTENDED CAB L/BOX 2WD": {
      "years": [
        2015,
        2016,
        2017,
        2018,
        2019,
        2020,
        2021,
        2022
      ]
    },
    "COLORADO EXTENDED CAB L/BOX 4X4": {
      "years": [
        2015,
        2016,
        2017,
        2018,
        2019,
        2020,
        2021,
        2022
      ]
    },
    "COLORADO CREWCAB 2WD": {
      "years": [
        2023,
        2024
      ]
    },
    "COLORADO CREWCAB 4WD": {
      "years": [
        2023,
        2024
      ]
    },
    "COLORADO CREWCAB 4WD TRAIL BOSS": {
      "years": [
        2023,
        2024
      ]
    },
    "COLORADO CREWCAB 4WD ZR2": {
      "years": [
        2023,
        2024
      ]
    }
  },
  "Corsica": {
    "CORSICA 4 DR SEDAN": {
      "years": [
        1988
      ]
    },
    "CORSICA BASE/LTZ SEDAN": {
      "years": [
        1989
      ]
    },
    "CORSICA HATCHBACK": {
      "years": [
        1989
      ]
    },
    "CORSICA LT 4DR HATCHBACK": {
      "years": [
        1990,
        1991
      ]
    },
    "CORSICA LT/LTZ 4DR SEDAN": {
      "years": [
        1990
      ]
    },
    "CORSICA LT 4DR SEDAN": {
      "years": [
        1991,
        1992,
        1993
      ]
    },
    "CORSICA 4DR SEDAN": {
      "years": [
        1994,
        1995,
        1996
      ]
    }
  },
  "Corvette": {
    "CORVETTE": {
      "years": [
        1981,
        1982,
        1983,
        1984,
        1985
      ]
    },
    "CORVETTE COUPE": {
      "years": [
        1986
      ]
    },
    "CORVETTE ROADSTER": {
      "years": [
        1986
      ]
    },
    "CORVETTE 2 DR HATCHBACK": {
      "years": [
        1987
      ]
    },
    "CORVETTE ROADSTER (CONVERTIBLE)": {
      "years": [
        1987
      ]
    },
    "CORVETTE 2 DR COUPE": {
      "years": [
        1988,
        1989
      ]
    },
    "CORVETTE CONVERTIBLE": {
      "years": [
        1988,
        1989,
        1990,
        1991,
        1992,
        1993
      ]
    },
    "CORVETTE 2DR COUPE": {
      "years": [
        1990,
        1991,
        1992,
        1993,
        1994,
        1995,
        1996,
        1997,
        1998,
        1999,
        2000,
        2001,
        2002
      ]
    },
    "CORVETTE ZR1 2DR COUPE": {
      "years": [
        1990,
        1991,
        1992,
        1993
      ]
    },
    "CORVETTE 2DR CONVERTIBLE": {
      "years": [
        1994,
        1995,
        1996,
        1998,
        1999,
        2000,
        2001,
        2002
      ]
    },
    "CORVETTE 2DR COUPE ZR1": {
      "years": [
        1994,
        1995
      ]
    },
    "CORVETTE 2DR HARDTOP": {
      "years": [
        1999,
        2000,
        2001,
        2002,
        2003,
        2004
      ]
    },
    "CORVETTE 2DR CONVERTIBLE RWD": {
      "years": [
        2003,
        2004,
        2005,
        2006,
        2007,
        2008,
        2009,
        2010,
        2011,
        2012,
        2013
      ]
    },
    "CORVETTE COUPE / Z06  2DR RWD": {
      "years": [
        2003,
        2004
      ]
    },
    "CORVETTE COUPE 2DR RWD": {
      "years": [
        2005,
        2006,
        2007,
        2008,
        2009,
        2010,
        2011,
        2012,
        2013
      ]
    },
    "CORVETTE Z06 COUPE 2DR RWD": {
      "years": [
        2006,
        2007,
        2008,
        2009,
        2011,
        2012,
        2013
      ]
    },
    "CORVETTE GRANDSPORT CONV 2DR RWD": {
      "years": [
        2010,
        2011,
        2012,
        2013
      ]
    },
    "CORVETTE Z06 / GRANDSPORT COUPE 2DR RWD": {
      "years": [
        2010
      ]
    },
    "CORVETTE ZR1 COUPE 2DR RWD": {
      "years": [
        2010,
        2011,
        2012,
        2013
      ]
    },
    "CORVETTE GRANDSPORT COUPE 2DR RWD": {
      "years": [
        2011,
        2012,
        2013
      ]
    },
    "CORVETTE 427 CONVERTIBLE CONV 2DR RWD": {
      "years": [
        2013
      ]
    },
    "CORVETTE CONVERTIBLE STINGRAY/Z51": {
      "years": [
        2014,
        2015,
        2016,
        2017,
        2018,
        2019
      ]
    },
    "CORVETTE COUPE STINGRAY/Z51": {
      "years": [
        2014,
        2015,
        2016,
        2017,
        2018,
        2019
      ]
    },
    "CORVETTE CONVERTIBLE Z06": {
      "years": [
        2015,
        2016,
        2017,
        2018,
        2019
      ]
    },
    "CORVETTE COUPE Z06": {
      "years": [
        2015,
        2016,
        2017,
        2018,
        2019
      ]
    },
    "CORVETTE STINGRAY CONVERTIBLE": {
      "years": [
        2020,
        2021,
        2022,
        2023,
        2024
      ]
    },
    "CORVETTE STINGRAY COUPE": {
      "years": [
        2020,
        2021,
        2022,
        2023,
        2024
      ]
    },
    "CORVETTE Z06 CONVERTIBLE": {
      "years": [
        2023,
        2024
      ]
    },
    "CORVETTE Z06 COUPE": {
      "years": [
        2023,
        2024
      ]
    },
    "CORVETTE E-RAY CONVERTIBLE": {
      "years": [
        2024,
        2025
      ]
    },
    "CORVETTE E-RAY COUPE": {
      "years": [
        2024,
        2025
      ]
    }
  },
  "Cruze": {
    "CRUZE 4DR SEDAN LS/LT/LTZ/ECO": {
      "years": [
        2011,
        2012,
        2013,
        2014,
        2015
      ]
    },
    "CRUZE 4DR SEDAN DIESEL": {
      "years": [
        2014,
        2015
      ]
    },
    "CRUZE 4DR SEDAN NEW GENERATION": {
      "years": [
        2016
      ]
    },
    "CRUZE 4DR SEDAN": {
      "years": [
        2017,
        2018,
        2019
      ]
    },
    "CRUZE 5DR HATCH": {
      "years": [
        2017,
        2018,
        2019
      ]
    }
  },
  "Cruze Limited": {
    "CRUZE LIMITED 4DR SEDAN LS/LT/LTZ/ECO": {
      "years": [
        2016
      ]
    }
  },
  "Cutaway Chassis": {},
  "El Camino": {},
  "Epica": {
    "EPICA  4DR SEDAN LS / LT": {
      "years": [
        2004,
        2005
      ]
    },
    "EPICA  4DR SEDAN LTZ": {
      "years": [
        2006
      ]
    }
  },
  "Equinox": {
    "EQUINOX 4DR SUV AWD /LS/LT": {
      "years": [
        2005,
        2006,
        2007
      ]
    },
    "EQUINOX 4DR SUV FWD /LS/LT": {
      "years": [
        2006,
        2007
      ]
    },
    "EQUINOX 4DR SUV AWD LS/LT/SPORT": {
      "years": [
        2008,
        2009
      ]
    },
    "EQUINOX 4DR SUV FWD LS/LT": {
      "years": [
        2008,
        2009
      ]
    },
    "EQUINOX 4DR SUV FWD SPORT": {
      "years": [
        2008,
        2009
      ]
    },
    "EQUINOX 4DR SUV LS/LT/LTZ": {
      "years": [
        2010
      ]
    },
    "EQUINOX 4DR SUV AWD LS/LT/LTZ": {
      "years": [
        2011,
        2012
      ]
    },
    "EQUINOX 4DR SUV FWD LS/LT/LTZ": {
      "years": [
        2011,
        2012
      ]
    },
    "EQUINOX 4DR SUV 2.4L AWD LS/LT/LTZ": {
      "years": [
        2013,
        2014,
        2015,
        2016,
        2017
      ]
    },
    "EQUINOX 4DR SUV 2.4L FWD LS/LT/LTZ": {
      "years": [
        2013,
        2014,
        2015,
        2016,
        2017
      ]
    },
    "EQUINOX 4DR SUV 3.6L AWD LS/LT/LTZ": {
      "years": [
        2013,
        2014,
        2015,
        2016,
        2017
      ]
    },
    "EQUINOX 4DR SUV 3.6L FWD LS/LT/LTZ": {
      "years": [
        2013,
        2014,
        2015,
        2016,
        2017
      ]
    },
    "EQUINOX 4DR SUV AWD": {
      "years": [
        2018
      ]
    },
    "EQUINOX 4DR SUV FWD": {
      "years": [
        2018,
        2019
      ]
    },
    "EQUINOX 4DR SUV 1.5L AWD": {
      "years": [
        2019,
        2020,
        2021,
        2022,
        2023,
        2024
      ]
    },
    "EQUINOX 4DR SUV DIESEL FWD": {
      "years": [
        2019
      ]
    },
    "EQUINOX 4DR SUV DIESEL/2.0L AWD": {
      "years": [
        2019
      ]
    },
    "EQUINOX 4DR SUV 1.5L FWD": {
      "years": [
        2020,
        2021,
        2022,
        2023,
        2024
      ]
    },
    "EQUINOX 4DR SUV 2.0L AWD": {
      "years": [
        2020
      ]
    },
    "EQUINOX 4DR SUV 2.0L FWD": {
      "years": [
        2020
      ]
    },
    "EQUINOX 4DR SUV": {
      "years": [
        2025
      ]
    }
  },
  "Equinox EV": {
    "EQUINOX EV 4DR SUV": {
      "years": [
        2024,
        2025
      ]
    }
  },
  "Express": {
    "G1500 EXPRESS PASSENGER": {
      "years": [
        1997,
        1998,
        1999,
        2000,
        2001,
        2002,
        2003,
        2004,
        2005,
        2006,
        2007,
        2008,
        2009,
        2010
      ]
    },
    "G2500 EXPRESS PASSENGER": {
      "years": [
        1997,
        1998,
        1999,
        2000,
        2001,
        2002,
        2003,
        2004,
        2005,
        2006,
        2007,
        2008,
        2009,
        2010
      ]
    },
    "G2500 EXPRESS PASSENGER EXTENDED": {
      "years": [
        1997,
        1998,
        1999,
        2000,
        2001,
        2002,
        2003,
        2004,
        2005,
        2006,
        2007,
        2008,
        2009,
        2010
      ]
    },
    "G3500 EXPRESS PASSENGER": {
      "years": [
        1997,
        1998,
        1999,
        2000,
        2001,
        2002,
        2003,
        2004,
        2005,
        2006,
        2007,
        2008,
        2009,
        2010
      ]
    },
    "G3500 EXPRESS PASSENGER EXTENDED": {
      "years": [
        1997,
        1998,
        1999,
        2000,
        2001,
        2002,
        2003,
        2004,
        2005,
        2006,
        2007,
        2008,
        2009,
        2010
      ]
    },
    "G1500 EXPRESS CARGO": {
      "years": [
        2001,
        2002,
        2003,
        2004,
        2005,
        2006,
        2007,
        2008,
        2009,
        2010
      ]
    },
    "G2500 EXPRESS CARGO": {
      "years": [
        2001,
        2002,
        2003,
        2004,
        2005,
        2006,
        2007,
        2008,
        2009,
        2010
      ]
    },
    "G2500 EXPRESS CARGO EXTENDED": {
      "years": [
        2001,
        2002,
        2003,
        2004,
        2005,
        2006,
        2007,
        2008,
        2009,
        2010
      ]
    },
    "G3500 EXPRESS CARGO": {
      "years": [
        2001,
        2002,
        2003,
        2004,
        2005,
        2006,
        2007,
        2008,
        2009,
        2010
      ]
    },
    "G3500 EXPRESS CARGO EXTENDED": {
      "years": [
        2001,
        2002,
        2003,
        2004,
        2005,
        2006,
        2007,
        2008,
        2009,
        2010
      ]
    },
    "H1500 EXPRESS CARGO AWD": {
      "years": [
        2003,
        2004,
        2005,
        2006,
        2007,
        2008,
        2009,
        2010
      ]
    },
    "H1500 EXPRESS PASSENGER VAN AWD": {
      "years": [
        2003,
        2004,
        2005,
        2006,
        2007,
        2008,
        2009,
        2010
      ]
    },
    "H2500 EXPRESS CARGO AWD": {
      "years": [
        2003,
        2004,
        2005,
        2006,
        2007,
        2009,
        2010
      ]
    },
    "1500 EXPRESS CARGO VAN SWB": {
      "years": [
        2011,
        2012,
        2013,
        2014
      ]
    },
    "1500 EXPRESS CARGO VAN SWB AWD": {
      "years": [
        2011,
        2012,
        2013,
        2014
      ]
    },
    "1500 EXPRESS PASSENGER VAN SWB": {
      "years": [
        2011,
        2012,
        2013,
        2014
      ]
    },
    "1500 EXPRESS PASSENGER VAN SWB AWD": {
      "years": [
        2011,
        2012,
        2013,
        2014
      ]
    },
    "2500 EXPRESS CARGO VAN LWB": {
      "years": [
        2011,
        2012,
        2013,
        2014,
        2015,
        2016,
        2017,
        2018,
        2019,
        2020,
        2021,
        2022,
        2023,
        2024
      ]
    },
    "2500 EXPRESS CARGO VAN SWB": {
      "years": [
        2011,
        2012,
        2013,
        2014,
        2015,
        2016,
        2017,
        2018,
        2019,
        2020,
        2021,
        2022,
        2023,
        2024
      ]
    },
    "2500 EXPRESS PASSENGER VAN LWB": {
      "years": [
        2011,
        2012
      ]
    },
    "2500 EXPRESS PASSENGER VAN SWB": {
      "years": [
        2011,
        2012,
        2013,
        2014,
        2015,
        2016,
        2017,
        2018,
        2019,
        2020,
        2021,
        2022,
        2023,
        2024
      ]
    },
    "3500 EXPRESS CARGO VAN LWB": {
      "years": [
        2011,
        2012,
        2013,
        2014,
        2015,
        2016,
        2017,
        2018,
        2019,
        2020,
        2021,
        2022,
        2023,
        2024
      ]
    },
    "3500 EXPRESS CARGO VAN SWB": {
      "years": [
        2011,
        2012,
        2013,
        2014,
        2015,
        2016,
        2017,
        2018,
        2019,
        2020,
        2021,
        2022,
        2023,
        2024
      ]
    },
    "3500 EXPRESS PASSENGER VAN LWB": {
      "years": [
        2011,
        2012,
        2013,
        2014,
        2015,
        2016,
        2017,
        2018,
        2019,
        2020,
        2021,
        2022,
        2023,
        2024
      ]
    },
    "3500 EXPRESS PASSENGER VAN SWB": {
      "years": [
        2011,
        2012,
        2013,
        2014,
        2015,
        2016,
        2017,
        2018,
        2019,
        2020,
        2021,
        2022,
        2023,
        2024
      ]
    }
  },
  "Forward Control": {},
  "G-Series": {},
  "GMT-400": {},
  "Geo Prizm": {},
  "Geo Spectrum": {},
  "Geo Sprint": {},
  "HHR": {
    "HHR LS/LT 4DR WAGON": {
      "years": [
        2006,
        2007,
        2008,
        2009,
        2010,
        2011
      ]
    },
    "HHR SS 4DR WAGON": {
      "years": [
        2008,
        2009,
        2010
      ]
    }
  },
  "Hearse/Limo": {},
  "Hearse/Limo Commercial Chassis": {},
  "Heavy Conventional": {},
  "Hi-Cube": {},
  "Impala": {
    "IMPALA 4 DR": {
      "years": [
        1981,
        1982,
        1985
      ]
    },
    "IMPALA WAGON": {
      "years": [
        1981
      ]
    },
    "IMPALA 4 DR  WAGON": {
      "years": [
        1982
      ]
    },
    "IMPALA": {
      "years": [
        1983,
        1984
      ]
    },
    "IMPALA SS 4DR SEDAN": {
      "years": [
        1995,
        1996
      ]
    },
    "IMPALA 4DR SEDAN BASE/LS": {
      "years": [
        2000,
        2001,
        2002,
        2003
      ]
    },
    "IMPALA 4DR SEDAN FWD /SS": {
      "years": [
        2004,
        2005
      ]
    },
    "IMPALA 4DR SEDAN FWD BASE/LS": {
      "years": [
        2004,
        2005
      ]
    },
    "IMPALA 4DR SEDAN FWD LS/LT": {
      "years": [
        2006,
        2007,
        2008,
        2009,
        2010,
        2011
      ]
    },
    "IMPALA 4DR SEDAN FWD LTZ/SS": {
      "years": [
        2006,
        2007,
        2008,
        2009
      ]
    },
    "IMPALA 4DR SEDAN FWD LTZ": {
      "years": [
        2010,
        2011
      ]
    },
    "IMPALA 4DR SEDAN FWD LS/LT/LTZ": {
      "years": [
        2012,
        2013
      ]
    },
    "IMPALA 4DR SEDAN 2.5L LS/LT/LTZ/2.4ECO": {
      "years": [
        2014,
        2015,
        2016,
        2017,
        2018,
        2019,
        2020
      ]
    },
    "IMPALA 4DR SEDAN 3.6L LT/LTZ": {
      "years": [
        2014,
        2015,
        2016,
        2017,
        2018,
        2019,
        2020
      ]
    }
  },
  "Impala Limited": {
    "IMPALA LIMITED 4DR SEDAN FWD": {
      "years": [
        2014,
        2015,
        2016
      ]
    }
  },
  "Kalos": {},
  "LUV": {},
  "Lumina": {
    "LUMINA BASE/EUROSPORT 4 DR SEDAN": {
      "years": [
        1989
      ]
    },
    "LUMINA BASE/EURO 2DR COUPE": {
      "years": [
        1990
      ]
    },
    "LUMINA BASE/EURO 4DR SEDAN": {
      "years": [
        1990
      ]
    },
    "LUMINA COUPE/EURO 2DR COUPE": {
      "years": [
        1991
      ]
    },
    "LUMINA SEDAN/EURO 4DR SEDAN": {
      "years": [
        1991,
        1992,
        1993
      ]
    },
    "LUMINA Z34 COUPE": {
      "years": [
        1991,
        1992,
        1993
      ]
    },
    "LUMINA COUPE/EURO/3.4 EURO 2DR COUPE": {
      "years": [
        1992,
        1993
      ]
    },
    "LUMINA 2DR COUPE EURO": {
      "years": [
        1994
      ]
    },
    "LUMINA 2DR COUPE Z34": {
      "years": [
        1994
      ]
    },
    "LUMINA 3DR VAN BASE/LS": {
      "years": [
        1994,
        1995,
        1996
      ]
    },
    "LUMINA 3DR VAN CARGO": {
      "years": [
        1994,
        1995,
        1996
      ]
    },
    "LUMINA 4DR SEDAN BASE/EURO/EURO 3.4": {
      "years": [
        1994
      ]
    },
    "LUMINA 4DR SEDAN BASE/LS": {
      "years": [
        1995,
        1996
      ]
    },
    "LUMINA 4DR SEDAN BASE/LS/LTZ": {
      "years": [
        1997,
        1998,
        1999
      ]
    }
  },
  "Lumina APV": {
    "LUMINA APV BASE/LE WAGON": {
      "years": [
        1990
      ]
    },
    "LUMINA APV BASE/CL WAGON": {
      "years": [
        1991,
        1992,
        1993
      ]
    }
  },
  "Malibu": {
    "MALIBU 2 DR": {
      "years": [
        1981
      ]
    },
    "MALIBU 4 DR": {
      "years": [
        1981
      ]
    },
    "MALIBU WAGON": {
      "years": [
        1981
      ]
    },
    "MALIBU 4DR SEDAN BASE/LS": {
      "years": [
        1997,
        1998,
        1999,
        2000,
        2001,
        2002,
        2003
      ]
    },
    "MALIBU 4DR SEDAN FWD BASE": {
      "years": [
        2004,
        2005
      ]
    },
    "MALIBU 4DR SEDAN FWD LS/LT": {
      "years": [
        2004,
        2005,
        2007
      ]
    },
    "MALIBU MAXX 4DR WAGON FWD LS/LT": {
      "years": [
        2004,
        2005
      ]
    },
    "MALIBU 4DR SEDAN FWD LS": {
      "years": [
        2006
      ]
    },
    "MALIBU 4DR SEDAN FWD LT/LTZ": {
      "years": [
        2006
      ]
    },
    "MALIBU 4DR SEDAN FWD SS": {
      "years": [
        2006
      ]
    },
    "MALIBU MAXX 4DR WAGON FWD LT/LTZ": {
      "years": [
        2006,
        2007
      ]
    },
    "MALIBU MAXX 4DR WAGON FWD SS": {
      "years": [
        2006,
        2007
      ]
    },
    "MALIBU 4DR SEDAN FWD LTZ/SS": {
      "years": [
        2007
      ]
    },
    "MALIBU HYBRID 4DR SEDAN FWD": {
      "years": [
        2008,
        2009
      ]
    },
    "MALIBU LS/1LT/2LT/LTZ 4DR SEDAN FWD": {
      "years": [
        2008,
        2009
      ]
    },
    "MALIBU LS/LT 4DR SEDAN FWD": {
      "years": [
        2010
      ]
    },
    "MALIBU LTZ 4DR SEDAN FWD": {
      "years": [
        2010
      ]
    },
    "MALIBU 4DR SEDAN FWD I-4 LS/LT/LTZ": {
      "years": [
        2011
      ]
    },
    "MALIBU 4DR SEDAN FWD V6 LT/LTZ": {
      "years": [
        2011
      ]
    },
    "MALIBU 4DR SEDAN FWD LS/LT/LT PLATINUM/LTZ": {
      "years": [
        2012
      ]
    },
    "MALIBU 4DR SEDAN LS": {
      "years": [
        2013
      ]
    },
    "MALIBU 4DR SEDAN LT TURBO/LTZ TURBO/ECO": {
      "years": [
        2013
      ]
    },
    "MALIBU 4DR SEDAN LT/LTZ": {
      "years": [
        2013
      ]
    },
    "MALIBU 4DR SEDAN LS/LT/LTZ": {
      "years": [
        2014,
        2015
      ]
    },
    "MALIBU 4DR SEDAN TURBO LT/LTZ": {
      "years": [
        2015
      ]
    },
    "MALIBU L/LS/LT 4DR SEDAN": {
      "years": [
        2016,
        2017,
        2018,
        2019,
        2020
      ]
    },
    "MALIBU PREMIER/HYBRID 4DR SEDAN": {
      "years": [
        2016,
        2017,
        2018,
        2019
      ]
    },
    "MALIBU PREMIER 4DR SEDAN": {
      "years": [
        2020,
        2021,
        2022,
        2023,
        2024
      ]
    },
    "MALIBU LS/RS/LT 4DR SEDAN": {
      "years": [
        2021,
        2022,
        2023,
        2024
      ]
    }
  },
  "Malibu Classic": {
    "MALIBU CLASSIC 4 DR": {
      "years": [
        1982
      ]
    },
    "MALIBU CLASSIC 4 DR WAGON": {
      "years": [
        1982
      ]
    }
  },
  "Malibu Limited": {
    "MALIBU LIMITED 4DR SEDAN LS/LT/LTZ": {
      "years": [
        2016
      ]
    }
  },
  "Matiz": {},
  "Metro": {
    "GEO METRO 2DR HATCHBACK": {
      "years": [
        1992,
        1994,
        1995,
        1996,
        1997
      ]
    },
    "GEO METRO 4DR HATCHBACK": {
      "years": [
        1992,
        1993,
        1994
      ]
    },
    "GEO METRO 4DR SEDAN": {
      "years": [
        1992,
        1993,
        1994,
        1995,
        1996,
        1997
      ]
    },
    "GEO METRO CONVERTIBLE": {
      "years": [
        1992,
        1993
      ]
    },
    "GEO METRO 2DR HATCHBACK GSi": {
      "years": [
        1994
      ]
    },
    "GEO METRO 2DR HATCHBACK LSi": {
      "years": [
        1995,
        1996
      ]
    },
    "GEO METRO 4DR SEDAN LSi": {
      "years": [
        1995,
        1996
      ]
    },
    "METRO 2DR HATCHBACK": {
      "years": [
        1998,
        1999,
        2000
      ]
    },
    "METRO 4DR SEDAN": {
      "years": [
        1998,
        1999,
        2000
      ]
    }
  },
  "Military Truck": {},
  "Monte Carlo": {
    "MONTE CARLO": {
      "years": [
        1981,
        1982
      ]
    },
    "MONTE CARLO SPT. CP": {
      "years": [
        1983,
        1984
      ]
    },
    "MONTE CARLO SS": {
      "years": [
        1983,
        1984,
        1985,
        1986
      ]
    },
    "MONTE CARLO SPORT COUPE": {
      "years": [
        1985,
        1986
      ]
    },
    "MONTE CARLO LS 2 DR COUPE": {
      "years": [
        1987,
        1988
      ]
    },
    "MONTE CARLO SS 2 DR COUPE": {
      "years": [
        1987,
        1988
      ]
    },
    "MONTE CARLO 2DR COUPE LS": {
      "years": [
        1995,
        1996,
        1997,
        1998,
        1999
      ]
    },
    "MONTE CARLO 2DR COUPE Z34": {
      "years": [
        1995,
        1996,
        1997,
        1998,
        1999
      ]
    },
    "MONTE CARLO 2DR COUPE LS/SS": {
      "years": [
        2000,
        2001,
        2002,
        2003
      ]
    },
    "MONTE CARLO 2DR COUPE FWD /LS": {
      "years": [
        2004,
        2005
      ]
    },
    "MONTE CARLO 2DR COUPE FWD /SS": {
      "years": [
        2004,
        2005
      ]
    },
    "MONTE CARLO 2DR COUPE FWD /SS SUPERCHARGED": {
      "years": [
        2004,
        2005
      ]
    },
    "MONTE CARLO 2DR COUPE FWD LS/LT": {
      "years": [
        2006,
        2007
      ]
    },
    "MONTE CARLO 2DR COUPE FWD LTZ/SS": {
      "years": [
        2006
      ]
    },
    "MONTE CARLO 2DR COUPE FWD SS": {
      "years": [
        2007
      ]
    }
  },
  "Motorhome Chassis": {},
  "Nova": {
    "NOVA HATCHBACK": {
      "years": [
        1986
      ]
    },
    "NOVA SEDAN": {
      "years": [
        1986
      ]
    },
    "NOVA 4 DR HATCHBACK": {
      "years": [
        1987,
        1988
      ]
    },
    "NOVA 4 DR SEDAN": {
      "years": [
        1987,
        1988
      ]
    }
  },
  "Onix": {},
  "Optra": {
    "OPTRA / LS 4DR SEDAN FWD": {
      "years": [
        2004,
        2005
      ]
    },
    "OPTRA 5/LS 4DR HATCH FWD": {
      "years": [
        2005
      ]
    },
    "OPTRA WAGON/LS 4DR WAGON FWD": {
      "years": [
        2005
      ]
    },
    "OPTRA 5LS/LT 4DR HATCH FWD": {
      "years": [
        2006
      ]
    },
    "OPTRA WAGON LS/LT 4DR WAGON FWD": {
      "years": [
        2006,
        2007
      ]
    },
    "OPTRA5 LS/LT 4DR HATCH FWD": {
      "years": [
        2007
      ]
    }
  },
  "Orlando": {
    "ORLANDO 4DR MINIVAN LS/LT/LTZ": {
      "years": [
        2012,
        2013,
        2014,
        2015
      ]
    }
  },
  "P - Series": {},
  "P6S": {},
  "R Conventional": {},
  "S-10 Blazer": {
    "S-10 BLAZER 2DR 4 X 2": {
      "years": [
        1985,
        1986,
        1987,
        1990
      ]
    },
    "S-10 BLAZER 2DR 4 X 4": {
      "years": [
        1985,
        1986,
        1987,
        1990
      ]
    },
    "S-10 BLAZER 2DR 2X2": {
      "years": [
        1988
      ]
    },
    "S-10 BLAZER 2DR 4X4": {
      "years": [
        1988,
        1991,
        1992,
        1993
      ]
    },
    "S-10 BLAZER 2DR 4X2": {
      "years": [
        1989,
        1991,
        1992,
        1993
      ]
    },
    "S-10 BLAZER 4DR 4X2": {
      "years": [
        1991,
        1992,
        1993
      ]
    },
    "S-10 BLAZER 4DR 4X4": {
      "years": [
        1991,
        1992,
        1993
      ]
    }
  },
  "S-10 Pickup": {},
  "S6": {},
  "S7": {},
  "SS": {
    "CAB & CHASSIS C2500 OR C20": {
      "years": [
        1981
      ]
    },
    "CAB & CHASSIS C3500 or C30": {
      "years": [
        1981
      ]
    },
    "CAB & CHASSIS C3500 OR C30": {
      "years": [
        1981,
        1981,
        1981
      ]
    },
    "CAB CHASSIS K3500 OR K30": {
      "years": [
        1981,
        1981,
        1981
      ]
    },
    "CAB & CHASSIS-C2500 OR C20": {
      "years": [
        1982
      ]
    },
    "CAB & CHASSIS-C3500 OR C30": {
      "years": [
        1982,
        1982,
        1982,
        1982
      ]
    },
    "CAB CHASSIS-K3500 OR K30": {
      "years": [
        1982,
        1982,
        1982
      ]
    },
    "ASTRO AWD PASSENGER VAN": {
      "years": [
        1991,
        1992
      ]
    },
    "ASTRO EXTENDED LENGTH AWD PASSENGER VAN": {
      "years": [
        1991,
        1992
      ]
    },
    "ASTRO EXTENDED LENGTH RWD PASSENGER VAN": {
      "years": [
        1991,
        1992
      ]
    },
    "ASTRO RWD PASSENGER VAN": {
      "years": [
        1991,
        1992
      ]
    },
    "S-10 P/U REG CAB S/BOX SS": {
      "years": [
        1994,
        1995,
        1996
      ]
    },
    "K1500 P/U EXT CAB S/BOX S/SIDE 4X4": {
      "years": [
        1994,
        1995,
        1996,
        1997,
        1998
      ]
    },
    "K1500 P/U REG CAB S/BOX S/SIDE 4X4": {
      "years": [
        1994,
        1995,
        1996,
        1997,
        1998
      ]
    },
    "C1500 P/U EXT CAB S/BOX S/SIDE": {
      "years": [
        1994,
        1995,
        1996,
        1997,
        1998
      ]
    },
    "C1500 P/U REG CAB S/BOX S/SIDE": {
      "years": [
        1994,
        1995,
        1996,
        1997,
        1998
      ]
    },
    "S-10 P/U EXT CAB S/BOX S/SIDE": {
      "years": [
        1997,
        1998,
        1999,
        2000,
        2001,
        2002
      ]
    },
    "S-10 P/U EXT CAB S/BOX S/SIDE 4X4": {
      "years": [
        1997,
        1998,
        1999,
        2000,
        2001,
        2002
      ]
    },
    "S-10 P/U REG CAB S/BOX F/SIDE SS": {
      "years": [
        1997,
        1998
      ]
    },
    "S-10 P/U REG CAB S/BOX S/SIDE": {
      "years": [
        1997,
        1998,
        1999,
        2000,
        2001,
        2002
      ]
    },
    "S-10 P/U REG CAB S/BOX S/SIDE 4X4": {
      "years": [
        1997,
        1998,
        1999,
        2000
      ]
    },
    "S-10 P/U EXT CAB S/BOX F/SIDE SS": {
      "years": [
        1998
      ]
    },
    "S-10 P/U EXT CAB S/BOX S/SIDE SS": {
      "years": [
        1998
      ]
    },
    "S-10 P/U REG CAB S/BOX S/SIDE SS": {
      "years": [
        1998
      ]
    },
    "S-10 P/U EXT CAB S/BOX S/SIDE XTREME": {
      "years": [
        1999,
        2000,
        2001,
        2002
      ]
    },
    "S-10 P/U REG CAB S/BOX S/SIDE XTREME": {
      "years": [
        1999,
        2000,
        2001,
        2002
      ]
    }
  },
  "SSR": {
    "SSR REG CAB S/BOX RWD": {
      "years": [
        2003,
        2004,
        2005,
        2006
      ]
    }
  },
  "Silverado": {
    "SILVERADO 1500 EXT CAB L/BOX F/SIDE": {
      "years": [
        1999,
        2000,
        2001,
        2002
      ]
    },
    "SILVERADO 1500 EXT CAB L/BOX F/SIDE 4X4": {
      "years": [
        1999,
        2000,
        2001,
        2002
      ]
    },
    "SILVERADO 1500 EXT CAB S/BOX F/SIDE": {
      "years": [
        1999,
        2000,
        2001,
        2002
      ]
    },
    "SILVERADO 1500 EXT CAB S/BOX F/SIDE 4X4": {
      "years": [
        1999,
        2000,
        2001,
        2002
      ]
    },
    "SILVERADO 1500 EXT CAB S/BOX S/SIDE": {
      "years": [
        1999,
        2000,
        2001,
        2002
      ]
    },
    "SILVERADO 1500 EXT CAB S/BOX S/SIDE 4X4": {
      "years": [
        1999,
        2000,
        2001,
        2002
      ]
    },
    "SILVERADO 1500 REG CAB L/BOX F/SIDE": {
      "years": [
        1999,
        2000,
        2001,
        2002
      ]
    },
    "SILVERADO 1500 REG CAB L/BOX F/SIDE 4X4": {
      "years": [
        1999,
        2000,
        2001,
        2002
      ]
    },
    "SILVERADO 1500 REG CAB S/BOX F/SIDE": {
      "years": [
        1999,
        2000,
        2001,
        2002
      ]
    },
    "SILVERADO 1500 REG CAB S/BOX F/SIDE 4X4": {
      "years": [
        1999,
        2000,
        2001,
        2002
      ]
    },
    "SILVERADO 1500 REG CAB S/BOX S/SIDE": {
      "years": [
        1999,
        2000,
        2001,
        2002
      ]
    },
    "SILVERADO 1500 REG CAB S/BOX S/SIDE 4X4": {
      "years": [
        1999,
        2000,
        2001,
        2002
      ]
    },
    "SILVERADO 2500 EXT CAB L/BOX F/SIDE": {
      "years": [
        1999,
        2000
      ]
    },
    "SILVERADO 2500 EXT CAB L/BOX F/SIDE 4X4": {
      "years": [
        1999,
        2000
      ]
    },
    "SILVERADO 2500 EXT CAB S/BOX F/SIDE": {
      "years": [
        1999,
        2000
      ]
    },
    "SILVERADO 2500 EXT CAB S/BOX F/SIDE 4X4": {
      "years": [
        1999,
        2000,
        2001,
        2002
      ]
    },
    "SILVERADO 2500 REG CAB L/BOX F/SIDE": {
      "years": [
        1999,
        2000,
        2001,
        2002
      ]
    },
    "SILVERADO 2500 REG CAB L/BOX F/SIDE 4X4": {
      "years": [
        1999,
        2000
      ]
    },
    "SILVERADO 2500HD CREW CAB L/BOX": {
      "years": [
        2001,
        2002,
        2003,
        2004,
        2005,
        2006
      ]
    },
    "SILVERADO 2500HD CREW CAB L/BOX 4X4": {
      "years": [
        2001,
        2002,
        2003,
        2004,
        2005,
        2006,
        2008,
        2009,
        2010,
        2011,
        2012,
        2013,
        2014,
        2015,
        2016,
        2017,
        2018,
        2019,
        2020,
        2021,
        2022,
        2023,
        2024
      ]
    },
    "SILVERADO 2500HD CREW CAB S/BOX": {
      "years": [
        2001,
        2002,
        2003
      ]
    },
    "SILVERADO 2500HD CREW CAB S/BOX 4X4": {
      "years": [
        2001,
        2002,
        2003
      ]
    },
    "SILVERADO 2500HD EXT CAB L/BOX": {
      "years": [
        2001,
        2002,
        2003,
        2004,
        2005,
        2006
      ]
    },
    "SILVERADO 2500HD EXT CAB L/BOX 4X4": {
      "years": [
        2001,
        2002,
        2003,
        2004,
        2005,
        2006,
        2008,
        2009,
        2010,
        2011,
        2012,
        2013
      ]
    },
    "SILVERADO 2500HD EXT CAB S/BOX": {
      "years": [
        2001,
        2002,
        2003
      ]
    },
    "SILVERADO 2500HD EXT CAB S/BOX 4X4": {
      "years": [
        2001,
        2002,
        2003
      ]
    },
    "SILVERADO 2500HD REG CAB L/BOX": {
      "years": [
        2001,
        2002,
        2003,
        2004,
        2005,
        2006
      ]
    },
    "SILVERADO 2500HD REG CAB L/BOX 4X4": {
      "years": [
        2001,
        2002,
        2003,
        2004,
        2005,
        2006,
        2008,
        2009,
        2010,
        2011,
        2012,
        2013,
        2014,
        2015,
        2016,
        2017,
        2018,
        2019,
        2020,
        2021,
        2022,
        2023,
        2024
      ]
    },
    "SILVERADO 3500 CREW CAB L/BOX DRW": {
      "years": [
        2001,
        2002,
        2003,
        2004,
        2005,
        2006
      ]
    },
    "SILVERADO 3500 CREW CAB L/BOX DRW 4X4": {
      "years": [
        2001,
        2002,
        2003,
        2004,
        2005,
        2006
      ]
    },
    "SILVERADO 3500 EXT CAB L/BOX DRW": {
      "years": [
        2001,
        2002,
        2003,
        2004,
        2005,
        2006
      ]
    },
    "SILVERADO 3500 EXT CAB L/BOX DRW 4X4": {
      "years": [
        2001,
        2002,
        2003,
        2004,
        2005,
        2006
      ]
    },
    "SILVERADO 3500 REG CAB L/BOX DRW": {
      "years": [
        2001,
        2002
      ]
    },
    "SILVERADO 3500 REG CAB L/BOX DRW 4X4": {
      "years": [
        2001,
        2002,
        2003,
        2004,
        2005,
        2006
      ]
    },
    "SILVERADO 1500 EXT CAB L/BOX": {
      "years": [
        2003,
        2004,
        2005,
        2006
      ]
    },
    "SILVERADO 1500 EXT CAB L/BOX 4X4": {
      "years": [
        2003,
        2004,
        2005,
        2006,
        2008,
        2009,
        2010,
        2011,
        2012,
        2013
      ]
    },
    "SILVERADO 1500 EXT CAB S/BOX": {
      "years": [
        2003,
        2006
      ]
    },
    "SILVERADO 1500 EXT CAB S/BOX 4X4": {
      "years": [
        2003,
        2006,
        2008
      ]
    },
    "SILVERADO 1500 EXT CAB S/BOX 4X4 QUADRASTEER": {
      "years": [
        2003
      ]
    },
    "SILVERADO 1500 EXT CAB S/BOX QUADRASTEER": {
      "years": [
        2003
      ]
    },
    "SILVERADO 1500 REG CAB L/BOX": {
      "years": [
        2003,
        2004,
        2005,
        2006
      ]
    },
    "SILVERADO 1500 REG CAB L/BOX 4X4": {
      "years": [
        2003,
        2004,
        2005,
        2006,
        2008,
        2009,
        2010,
        2011,
        2012,
        2013,
        2014,
        2015,
        2016,
        2017,
        2018
      ]
    },
    "SILVERADO 1500 REG CAB S/BOX": {
      "years": [
        2003
      ]
    },
    "SILVERADO 1500 REG CAB SBOX 4X4": {
      "years": [
        2003
      ]
    },
    "SILVERADO 1500HD CREW CAB S/BOX": {
      "years": [
        2003
      ]
    },
    "SILVERADO 1500HD CREW CAB S/BOX 4X4": {
      "years": [
        2003
      ]
    },
    "SILVERADO 1500HD CREW CAB S/BOX 4X4 QUADRASTE": {
      "years": [
        2003,
        2005
      ]
    },
    "SILVERADO 1500HD CREW CAB S/BOX QUADRASTEER": {
      "years": [
        2003,
        2005
      ]
    },
    "SILVERADO 2500 EXT CAB S/BOX 4X4": {
      "years": [
        2003
      ]
    },
    "SILVERADO 2500 REG CAB L/BOX": {
      "years": [
        2003,
        2004,
        2005
      ]
    },
    "SILVERADO 1500 CREW CAB S/BOX": {
      "years": [
        2004,
        2005,
        2006
      ]
    },
    "SILVERADO 1500 CREW CAB S/BOX 4X4": {
      "years": [
        2004,
        2005,
        2006,
        2008,
        2009,
        2010,
        2011,
        2012,
        2013,
        2014,
        2015,
        2016,
        2017,
        2018
      ]
    },
    "SILVERADO 1500 EXT CAB M/BOX": {
      "years": [
        2004,
        2005,
        2006
      ]
    },
    "SILVERADO 1500 EXT CAB M/BOX 4X4": {
      "years": [
        2004,
        2005,
        2006,
        2008,
        2009,
        2010,
        2011,
        2012,
        2013
      ]
    },
    "SILVERADO 1500 EXT CAB M/BOX 4X4 QUADRASTEER": {
      "years": [
        2004,
        2005
      ]
    },
    "SILVERADO 1500 EXT CAB M/BOX QUADRASTEER": {
      "years": [
        2004
      ]
    },
    "SILVERADO 1500 REG CAB M/BOX": {
      "years": [
        2004,
        2005,
        2006
      ]
    },
    "SILVERADO 1500 REG CAB M/BOX 4X4": {
      "years": [
        2004,
        2005,
        2006,
        2008,
        2009,
        2010,
        2011,
        2012,
        2013,
        2014,
        2015,
        2016,
        2017,
        2018
      ]
    },
    "SILVERADO 1500HD CREW CAB M/BOX": {
      "years": [
        2004,
        2005,
        2006
      ]
    },
    "SILVERADO 1500HD CREW CAB M/BOX 4X4": {
      "years": [
        2004,
        2005,
        2006
      ]
    },
    "SILVERADO 1500HD CREW CAB M/BOX 4X4 QUADRASTE": {
      "years": [
        2004
      ]
    },
    "SILVERADO 1500HD CREW CAB M/BOX QUADRASTEER": {
      "years": [
        2004
      ]
    },
    "SILVERADO 2500 EXT CAB M/BOX 4X4": {
      "years": [
        2004,
        2005
      ]
    },
    "SILVERADO 2500HD CREW CAB M/BOX": {
      "years": [
        2004,
        2005,
        2006
      ]
    },
    "SILVERADO 2500HD CREW CAB M/BOX 4X4": {
      "years": [
        2004,
        2005,
        2006,
        2008,
        2009,
        2010,
        2011,
        2012,
        2013,
        2014,
        2015,
        2016,
        2017,
        2018,
        2019,
        2020,
        2021,
        2022,
        2023,
        2024
      ]
    },
    "SILVERADO 2500HD EXT CAB M/BOX": {
      "years": [
        2004,
        2005,
        2006
      ]
    },
    "SILVERADO 2500HD EXT CAB M/BOX 4X4": {
      "years": [
        2004,
        2005,
        2006,
        2008,
        2009,
        2010,
        2011,
        2012,
        2013
      ]
    },
    "SILVERADO HYBRID EXT CAB M/BOX": {
      "years": [
        2005,
        2006
      ]
    },
    "SILVERADO 3500 CREW CAB L/BOX SRW": {
      "years": [
        2006
      ]
    },
    "SILVERADO 3500 CREW CAB L/BOX SRW 4X4": {
      "years": [
        2006
      ]
    },
    "SILVERADO 3500 EXT CAB L/BOX SRW": {
      "years": [
        2006
      ]
    },
    "SILVERADO 3500 EXT CAB L/BOX SRW 4X4": {
      "years": [
        2006
      ]
    },
    "SILVERADO 3500 REG CAB L/BOX SRW 4X4": {
      "years": [
        2006
      ]
    },
    "NEXT GEN SILVERADO 1500 CREW CAB S/BOX 2WD": {
      "years": [
        2007
      ]
    },
    "NEXT GEN SILVERADO 1500 CREW CAB S/BOX 4X4": {
      "years": [
        2007
      ]
    },
    "NEXT GEN SILVERADO 1500 EXT CAB L/BOX 2WD": {
      "years": [
        2007
      ]
    },
    "NEXT GEN SILVERADO 1500 EXT CAB L/BOX 4X4": {
      "years": [
        2007
      ]
    },
    "NEXT GEN SILVERADO 1500 EXT CAB M/BOX 2WD": {
      "years": [
        2007
      ]
    },
    "NEXT GEN SILVERADO 1500 EXT CAB M/BOX 4X4": {
      "years": [
        2007
      ]
    },
    "NEXT GEN SILVERADO 1500 EXT CAB S/BOX 2WD": {
      "years": [
        2007
      ]
    },
    "NEXT GEN SILVERADO 1500 EXT CAB S/BOX 4X4": {
      "years": [
        2007
      ]
    },
    "NEXT GEN SILVERADO 1500 REG CAB L/BOX 2WD": {
      "years": [
        2007
      ]
    },
    "NEXT GEN SILVERADO 1500 REG CAB L/BOX 4X4": {
      "years": [
        2007
      ]
    },
    "NEXT GEN SILVERADO 1500 REG CAB M/BOX 2WD": {
      "years": [
        2007
      ]
    },
    "NEXT GEN SILVERADO 1500 REG CAB M/BOX 4X4": {
      "years": [
        2007
      ]
    },
    "NEXT GEN SILVERADO 2500HD CREW CAB L/BOX 2WD": {
      "years": [
        2007
      ]
    },
    "NEXT GEN SILVERADO 2500HD CREW CAB L/BOX 4X4": {
      "years": [
        2007
      ]
    },
    "NEXT GEN SILVERADO 2500HD CREW CAB M/BOX 2WD": {
      "years": [
        2007
      ]
    },
    "NEXT GEN SILVERADO 2500HD CREW CAB M/BOX 4X4": {
      "years": [
        2007
      ]
    },
    "NEXT GEN SILVERADO 2500HD EXT CAB L/BOX 2WD": {
      "years": [
        2007
      ]
    },
    "NEXT GEN SILVERADO 2500HD EXT CAB L/BOX 4X4": {
      "years": [
        2007
      ]
    },
    "NEXT GEN SILVERADO 2500HD EXT CAB M/BOX 2WD": {
      "years": [
        2007
      ]
    },
    "NEXT GEN SILVERADO 2500HD EXT CAB M/BOX 4X4": {
      "years": [
        2007
      ]
    },
    "NEXT GEN SILVERADO 2500HD REG CAB L/BOX 2WD": {
      "years": [
        2007
      ]
    },
    "NEXT GEN SILVERADO 2500HD REG CAB L/BOX 4X4": {
      "years": [
        2007
      ]
    },
    "NEXT GEN SILVERADO 3500 CREW CAB L/BOX 2WD DR": {
      "years": [
        2007
      ]
    },
    "NEXT GEN SILVERADO 3500 CREW CAB L/BOX 2WD SR": {
      "years": [
        2007
      ]
    },
    "NEXT GEN SILVERADO 3500 CREW CAB L/BOX 4X4 DR": {
      "years": [
        2007
      ]
    },
    "NEXT GEN SILVERADO 3500 CREW CAB L/BOX 4X4 SR": {
      "years": [
        2007
      ]
    },
    "NEXT GEN SILVERADO 3500 EXT CAB L/BOX 2WD DRW": {
      "years": [
        2007
      ]
    },
    "NEXT GEN SILVERADO 3500 EXT CAB L/BOX 2WD SRW": {
      "years": [
        2007
      ]
    },
    "NEXT GEN SILVERADO 3500 EXT CAB L/BOX 4X4 DRW": {
      "years": [
        2007
      ]
    },
    "NEXT GEN SILVERADO 3500 EXT CAB L/BOX 4X4 SRW": {
      "years": [
        2007
      ]
    },
    "NEXT GEN SILVERADO 3500 REG CAB L/BOX 4X4 DRW": {
      "years": [
        2007
      ]
    },
    "NEXT GEN SILVERADO 3500 REG CAB L/BOX 4X4 SRW": {
      "years": [
        2007
      ]
    },
    "SILVERADO CLASSIC 1500 CREW CAB S/BOX": {
      "years": [
        2007
      ]
    },
    "SILVERADO CLASSIC 1500 CREW CAB S/BOX 4X4": {
      "years": [
        2007
      ]
    },
    "SILVERADO CLASSIC 1500 EXT CAB L/BOX": {
      "years": [
        2007
      ]
    },
    "SILVERADO CLASSIC 1500 EXT CAB L/BOX 4X4": {
      "years": [
        2007
      ]
    },
    "SILVERADO CLASSIC 1500 EXT CAB M/BOX": {
      "years": [
        2007
      ]
    },
    "SILVERADO CLASSIC 1500 EXT CAB M/BOX 4X4": {
      "years": [
        2007
      ]
    },
    "SILVERADO CLASSIC 1500 EXT CAB S/BOX": {
      "years": [
        2007
      ]
    },
    "SILVERADO CLASSIC 1500 EXT CAB S/BOX 4X4": {
      "years": [
        2007
      ]
    },
    "SILVERADO CLASSIC 1500 REG CAB L/BOX": {
      "years": [
        2007
      ]
    },
    "SILVERADO CLASSIC 1500 REG CAB L/BOX 4X4": {
      "years": [
        2007
      ]
    },
    "SILVERADO CLASSIC 1500 REG CAB M/BOX": {
      "years": [
        2007
      ]
    },
    "SILVERADO CLASSIC 1500 REG CAB M/BOX 4X4": {
      "years": [
        2007
      ]
    },
    "SILVERADO CLASSIC 1500HD CREW CAB M/BOX": {
      "years": [
        2007
      ]
    },
    "SILVERADO CLASSIC 1500HD CREW CAB M/BOX 4X4": {
      "years": [
        2007
      ]
    },
    "SILVERADO CLASSIC 2500HD CREW CAB L/BOX": {
      "years": [
        2007
      ]
    },
    "SILVERADO CLASSIC 2500HD CREW CAB L/BOX 4X4": {
      "years": [
        2007
      ]
    },
    "SILVERADO CLASSIC 2500HD CREW CAB M/BOX": {
      "years": [
        2007
      ]
    },
    "SILVERADO CLASSIC 2500HD CREW CAB M/BOX 4X4": {
      "years": [
        2007
      ]
    },
    "SILVERADO CLASSIC 2500HD EXT CAB L/BOX": {
      "years": [
        2007
      ]
    },
    "SILVERADO CLASSIC 2500HD EXT CAB L/BOX 4X4": {
      "years": [
        2007
      ]
    },
    "SILVERADO CLASSIC 2500HD EXT CAB M/BOX": {
      "years": [
        2007
      ]
    },
    "SILVERADO CLASSIC 2500HD EXT CAB M/BOX 4X4": {
      "years": [
        2007
      ]
    },
    "SILVERADO CLASSIC 2500HD REG CAB L/BOX": {
      "years": [
        2007
      ]
    },
    "SILVERADO CLASSIC 2500HD REG CAB L/BOX 4X4": {
      "years": [
        2007
      ]
    },
    "SILVERADO CLASSIC 3500 CREW CAB L/BOX DRW": {
      "years": [
        2007
      ]
    },
    "SILVERADO CLASSIC 3500 CREW CAB L/BOX DRW 4X4": {
      "years": [
        2007
      ]
    },
    "SILVERADO CLASSIC 3500 CREW CAB L/BOX SRW": {
      "years": [
        2007
      ]
    },
    "SILVERADO CLASSIC 3500 CREW CAB L/BOX SRW 4X4": {
      "years": [
        2007
      ]
    },
    "SILVERADO CLASSIC 3500 EXT CAB L/BOX DRW": {
      "years": [
        2007
      ]
    },
    "SILVERADO CLASSIC 3500 EXT CAB L/BOX DRW 4X4": {
      "years": [
        2007
      ]
    },
    "SILVERADO CLASSIC 3500 EXT CAB L/BOX SRW": {
      "years": [
        2007
      ]
    },
    "SILVERADO CLASSIC 3500 EXT CAB L/BOX SRW 4X4": {
      "years": [
        2007
      ]
    },
    "SILVERADO CLASSIC 3500 REG CAB L/BOX DRW 4X4": {
      "years": [
        2007
      ]
    },
    "SILVERADO CLASSIC 3500 REG CAB L/BOX SRW 4X4": {
      "years": [
        2007
      ]
    },
    "SILVERADO HYBRID EXT CAB S/BOX": {
      "years": [
        2007
      ]
    },
    "SILVERADO 1500 CREW CAB S/BOX 2WD": {
      "years": [
        2008,
        2009,
        2010,
        2011,
        2012,
        2013,
        2014,
        2015,
        2016,
        2017,
        2018,
        2019,
        2020,
        2021,
        2022,
        2023,
        2024
      ]
    },
    "SILVERADO 1500 EXT CAB L/BOX 2WD": {
      "years": [
        2008,
        2009,
        2010,
        2011,
        2012,
        2013
      ]
    },
    "SILVERADO 1500 EXT CAB M/BOX 2WD": {
      "years": [
        2008,
        2009,
        2010,
        2011,
        2012,
        2013
      ]
    },
    "SILVERADO 1500 EXT CAB S/BOX 2WD": {
      "years": [
        2008
      ]
    },
    "SILVERADO 1500 REG CAB L/BOX 2WD": {
      "years": [
        2008,
        2009,
        2010,
        2011,
        2012,
        2013,
        2014,
        2015,
        2016,
        2017,
        2018
      ]
    },
    "SILVERADO 1500 REG CAB M/BOX 2WD": {
      "years": [
        2008,
        2009,
        2010,
        2011,
        2012,
        2013,
        2014,
        2015,
        2016,
        2017,
        2018,
        2020,
        2021,
        2022,
        2023,
        2024
      ]
    },
    "SILVERADO 2500HD CREW CAB L/BOX 2WD": {
      "years": [
        2008,
        2009,
        2010,
        2011,
        2012,
        2013,
        2014,
        2015,
        2016,
        2017,
        2018,
        2019,
        2020,
        2021,
        2022,
        2023,
        2024
      ]
    },
    "SILVERADO 2500HD CREW CAB M/BOX 2WD": {
      "years": [
        2008,
        2009,
        2010,
        2011,
        2012,
        2013,
        2014,
        2015,
        2016,
        2017,
        2018,
        2019,
        2020,
        2021,
        2022,
        2023,
        2024
      ]
    },
    "SILVERADO 2500HD EXT CAB L/BOX 2WD": {
      "years": [
        2008,
        2009,
        2010,
        2011,
        2012,
        2013
      ]
    },
    "SILVERADO 2500HD EXT CAB M/BOX 2WD": {
      "years": [
        2008,
        2009,
        2010,
        2011,
        2012,
        2013
      ]
    },
    "SILVERADO 2500HD REG CAB L/BOX 2WD": {
      "years": [
        2008,
        2009,
        2010,
        2011,
        2012,
        2013,
        2014,
        2015,
        2016,
        2017,
        2018,
        2019,
        2020,
        2021,
        2022,
        2023,
        2024
      ]
    },
    "SILVERADO 3500 CREW CAB L/BOX 2WD DRW": {
      "years": [
        2008,
        2009,
        2010,
        2011,
        2012,
        2013,
        2014
      ]
    },
    "SILVERADO 3500 CREW CAB L/BOX 2WD SRW": {
      "years": [
        2008,
        2009,
        2010,
        2011,
        2012,
        2013,
        2014
      ]
    },
    "SILVERADO 3500 CREW CAB L/BOX 4X4 DRW": {
      "years": [
        2008,
        2009,
        2010,
        2011,
        2012,
        2013,
        2014
      ]
    },
    "SILVERADO 3500 CREW CAB L/BOX 4X4 SRW": {
      "years": [
        2008,
        2009,
        2010,
        2011,
        2012,
        2013,
        2014
      ]
    },
    "SILVERADO 3500 EXT CAB L/BOX 2WD DRW": {
      "years": [
        2008,
        2009,
        2010,
        2011,
        2012,
        2013
      ]
    },
    "SILVERADO 3500 EXT CAB L/BOX 2WD SRW": {
      "years": [
        2008,
        2009,
        2010,
        2011,
        2012,
        2013
      ]
    },
    "SILVERADO 3500 EXT CAB L/BOX 4X4 DRW": {
      "years": [
        2008,
        2009,
        2010,
        2011,
        2012,
        2013
      ]
    },
    "SILVERADO 3500 EXT CAB L/BOX 4X4 SRW": {
      "years": [
        2008,
        2009,
        2010,
        2011,
        2012,
        2013
      ]
    },
    "SILVERADO 3500 REG CAB L/BOX 4X4 DRW": {
      "years": [
        2008,
        2009,
        2010,
        2011,
        2012,
        2013,
        2014
      ]
    },
    "SILVERADO 3500 REG CAB L/BOX 4X4 SRW": {
      "years": [
        2008,
        2009,
        2010,
        2011,
        2012,
        2013,
        2014
      ]
    },
    "SILVERADO 1500 HYBRID CREW CAB S/BOX 2WD": {
      "years": [
        2009,
        2010,
        2011,
        2012,
        2013
      ]
    },
    "SILVERADO 1500 HYBRID CREW CAB S/BOX 4X4": {
      "years": [
        2009,
        2010,
        2011,
        2012,
        2013
      ]
    },
    "SILVERADO 3500 REG CAB L/BOX 2WD": {
      "years": [
        2009,
        2010
      ]
    },
    "SILVERADO 3500 CREW CAB M/BOX 2X4 SRW": {
      "years": [
        2011,
        2012,
        2013,
        2014
      ]
    },
    "SILVERADO 3500 CREW CAB M/BOX 4X4 SRW": {
      "years": [
        2011,
        2012,
        2013,
        2014
      ]
    },
    "SILVERADO 3500 REG CAB L/BOX 2WD DRW": {
      "years": [
        2011,
        2012,
        2013,
        2014
      ]
    },
    "SILVERADO 3500 REG CAB L/BOX 2WD SRW": {
      "years": [
        2011,
        2012,
        2013,
        2014
      ]
    },
    "SILVERADO 1500 CREW CAB M/BOX 2WD": {
      "years": [
        2014,
        2015,
        2016,
        2017,
        2018,
        2019,
        2020,
        2021,
        2022,
        2023,
        2024
      ]
    },
    "SILVERADO 1500 CREW CAB M/BOX 4X4": {
      "years": [
        2014,
        2015,
        2016,
        2017,
        2018
      ]
    },
    "SILVERADO 1500 DOUBLE CAB M/BOX 2WD": {
      "years": [
        2014,
        2015,
        2016,
        2017,
        2018,
        2019,
        2020,
        2021,
        2022,
        2023,
        2024
      ]
    },
    "SILVERADO 1500 DOUBLE CAB M/BOX 4X4": {
      "years": [
        2014,
        2015,
        2016,
        2017,
        2018
      ]
    },
    "SILVERADO 2500HD DOUBLE CAB L/BOX 2WD": {
      "years": [
        2015,
        2016,
        2017,
        2018,
        2019,
        2020,
        2021,
        2022,
        2023,
        2024
      ]
    },
    "SILVERADO 2500HD DOUBLE CAB L/BOX 4X4": {
      "years": [
        2015,
        2016,
        2017,
        2018,
        2019,
        2020,
        2021,
        2022,
        2023,
        2024
      ]
    },
    "SILVERADO 2500HD DOUBLE CAB M/BOX 2WD": {
      "years": [
        2015,
        2016,
        2017,
        2018,
        2019,
        2020,
        2021,
        2022,
        2023,
        2024
      ]
    },
    "SILVERADO 2500HD DOUBLE CAB M/BOX 4X4": {
      "years": [
        2015,
        2016,
        2017,
        2018,
        2019,
        2020,
        2021,
        2022,
        2023,
        2024
      ]
    },
    "SILVERADO 3500HD CREW CAB L/BOX DRW 2WD": {
      "years": [
        2015,
        2016,
        2017,
        2018,
        2019,
        2020,
        2021,
        2022,
        2023,
        2024
      ]
    },
    "SILVERADO 3500HD CREW CAB L/BOX DRW 4X4": {
      "years": [
        2015,
        2016,
        2017,
        2018,
        2019,
        2020,
        2021,
        2022,
        2023,
        2024
      ]
    },
    "SILVERADO 3500HD CREW CAB L/BOX SRW 2WD": {
      "years": [
        2015,
        2016,
        2017,
        2018,
        2019,
        2020,
        2021,
        2022,
        2023,
        2024
      ]
    },
    "SILVERADO 3500HD CREW CAB L/BOX SRW 4X4": {
      "years": [
        2015,
        2016,
        2017,
        2018,
        2019,
        2020,
        2021,
        2022,
        2023,
        2024
      ]
    },
    "SILVERADO 3500HD CREW CAB M/BOX 2WD": {
      "years": [
        2015,
        2016,
        2017,
        2018,
        2019,
        2020,
        2021,
        2022,
        2023,
        2024
      ]
    },
    "SILVERADO 3500HD CREW CAB M/BOX 4X4": {
      "years": [
        2015,
        2016,
        2017,
        2018,
        2019,
        2020,
        2021,
        2022,
        2023,
        2024
      ]
    },
    "SILVERADO 3500HD DOUBLE CAB L/BOX DRW 2WD": {
      "years": [
        2015,
        2016,
        2017,
        2018,
        2019,
        2020,
        2021,
        2022,
        2023,
        2024
      ]
    },
    "SILVERADO 3500HD DOUBLE CAB L/BOX DRW 4X4": {
      "years": [
        2015,
        2016,
        2017,
        2018,
        2019,
        2020,
        2021,
        2022,
        2023,
        2024
      ]
    },
    "SILVERADO 3500HD DOUBLE CAB L/BOX SRW 2WD": {
      "years": [
        2015,
        2016,
        2017,
        2018,
        2019,
        2020,
        2021,
        2022,
        2023,
        2024
      ]
    },
    "SILVERADO 3500HD DOUBLE CAB L/BOX SRW 4X4": {
      "years": [
        2015,
        2016,
        2017,
        2018,
        2019,
        2020,
        2021,
        2022,
        2023,
        2024
      ]
    },
    "SILVERADO 3500HD REG CAB L/BOX DRW 2WD": {
      "years": [
        2015,
        2016,
        2017,
        2018,
        2019,
        2020,
        2021,
        2022,
        2023,
        2024
      ]
    },
    "SILVERADO 3500HD REG CAB L/BOX DRW 4X4": {
      "years": [
        2015,
        2016,
        2017,
        2018,
        2019,
        2020,
        2021,
        2022,
        2023,
        2024
      ]
    },
    "SILVERADO 3500HD REG CAB L/BOX SRW 2WD": {
      "years": [
        2015,
        2016,
        2017,
        2018,
        2019,
        2020,
        2021,
        2022,
        2023,
        2024
      ]
    },
    "SILVERADO 3500HD REG CAB L/BOX SRW 4X4": {
      "years": [
        2015,
        2016,
        2017,
        2018,
        2019,
        2020,
        2021,
        2022,
        2023,
        2024
      ]
    },
    "SILVERADO 1500 CREW CAB M/BOX 4WD": {
      "years": [
        2019,
        2020,
        2021,
        2022,
        2023,
        2024
      ]
    },
    "SILVERADO 1500 CREW CAB S/BOX 4WD": {
      "years": [
        2019,
        2020,
        2021,
        2022,
        2023,
        2024
      ]
    },
    "SILVERADO 1500 DOUBLE CAB M/BOX 4WD": {
      "years": [
        2019,
        2020,
        2021,
        2022,
        2023,
        2024
      ]
    },
    "SILVERADO 1500 LD 2WD": {
      "years": [
        2019
      ]
    },
    "SILVERADO 1500 LD 4WD": {
      "years": [
        2019
      ]
    },
    "SILVERADO 1500 REG CAB M/BOX 4WD": {
      "years": [
        2020,
        2021,
        2022,
        2023,
        2024
      ]
    }
  },
  "Silverado EV": {
    "SILVERADO EV 4WT 4DR PICKUP": {
      "years": [
        2024,
        2025
      ]
    },
    "SILVERADO EV RST 4DR PICKUP": {
      "years": [
        2024,
        2025
      ]
    }
  },
  "Silverado HD": {},
  "Silverado LD": {},
  "Silverado LTD": {},
  "Sonic": {
    "SONIC 4DR SEDAN LS/LT/LTZ": {
      "years": [
        2012,
        2013
      ]
    },
    "SONIC 5DR HATCHBACK LS/LT/LTZ": {
      "years": [
        2012
      ]
    },
    "SONIC 5DR HATCHBACK LS/LT/LTZ/RS": {
      "years": [
        2013,
        2014,
        2015,
        2016
      ]
    },
    "SONIC 4DR SEDAN LS/LT/LTZ/RS": {
      "years": [
        2014,
        2015,
        2016
      ]
    },
    "SONIC 4DR SEDAN": {
      "years": [
        2017,
        2018,
        2019,
        2020
      ]
    },
    "SONIC 5DR HATCHBACK": {
      "years": [
        2017,
        2018,
        2019,
        2020
      ]
    }
  },
  "Spark": {
    "SPARK 4DR HATCHBACK LS/LT": {
      "years": [
        2013,
        2014,
        2015,
        2016
      ]
    },
    "SPARK EV 4DR HATCHBACK LS/LT": {
      "years": [
        2016
      ]
    },
    "SPARK 4DR HATCHBACK": {
      "years": [
        2017,
        2018,
        2019,
        2020,
        2021,
        2022,
        2023
      ]
    },
    "SPARK EV 4DR HATCHBACK": {
      "years": [
        2017,
        2018,
        2019,
        2020
      ]
    }
  },
  "Suburban": {
    "GMC SUBURBAN C1500": {
      "years": [
        1982
      ]
    },
    "GMC SUBURBAN C2500": {
      "years": [
        1982
      ]
    },
    "GMC SUBURBAN K1500": {
      "years": [
        1982
      ]
    },
    "GMC SUBURBAN K2500": {
      "years": [
        1982
      ]
    },
    "SUBURBAN 4 X 2": {
      "years": [
        1985,
        1986,
        1987
      ]
    },
    "SUBURBAN 4 X 4": {
      "years": [
        1985,
        1986,
        1987
      ]
    },
    "V10 SUBURBAN": {
      "years": [
        1988
      ]
    },
    "V20 SUBURBAN 4X4": {
      "years": [
        1988,
        1989,
        1990
      ]
    },
    "R10 SUBURBAN": {
      "years": [
        1988
      ]
    },
    "R20 SUBURBAN": {
      "years": [
        1988
      ]
    },
    "V10 SUBURBAN 4X4": {
      "years": [
        1989,
        1990
      ]
    },
    "R10 SUBURBAN  2WD": {
      "years": [
        1989,
        1990
      ]
    },
    "R20 SUBURBAN 2WD": {
      "years": [
        1989,
        1990
      ]
    },
    "V1500 SUBURBAN 4X4": {
      "years": [
        1991
      ]
    },
    "V2500 SUBURBAN 4X4": {
      "years": [
        1991
      ]
    },
    "R1500 SUBURBAN  2WD": {
      "years": [
        1991
      ]
    },
    "R2500 SUBURBAN  2WD": {
      "years": [
        1991
      ]
    },
    "K2500 SUBURBAN 4X4": {
      "years": [
        1992,
        1993
      ]
    },
    "K1500 SUBURBAN 4X4": {
      "years": [
        1992,
        1993
      ]
    },
    "C2500 SUBURBAN 4X2": {
      "years": [
        1992,
        1993
      ]
    },
    "C1500 SUBURBAN  4X2": {
      "years": [
        1992,
        1993
      ]
    },
    "SUBURBAN C1500 4DR 4X2": {
      "years": [
        1994,
        2000,
        2001,
        2003
      ]
    },
    "SUBURBAN C2500 4DR 4X2": {
      "years": [
        1994,
        2000,
        2001,
        2002,
        2003
      ]
    },
    "SUBURBAN K1500 4DR 4X4": {
      "years": [
        1994,
        2000,
        2001,
        2002,
        2003
      ]
    },
    "SUBURBAN K2500 4DR 4X4": {
      "years": [
        1994,
        2000,
        2001,
        2002,
        2003
      ]
    },
    "SUBURBAN C1500 4DR 4X2 BASE/LS/LT": {
      "years": [
        1995,
        1996,
        1997,
        1998,
        1999
      ]
    },
    "SUBURBAN C2500 4DR 4X2 BASE/LS/LT": {
      "years": [
        1995,
        1996,
        1997,
        1998,
        1999
      ]
    },
    "SUBURBAN K1500 4DR 4X4 BASE/LS/LT": {
      "years": [
        1995,
        1996,
        1997,
        1998,
        1999
      ]
    },
    "SUBURBAN K2500 4DR 4X4 BASE/LS/LT": {
      "years": [
        1995,
        1996,
        1997,
        1998,
        1999
      ]
    },
    "SUBURBAN 4DR SUV LS/LT": {
      "years": [
        2002
      ]
    },
    "SUBURBAN 4DR RWD /LS/LT": {
      "years": [
        2004,
        2005,
        2006
      ]
    },
    "SUBURBAN 4DR 4WD /LS/LT": {
      "years": [
        2006
      ]
    },
    "SUBURBAN 4DR SUV 4WD LTZ": {
      "years": [
        2007,
        2008,
        2009
      ]
    },
    "SUBURBAN 4DR SUV RWD LS/LT": {
      "years": [
        2007,
        2008,
        2009
      ]
    },
    "SUBURBAN 1500 4DR SUV 4WD": {
      "years": [
        2010,
        2011,
        2012,
        2013,
        2014
      ]
    },
    "SUBURBAN 1500 4DR SUV RWD": {
      "years": [
        2010,
        2011,
        2012,
        2013,
        2014
      ]
    },
    "SUBURBAN 2500 4DR SUV 4WD": {
      "years": [
        2010,
        2011,
        2012,
        2013
      ]
    },
    "SUBURBAN 2500 4DR SUV RWD": {
      "years": [
        2010,
        2011,
        2012,
        2013
      ]
    },
    "SUBURBAN 4DR SUV AWD": {
      "years": [
        2015,
        2016,
        2017,
        2018,
        2019,
        2020,
        2021,
        2022,
        2023,
        2024
      ]
    },
    "SUBURBAN 4DR SUV RWD": {
      "years": [
        2015,
        2016,
        2017,
        2018,
        2019,
        2020,
        2021,
        2022,
        2023,
        2024
      ]
    }
  },
  "Suburban HD": {},
  "Tahoe": {
    "TAHOE K1500 2DR SUV 4X4 BASE/LS/LT/SPORT": {
      "years": [
        1995,
        1996,
        1997,
        1998,
        1999
      ]
    },
    "TAHOE K1500 4DR SUV 4X4 BASE/LS/LT/SPORT": {
      "years": [
        1995,
        1996,
        1997,
        1998,
        1999
      ]
    },
    "TAHOE C1500 2DR SUV 4X2 BASE/LS/LT/SPORT": {
      "years": [
        1996,
        1997,
        1998,
        1999
      ]
    },
    "TAHOE C1500 4DR SUV 4X2 BASE/LS/LT/SPORT": {
      "years": [
        1996,
        1997,
        1998,
        1999
      ]
    },
    "TAHOE C1500 2DR 4X2": {
      "years": [
        2000
      ]
    },
    "TAHOE C2500 2DR 4X2": {
      "years": [
        2000
      ]
    },
    "TAHOE K1500 2DR 4X4": {
      "years": [
        2000
      ]
    },
    "TAHOE K1500 4DR 4X4 Z71": {
      "years": [
        2000
      ]
    },
    "TAHOE K2500 2DR 4X4": {
      "years": [
        2000
      ]
    },
    "TAHOE C1500 4DR 4X2": {
      "years": [
        2001
      ]
    },
    "TAHOE K1500 4DR 4X4": {
      "years": [
        2001
      ]
    },
    "TAHOE 4DR SUV LS/LT RWD": {
      "years": [
        2002,
        2003
      ]
    },
    "TAHOE 4DR SUV RWD LS/LT": {
      "years": [
        2004,
        2005,
        2006,
        2008,
        2009,
        2010,
        2011,
        2012,
        2013,
        2014
      ]
    },
    "TAHOE 4DR SUV 2WD": {
      "years": [
        2007
      ]
    },
    "TAHOE 4DR SUV 4WD": {
      "years": [
        2007
      ]
    },
    "TAHOE 4DR SUV 4WD LTZ": {
      "years": [
        2008,
        2009,
        2010,
        2011,
        2012
      ]
    },
    "TAHOE HYBRID 4DR SUV 2WD": {
      "years": [
        2008,
        2009,
        2010,
        2011,
        2012
      ]
    },
    "TAHOE HYBRID 4DR SUV 4WD": {
      "years": [
        2008,
        2009,
        2010,
        2011,
        2012,
        2013
      ]
    },
    "TAHOE 4DR SUV 4WD LS/LT/LTZ": {
      "years": [
        2013,
        2014
      ]
    },
    "TAHOE HYBRID 4DR SUV RWD": {
      "years": [
        2013
      ]
    },
    "TAHOE 4DR SUV AWD": {
      "years": [
        2015,
        2016,
        2017,
        2018,
        2019,
        2020,
        2021,
        2022,
        2023,
        2024
      ]
    },
    "TAHOE 4DR SUV RWD": {
      "years": [
        2015,
        2016,
        2017,
        2018,
        2019,
        2020,
        2021,
        2022,
        2023,
        2024
      ]
    }
  },
  "Tracker": {
    "CHEVY (GEO) TRACKER   CONVERTIBLE": {
      "years": [
        1989,
        1991
      ]
    },
    "CHEVY (GEO) TRACKER   HARD TOP": {
      "years": [
        1989,
        1991
      ]
    },
    "CHEVY TRACKER   CONVERTIBLE": {
      "years": [
        1990
      ]
    },
    "CHEVY TRACKER   HARD TOP": {
      "years": [
        1990
      ]
    },
    "GEO TRACKER 4x4  CONVERTIBLE": {
      "years": [
        1992,
        1993
      ]
    },
    "GEO TRACKER 4x4  HARD TOP": {
      "years": [
        1992,
        1993
      ]
    },
    "GEO TRACKER 2DR CONVERTIBLE 2WD": {
      "years": [
        1994,
        1994,
        1995,
        1995,
        1996,
        1997
      ]
    },
    "GEO TRACKER 2DR CONVERTIBLE 4WD BASE/LSi": {
      "years": [
        1994,
        1995,
        1996
      ]
    },
    "GEO TRACKER 2DR HARD TOP 4WD BASE/LSi": {
      "years": [
        1994,
        1995
      ]
    },
    "GEO TRACKER 2DR CONVERTIBLE 4WD": {
      "years": [
        1997
      ]
    },
    "GEO TRACKER 4DR HARDTOP BASE/LSi": {
      "years": [
        1997
      ]
    },
    "TRACKER 2DR CONVERTIBLE 4WD": {
      "years": [
        1998,
        1999,
        2000,
        2001,
        2002
      ]
    },
    "TRACKER 4DR HARDTOP BASE/LSi": {
      "years": [
        1998
      ]
    },
    "TRACKER 4DR HARDTOP 4WD": {
      "years": [
        1999,
        2000,
        2001,
        2002
      ]
    },
    "TRACKER /LS 2DR CONVERTIBLE SUV 4WD": {
      "years": [
        2003
      ]
    },
    "TRACKER /LX 4DR HARDTOP SUV 4WD": {
      "years": [
        2003,
        2004
      ]
    }
  },
  "Trailblazer": {
    "TRAILBLAZER 4DR SUV 2WD": {
      "years": [
        2002,
        2003
      ]
    },
    "TRAILBLAZER 4DR SUV 4WD": {
      "years": [
        2002,
        2003
      ]
    },
    "TRAILBLAZER 4DR SUV EXT 2WD": {
      "years": [
        2002,
        2003
      ]
    },
    "TRAILBLAZER 4DR SUV EXT 4WD": {
      "years": [
        2002,
        2003
      ]
    },
    "TRAILBLAZER 4DR SUV 4WD / LS/LT/NORTH FACE ED": {
      "years": [
        2004
      ]
    },
    "TRAILBLAZER 4DR SUV EXT 2WD / LS/LT/NORTH FAC": {
      "years": [
        2004
      ]
    },
    "TRAILBLAZER 4DR SUV 2WD / LS/LT": {
      "years": [
        2005,
        2006,
        2007
      ]
    },
    "TRAILBLAZER 4DR SUV 4WD / LS/LT": {
      "years": [
        2005,
        2006,
        2007
      ]
    },
    "TRAILBLAZER EXT 4DR SUV 2WD / LS/LT": {
      "years": [
        2005,
        2006,
        2007
      ]
    },
    "TRAILBLAZER EXT 4DR SUV 4WD / LS/LT": {
      "years": [
        2005,
        2006,
        2007
      ]
    },
    "TRAILBLAZER 4DR SUV SS 4WD": {
      "years": [
        2006,
        2007
      ]
    },
    "TRAILBLAZER 4DR SUV SS RWD": {
      "years": [
        2006,
        2007
      ]
    },
    "TRAILBLAZER 4DR SUV 4WD LT1/LT3": {
      "years": [
        2008,
        2009
      ]
    },
    "TRAILBLAZER 4DR SUV 4WD SS": {
      "years": [
        2008,
        2009
      ]
    },
    "TRAILBLAZER 4DR SUV 1.2L FWD": {
      "years": [
        2021,
        2022,
        2023,
        2024
      ]
    },
    "TRAILBLAZER 4DR SUV 1.3L FWD": {
      "years": [
        2021,
        2022,
        2023,
        2024
      ]
    },
    "TRAILBLAZER 4DR SUV AWD": {
      "years": [
        2021,
        2022,
        2023,
        2024
      ]
    }
  },
  "Traverse": {
    "TRAVERSE 4DR SUV FWD LS/LT1/LTZ": {
      "years": [
        2009
      ]
    },
    "TRAVERSE 4DR SUV AWD LS/LT/LTZ": {
      "years": [
        2010,
        2011,
        2012
      ]
    },
    "TRAVERSE 4DR SUV FWD LS/LT/LTZ": {
      "years": [
        2010,
        2011,
        2012
      ]
    },
    "TRAVERSE LS/LT/LTZ AWD 4DR SUV": {
      "years": [
        2013,
        2014,
        2015,
        2016,
        2017
      ]
    },
    "TRAVERSE LS/LT/LTZ FWD 4DR SUV": {
      "years": [
        2013,
        2014,
        2015,
        2016,
        2017
      ]
    },
    "TRAVERSE 4DR SUV AWD": {
      "years": [
        2018,
        2019,
        2020,
        2021,
        2022,
        2023
      ]
    },
    "TRAVERSE 4DR SUV FWD": {
      "years": [
        2018,
        2019,
        2020,
        2021,
        2022,
        2023
      ]
    },
    "TRAVERSE AWD 4DR SUV": {
      "years": [
        2024,
        2025
      ]
    },
    "TRAVERSE FWD 4DR SUV": {
      "years": [
        2024,
        2025
      ]
    }
  },
  "Traverse Limited": {
    "TRAVERSE LIMITED 4DR SUV AWD": {
      "years": [
        2024
      ]
    },
    "TRAVERSE LIMITED 4DR SUV FWD": {
      "years": [
        2024
      ]
    }
  },
  "Trax": {
    "TRAX 4 LS/LT/LTZ DR SUV": {
      "years": [
        2013,
        2014,
        2015
      ]
    },
    "TRAX LT/LTZ AWD 4 DR SUV": {
      "years": [
        2013,
        2014
      ]
    },
    "TRAX LT/LTZ AWD 4DR SUV": {
      "years": [
        2015,
        2016
      ]
    },
    "TRAX LS/LT/LTZ FWD 4DR SUV": {
      "years": [
        2016
      ]
    },
    "TRAX AWD 4DR SUV": {
      "years": [
        2017,
        2018,
        2019,
        2020,
        2021,
        2022,
        2023
      ]
    },
    "TRAX FWD 4DR SUV": {
      "years": [
        2017,
        2018,
        2019,
        2020,
        2021,
        2022,
        2023
      ]
    },
    "TRAX 4DR SUV": {
      "years": [
        2024,
        2025
      ]
    }
  },
  "U100": {},
  "Uplander": {
    "UPLANDER CARGO EWB FWD": {
      "years": [
        2005,
        2006,
        2007
      ]
    },
    "UPLANDER LT EWB AWD": {
      "years": [
        2005
      ]
    },
    "UPLANDER VALUE/LS/LT EWB FWD": {
      "years": [
        2005
      ]
    },
    "UPLANDER VALUE/LS/LT SWB FWD": {
      "years": [
        2005
      ]
    },
    "UPLANDER LS/LT EWB FWD": {
      "years": [
        2006
      ]
    },
    "UPLANDER LS/LT SWB FWD": {
      "years": [
        2006
      ]
    },
    "UPLANDER LT2 EWB AWD": {
      "years": [
        2006
      ]
    },
    "UPLANDER EWB FWD LS/LT": {
      "years": [
        2007,
        2008,
        2009
      ]
    },
    "UPLANDER FWD LS/LT": {
      "years": [
        2007
      ]
    },
    "UPLANDER FWD LS/LT1/LT2": {
      "years": [
        2008,
        2009
      ]
    }
  },
  "V Conventional": {},
  "Venture": {
    "VENTURE": {
      "years": [
        1997,
        1998
      ]
    },
    "VENTURE EXTENDED W/B LS": {
      "years": [
        1997
      ]
    },
    "VENTURE EXTENDED W/B": {
      "years": [
        1998
      ]
    },
    "VENTURE EXTENDED W/B CARGO": {
      "years": [
        1998,
        1999,
        2000
      ]
    },
    "VENTURE 3DR/4DR": {
      "years": [
        1999
      ]
    },
    "VENTURE EXTENDED W/B 4DR": {
      "years": [
        1999,
        2000
      ]
    },
    "VENTURE 4DR": {
      "years": [
        2000
      ]
    },
    "VENTURE 4DR VALUE/BASE/LS": {
      "years": [
        2001,
        2002
      ]
    },
    "VENTURE EXTENDED W/B 4DR BASE/LS/LT/WBE": {
      "years": [
        2001,
        2002
      ]
    },
    "VENTURE 4DR VALUE/VALUE PLUS/LS/LT": {
      "years": [
        2003
      ]
    },
    "VENTURE EXTENDED W/B 4DR AWD LS/LT/Warner Br.": {
      "years": [
        2003
      ]
    },
    "VENTURE EXTENDED W/B 4DR VALUE/VALUE PLUS/LS/": {
      "years": [
        2003
      ]
    },
    "VENTURE 4DR FWD VALUE VAN/VALUE PLUS/BASE/LS": {
      "years": [
        2004
      ]
    },
    "VENTURE EXTENDED W/B 4DR FWD /LT": {
      "years": [
        2004
      ]
    },
    "VENTURE VALUE PLUS/BASE/LS/LT 4DR FWD": {
      "years": [
        2005
      ]
    }
  },
  "Volt": {
    "VOLT 4DR HATCHBACK": {
      "years": [
        2011,
        2012,
        2013,
        2014,
        2015,
        2016,
        2017,
        2018,
        2019,
        2020
      ]
    }
  }
}