{
  "G2X": {},
  "LANOS": {
    "LANOS 2DR HATCHBACK S/SX": {
      "years": [
        1999,
        2000
      ]
    },
    "LANOS 4DR SEDAN SX": {
      "years": [
        1999
      ]
    },
    "LANOS 4DR SEDAN S": {
      "years": [
        2000,
        2001,
        2002
      ]
    },
    "LANOS 2DR HATCHBACK S": {
      "years": [
        2001,
        2002
      ]
    }
  },
  "LEGANZA": {
    "LEGANZA 4DR SEDAN SX/CDX": {
      "years": [
        1999,
        2000,
        2001
      ]
    },
    "LEGANZA 4DR SEDAN CDX": {
      "years": [
        2002
      ]
    },
    "LEGANZA 4DR SEDAN SX": {
      "years": [
        2002
      ]
    }
  },
  "Laganza V-car": {},
  "Leganza V-200 & variants/derivatives": {},
  "NUBIRA": {
    "NUBIRA 4DR SEDAN SX/CDX": {
      "years": [
        1999,
        2000
      ]
    },
    "NUBIRA 4DR WAGON SX/CDX": {
      "years": [
        1999,
        2000
      ]
    },
    "NUBIRA 4DR SEDAN SX": {
      "years": [
        2001
      ]
    },
    "NUBIRA 4DR WAGON SX": {
      "years": [
        2001,
        2002
      ]
    },
    "NUBIRA 4DR SEDAN SE/SX": {
      "years": [
        2002
      ]
    }
  }
}