{
  "210": {
    "210 HATCHBACK 1.5L": {
      "years": [
        1981
      ]
    },
    "210 SEDAN 1.2L": {
      "years": [
        1981
      ]
    },
    "210 WAGON": {
      "years": [
        1981
      ]
    },
    "210 DELUXE 4 DR SD": {
      "years": [
        1982
      ]
    },
    "210 MPG 2 DR SD": {
      "years": [
        1982
      ]
    },
    "210 SL 2 DR HB": {
      "years": [
        1982
      ]
    },
    "210 SL 5 DR WAGON": {
      "years": [
        1982
      ]
    },
    "210 SUNNY 2 DR": {
      "years": [
        1982
      ]
    }
  },
  "280ZX": {
    "280 ZX": {
      "years": [
        1981,
        1983
      ]
    },
    "280 ZX 2+2 GL": {
      "years": [
        1981
      ]
    },
    "280 ZX COUPE (TURBO)": {
      "years": [
        1981
      ]
    },
    "280ZX": {
      "years": [
        1982
      ]
    },
    "280ZX 2+2": {
      "years": [
        1982
      ]
    },
    "280 ZX 2+2": {
      "years": [
        1983
      ]
    }
  },
  "310": {
    "310 2 DR SD": {
      "years": [
        1981
      ]
    },
    "310 4 DR HATCHBACK": {
      "years": [
        1981
      ]
    },
    "310 BX HB 2 DR": {
      "years": [
        1982
      ]
    },
    "310 GX HB 4 DR": {
      "years": [
        1982
      ]
    },
    "310 GX SPT. 2 DR": {
      "years": [
        1982
      ]
    }
  },
  "510": {
    "510 2 DR SD": {
      "years": [
        1981
      ]
    },
    "510 4 DR HATCHBACK": {
      "years": [
        1981
      ]
    },
    "510 WAGON": {
      "years": [
        1981
      ]
    }
  }
}