{
  "400": {
    "400": {
      "years": [
        1982
      ]
    }
  },
  "600": {
    "600 & 600 ES 4 DR": {
      "years": [
        1983,
        1984
      ]
    },
    "600 CONV.": {
      "years": [
        1983,
        1984
      ]
    },
    "600 CP 2 DR": {
      "years": [
        1983,
        1984
      ]
    },
    "600 2 DR": {
      "years": [
        1985,
        1986
      ]
    },
    "600 4 DR": {
      "years": [
        1985
      ]
    },
    "600 TURBO CONVERTIBLE": {
      "years": [
        1985,
        1986
      ]
    },
    "600 BASE/SE (4-DR)": {
      "years": [
        1986
      ]
    },
    "600ES  TURBO CONVERTIBLE": {
      "years": [
        1986
      ]
    },
    "600 4 DR SEDAN": {
      "years": [
        1987
      ]
    },
    "600 SE 4 DR SEDAN": {
      "years": [
        1987
      ]
    },
    "600 BASE/SE 4 DR SEDAN": {
      "years": [
        1988
      ]
    }
  },
  "ARIES": {
    "ARIES K 2 DR": {
      "years": [
        1981,
        1982
      ]
    },
    "ARIES K 4 DR": {
      "years": [
        1981,
        1982
      ]
    },
    "ARIES K WAGON": {
      "years": [
        1981,
        1982
      ]
    },
    "ARIES CUST. & SE STATION WAGON": {
      "years": [
        1983,
        1984
      ]
    },
    "ARIES SE & 4 DR": {
      "years": [
        1983,
        1984
      ]
    },
    "ARIES SE & ARIES 2 DR": {
      "years": [
        1983,
        1984
      ]
    },
    "ARIES (BASE) 2 DR": {
      "years": [
        1985,
        1986
      ]
    },
    "ARIES (BASE) 4 DR": {
      "years": [
        1985,
        1986
      ]
    },
    "ARIES LE 2 DR": {
      "years": [
        1985,
        1986
      ]
    },
    "ARIES LE 4 DR": {
      "years": [
        1985,
        1986
      ]
    },
    "ARIES LE WAGON": {
      "years": [
        1985,
        1986
      ]
    },
    "ARIES SE 2 DR": {
      "years": [
        1985,
        1985,
        1986
      ]
    },
    "ARIES SE WAGON": {
      "years": [
        1985,
        1986
      ]
    },
    "ARIES SE 4 DR": {
      "years": [
        1986
      ]
    },
    "ARIES CANADA-K 2 DR SEDAN": {
      "years": [
        1987,
        1988,
        1989
      ]
    },
    "ARIES CANADA-K 4 DR SEDAN": {
      "years": [
        1987,
        1988,
        1989
      ]
    },
    "ARIES CANADA-K WAGON": {
      "years": [
        1987,
        1988
      ]
    }
  },
  "Avenger": {
    "AVENGER 2DR COUPE ES": {
      "years": [
        1995,
        1996,
        1997,
        1998,
        1999
      ]
    },
    "AVENGER BASE": {
      "years": [
        1995,
        1996
      ]
    },
    "AVENGER 2DR COUPE BASE": {
      "years": [
        1997,
        1998,
        1999
      ]
    },
    "AVENGER RT": {
      "years": [
        2008,
        2009,
        2010
      ]
    },
    "AVENGER SE/SXT": {
      "years": [
        2008,
        2009,
        2010
      ]
    },
    "AVENGER 4DR SEDAN CANADA VALUE PACKAGE/SXT/SX": {
      "years": [
        2011
      ]
    },
    "AVENGER 4DR SEDAN R/T": {
      "years": [
        2012,
        2013,
        2014
      ]
    },
    "AVENGER 4DR SEDAN SX CANADA VALUE PACKAGE/SXT": {
      "years": [
        2012,
        2013
      ]
    },
    "AVENGER 4DR SEDAN CANADA VALUE PACKAGE/SXT": {
      "years": [
        2014
      ]
    }
  },
  "Caliber": {
    "CALIBER 4DR SUV FWD RT": {
      "years": [
        2007,
        2008,
        2009
      ]
    },
    "CALIBER 4DR SUV FWD SE/SXT": {
      "years": [
        2007,
        2008,
        2009,
        2010
      ]
    },
    "CALIBER 4DR SUV FWD SRT4": {
      "years": [
        2007,
        2008,
        2009
      ]
    },
    "CALIBER 4DR HATCHBACK CANADA VALUE PACKAGE SE": {
      "years": [
        2011
      ]
    },
    "CALIBER 4DR HATCHBACK RUSH": {
      "years": [
        2011
      ]
    },
    "CALIBER 4DR HATCHBACK SE/SXT": {
      "years": [
        2012
      ]
    }
  },
  "Caravan": {
    "CARAVAN & SE LIMITED": {
      "years": [
        1984
      ]
    },
    "CARAVAN": {
      "years": [
        1985,
        1988,
        1989
      ]
    },
    "CARAVAN BASE/SE/LE": {
      "years": [
        1986,
        1998,
        1999
      ]
    },
    "CARAVAN (VAN)": {
      "years": [
        1987
      ]
    },
    "CARAVAN EXTENDED BODY LE VAN": {
      "years": [
        1987
      ]
    },
    "CARAVAN EXTENDED BODY SE VAN": {
      "years": [
        1987
      ]
    },
    "CARAVAN LE VAN": {
      "years": [
        1987
      ]
    },
    "CARAVAN SE VAN": {
      "years": [
        1987
      ]
    },
    "CARAVAN LE": {
      "years": [
        1988,
        1989
      ]
    },
    "CARAVAN SE": {
      "years": [
        1988,
        1989
      ]
    },
    "CARAVAN BASE/SE/LE WAGON": {
      "years": [
        1990,
        1991
      ]
    },
    "CARAVAN C/V FWD/AWD": {
      "years": [
        1991,
        1993
      ]
    },
    "CARAVAN SE/LE AWD WAGON": {
      "years": [
        1991
      ]
    },
    "CARAVAN C/V EXTENDED VAN FWD/AWD": {
      "years": [
        1991,
        1993
      ]
    },
    "CARAVAN C/V AWD": {
      "years": [
        1992
      ]
    },
    "CARAVAN C/V EXTENDED VAN AWD": {
      "years": [
        1992
      ]
    },
    "CARAVAN C/V EXTENDED VAN FWD": {
      "years": [
        1992
      ]
    },
    "CARAVAN C/V FWD": {
      "years": [
        1992
      ]
    },
    "CARAVAN SE/LE/ES AWD WAGON": {
      "years": [
        1992,
        1993
      ]
    },
    "CARAVAN SE/LE/ES FWD WAGON": {
      "years": [
        1992
      ]
    },
    "CARAVAN SE/LE/ES WAGON": {
      "years": [
        1993
      ]
    },
    "CARAVAN 3DR WAGON AWD SE/LE/ES": {
      "years": [
        1994
      ]
    },
    "CARAVAN 3DR WAGON BASE/SE/LE/ES": {
      "years": [
        1994,
        1995
      ]
    },
    "CARAVAN CARGO VAN": {
      "years": [
        1994,
        1995
      ]
    },
    "CARAVAN CARGO VAN EXTENDED BODY": {
      "years": [
        1994,
        1995
      ]
    },
    "CARAVAN BASE/SE/LE/ES": {
      "years": [
        1996,
        1997
      ]
    },
    "CARAVAN BASE/SE": {
      "years": [
        2000
      ]
    },
    "CARAVAN SE/SPORT": {
      "years": [
        2001,
        2002,
        2003
      ]
    },
    "CARAVAN FWD BASE/ANNIVERSARY EDITION/SXT": {
      "years": [
        2004,
        2005
      ]
    },
    "CARAVAN FWD BASE/SXT": {
      "years": [
        2006,
        2007
      ]
    }
  },
  "Caravan/Grand Caravan": {},
  "Challenger": {
    "CHALLENGER": {
      "years": [
        1981,
        1982
      ]
    },
    "CHALLENGER 2DR COUPE RWD R/T": {
      "years": [
        2009,
        2010
      ]
    },
    "CHALLENGER 2DR COUPE RWD SE / SXT": {
      "years": [
        2009,
        2010
      ]
    },
    "CHALLENGER 2DR COUPE RWD SRT8": {
      "years": [
        2009,
        2010
      ]
    },
    "CHALLENGER 2DR COUPE RWD R/T/R/T CLASSIC": {
      "years": [
        2011,
        2012,
        2013,
        2014
      ]
    },
    "CHALLENGER 2DR COUPE RWD SRT8 392": {
      "years": [
        2011,
        2012
      ]
    },
    "CHALLENGER 2DR COUPE RWD SXT/SXT PLUS": {
      "years": [
        2011,
        2012,
        2013
      ]
    },
    "CHALLENGER 2DR COUPE RWD SRT": {
      "years": [
        2013,
        2014
      ]
    },
    "CHALLENGER 2DR COUPE RWD SXT/SXT PLUS/RALLY R": {
      "years": [
        2014
      ]
    },
    "CHALLENGER 2DR COUPE RWD R/T / R/T CLASSIC": {
      "years": [
        2015
      ]
    },
    "CHALLENGER 2DR COUPE RWD SRT / HELLCAT": {
      "years": [
        2015
      ]
    },
    "CHALLENGER 2DR COUPE RWD SXT/SXT PLUS/RALLY REDLINE": {
      "years": [
        2015
      ]
    },
    "CHALLENGER 2DR COUPE RWD SRT 392 / HELLCAT": {
      "years": [
        2016,
        2017,
        2018,
        2019,
        2020,
        2021,
        2022,
        2023,
        2024
      ]
    },
    "CHALLENGER 2DR COUPE RWD V6": {
      "years": [
        2016,
        2017,
        2018,
        2019,
        2020,
        2021,
        2022,
        2023,
        2024
      ]
    },
    "CHALLENGER 2DR COUPE RWD V8": {
      "years": [
        2016,
        2017,
        2018,
        2019,
        2020,
        2021,
        2022,
        2023,
        2024
      ]
    },
    "CHALLENGER GT 2DR COUPE AWD V6": {
      "years": [
        2017,
        2018
      ]
    },
    "CHALLENGER 2DR COUPE RWD SRT DEMON": {
      "years": [
        2018
      ]
    },
    "CHALLENGER 2DR COUPE AWD V6": {
      "years": [
        2019,
        2020,
        2021,
        2022,
        2023,
        2024
      ]
    }
  },
  "Charger": {
    "CHARGER": {
      "years": [
        1981,
        1983,
        1984
      ]
    },
    "CHARGER 2.2": {
      "years": [
        1982,
        1983,
        1984,
        1985,
        1986
      ]
    },
    "CHARGER (BASE)": {
      "years": [
        1985,
        1986
      ]
    },
    "CHARGER 2 DR HATCHBACK": {
      "years": [
        1987
      ]
    },
    "SHELBY TURBO CHARGER 2 DR HATCHBACK": {
      "years": [
        1987
      ]
    },
    "CHARGER 4DR SEDAN RWD R/T": {
      "years": [
        2006,
        2007,
        2008,
        2009,
        2010
      ]
    },
    "CHARGER 4DR SEDAN RWD SE/SXT": {
      "years": [
        2006,
        2007,
        2008,
        2009,
        2010,
        2015
      ]
    },
    "CHARGER 4DR SEDAN RWD SRT8": {
      "years": [
        2006,
        2007,
        2008,
        2009,
        2010
      ]
    },
    "CHARGER 4DR SEDAN AWD R/T AWD": {
      "years": [
        2011,
        2012
      ]
    },
    "CHARGER 4DR SEDAN RWD R/T/R/T ROAD AND TRACK": {
      "years": [
        2011
      ]
    },
    "CHARGER 4DR SEDAN RWD SE/SXT/SXT PLUS": {
      "years": [
        2011,
        2012,
        2013,
        2014
      ]
    },
    "CHARGER 4DR SEDAN AWD SXT AWD/SXT PLUS AWD": {
      "years": [
        2012
      ]
    },
    "CHARGER 4DR SEDAN RWD R/T/R/T ROAD AND TRACK/": {
      "years": [
        2012,
        2013,
        2014
      ]
    },
    "CHARGER 4DR SEDAN R/T AWD": {
      "years": [
        2013,
        2014
      ]
    },
    "CHARGER 4DR SEDAN SRT": {
      "years": [
        2013
      ]
    },
    "CHARGER 4DR SEDAN SXT AWD/SXT PLUS AWD": {
      "years": [
        2013,
        2014
      ]
    },
    "CHARGER 4DR SEDAN SRT/SRT SUPERBEE": {
      "years": [
        2014
      ]
    },
    "CHARGER 4DR SEDAN AWD SE/SXT": {
      "years": [
        2015
      ]
    },
    "CHARGER 4DR SEDAN RWD HELLCAT": {
      "years": [
        2015,
        2016,
        2017,
        2018,
        2019,
        2020,
        2021,
        2022,
        2023,
        2024
      ]
    },
    "CHARGER 4DR SEDAN RWD RT SCAT PACK/SRT392": {
      "years": [
        2015
      ]
    },
    "CHARGER 4DR SEDAN RWD R/T / R/T ROAD AND TRACK/": {
      "years": [
        2015
      ]
    },
    "CHARGER 4DR SEDAN AWD": {
      "years": [
        2016,
        2017,
        2018,
        2019,
        2020,
        2021,
        2022,
        2023,
        2024
      ]
    },
    "CHARGER 4DR SEDAN RWD R/T SCAT PACK/SRT392": {
      "years": [
        2016,
        2017,
        2018,
        2019,
        2020,
        2021,
        2022,
        2023,
        2024
      ]
    },
    "CHARGER 4DR SEDAN RWD V6": {
      "years": [
        2016,
        2017,
        2018,
        2019,
        2020,
        2021,
        2022,
        2023,
        2024
      ]
    },
    "CHARGER 4DR SEDAN RWD V8": {
      "years": [
        2016,
        2017,
        2018,
        2019,
        2020,
        2021,
        2022,
        2023,
        2024
      ]
    }
  },
  "Colt": {
    "COLT HATCHBACK 1.4L": {
      "years": [
        1981
      ]
    },
    "COLT HATCHBACK 1.6L": {
      "years": [
        1981
      ]
    },
    "COLT 2 DR HB": {
      "years": [
        1982
      ]
    },
    "COLT 5 DR HB": {
      "years": [
        1982
      ]
    },
    "COLT E & D4 & GTS 2 DR HB": {
      "years": [
        1983,
        1984
      ]
    },
    "COLT E & DL 4 DR HB": {
      "years": [
        1983,
        1984
      ]
    },
    "COLT 100 DL 2 DR HATCHBACK": {
      "years": [
        1991
      ]
    },
    "COLT 100 E 2 DR HATCHBACK": {
      "years": [
        1991,
        1992
      ]
    },
    "COLT 100 E/DL 4 DR SEDAN": {
      "years": [
        1991
      ]
    },
    "COLT 200 E/GT 2 DR HATCHBACK": {
      "years": [
        1991,
        1992
      ]
    },
    "COLT 100 E 4 DR SEDAN": {
      "years": [
        1992
      ]
    },
    "COLT WAGON/SE/AWD SE": {
      "years": [
        1992,
        1993
      ]
    },
    "COLT COUPE/GL 2DR": {
      "years": [
        1993
      ]
    },
    "COLT SEDAN/GL 4DR": {
      "years": [
        1993
      ]
    },
    "COLT 2DR COUPE BASE/ES": {
      "years": [
        1994,
        1995,
        1996
      ]
    },
    "COLT 3DR WAGON BASE/SE": {
      "years": [
        1994
      ]
    },
    "COLT 3DR WAGON Ti AWD": {
      "years": [
        1994
      ]
    },
    "COLT 4DR SEDAN BASE/ES": {
      "years": [
        1994
      ]
    }
  },
  "Conquest": {},
  "D-Series": {},
  "D50": {},
  "DIPLOMAT": {
    "DIPLOMAT 2 DR": {
      "years": [
        1981
      ]
    },
    "DIPLOMAT 4 DR": {
      "years": [
        1981
      ]
    },
    "DIPLOMAT WAGON": {
      "years": [
        1981
      ]
    },
    "DIPLOMAT": {
      "years": [
        1982,
        1983,
        1984
      ]
    },
    "DIPLOMAT SALON": {
      "years": [
        1985,
        1986
      ]
    },
    "DIPLOMAT SALON 4 DR SEDAN": {
      "years": [
        1987,
        1988,
        1989
      ]
    }
  },
  "Dakota": {
    "DAKOTA LONG WB 4X4": {
      "years": [
        1987,
        1988,
        1989,
        1990,
        1991,
        1992,
        1993
      ]
    },
    "DAKOTA LONG WB PICK-UP": {
      "years": [
        1987
      ]
    },
    "DAKOTA SHORT WB 4X4": {
      "years": [
        1987,
        1988,
        1989,
        1990,
        1991,
        1992,
        1993
      ]
    },
    "DAKOTA SHORT WB PICK-UP": {
      "years": [
        1987
      ]
    },
    "DAKOTA LONG WB": {
      "years": [
        1988,
        1989,
        1990,
        1991,
        1992,
        1993
      ]
    },
    "DAKOTA SHORT WB": {
      "years": [
        1988,
        1989,
        1990,
        1991,
        1992,
        1993
      ]
    },
    "DAKOTA CLUB CAB PICKUP": {
      "years": [
        1990,
        1991,
        1992,
        1993
      ]
    },
    "DAKOTA CLUB CAB PICKUP 4X4": {
      "years": [
        1991,
        1992,
        1993
      ]
    },
    "DAKOTA P/U CLUB CAB S/BOX": {
      "years": [
        1994,
        1995,
        1996
      ]
    },
    "DAKOTA P/U CLUB CAB S/BOX 4X4": {
      "years": [
        1994,
        1995,
        1996
      ]
    },
    "DAKOTA P/U REG CAB L/BOX": {
      "years": [
        1994,
        1995,
        1996
      ]
    },
    "DAKOTA P/U REG CAB L/BOX 4X4": {
      "years": [
        1994,
        1995,
        1996
      ]
    },
    "DAKOTA P/U REG CAB S/BOX": {
      "years": [
        1994,
        1995,
        1996
      ]
    },
    "DAKOTA P/U REG CAB S/BOX 4X4": {
      "years": [
        1994,
        1995,
        1996
      ]
    },
    "DAKOTA P/U CLUB CAB S/BOX 2WD": {
      "years": [
        1997,
        1998,
        1999
      ]
    },
    "DAKOTA P/U CLUB CAB S/BOX 4WD": {
      "years": [
        1997,
        1998,
        1999
      ]
    },
    "DAKOTA P/U REG CAB L/BOX 2WD": {
      "years": [
        1997,
        1998,
        1999,
        2000,
        2001
      ]
    },
    "DAKOTA P/U REG CAB S/BOX 2WD": {
      "years": [
        1997,
        1998,
        1999
      ]
    },
    "DAKOTA P/U REG CAB S/BOX 4WD": {
      "years": [
        1997,
        1998,
        1999
      ]
    },
    "DAKOTA P/U CLUB CAB L/BOX 2WD": {
      "years": [
        2000,
        2001
      ]
    },
    "DAKOTA P/U CLUB CAB L/BOX 4WD": {
      "years": [
        2000,
        2001
      ]
    },
    "DAKOTA P/U QUAD CAB S/BOX 2WD": {
      "years": [
        2000,
        2001,
        2002,
        2003,
        2004
      ]
    },
    "DAKOTA P/U QUAD CAB S/BOX 4WD": {
      "years": [
        2000,
        2001,
        2002,
        2003,
        2004
      ]
    },
    "DAKOTA P/U REG CAB L/BOX 4WD": {
      "years": [
        2000,
        2001
      ]
    },
    "DAKOTA P/U CLUB CAB L/BOX 2WD SXT/SLT/R/T": {
      "years": [
        2002,
        2003,
        2004
      ]
    },
    "DAKOTA P/U CLUB CAB L/BOX 4WD SXT/SLT/R/T": {
      "years": [
        2002,
        2003,
        2004
      ]
    },
    "DAKOTA P/U REG CAB L/BOX 2WD Sport/SLT": {
      "years": [
        2002,
        2003,
        2004
      ]
    },
    "DAKOTA P/U REG CAB L/BOX 4WD Sport/SLT": {
      "years": [
        2002,
        2003,
        2004
      ]
    },
    "DAKOTA P/U CLUB CAB 2WD LARAMIE": {
      "years": [
        2005,
        2006,
        2007,
        2008,
        2009
      ]
    },
    "DAKOTA P/U CLUB CAB 2WD ST/SLT": {
      "years": [
        2005,
        2006,
        2007,
        2008,
        2009
      ]
    },
    "DAKOTA P/U CLUB CAB 4WD ST/SLT": {
      "years": [
        2005,
        2006,
        2007,
        2008,
        2009
      ]
    },
    "DAKOTA P/U QUAD CAB 2WD LARAMIE": {
      "years": [
        2005,
        2006,
        2007,
        2008,
        2009
      ]
    },
    "DAKOTA P/U QUAD CAB 2WD ST/SLT": {
      "years": [
        2005,
        2006,
        2007,
        2008,
        2009
      ]
    },
    "DAKOTA P/U QUAD CAB 4WD ST/SLT": {
      "years": [
        2005,
        2006,
        2007,
        2008,
        2009
      ]
    },
    "DAKOTA P/U CLUB CAB 2WD ST/SLT/SXT": {
      "years": [
        2010
      ]
    },
    "DAKOTA P/U CLUB CAB 4WD ST/SLT/SXT": {
      "years": [
        2010
      ]
    },
    "DAKOTA P/U QUAD CAB 2WD ST/SLT/SXT": {
      "years": [
        2010
      ]
    },
    "DAKOTA P/U QUAD CAB 4WD ST/SLT/SXT": {
      "years": [
        2010
      ]
    }
  },
  "Dart": {
    "DART SE/SXT/RALLYE/AERO/LIMITED/GT 4DR SEDAN": {
      "years": [
        2013,
        2014
      ]
    },
    "DART SE/SXT/AERO/BLACKTOP/LIMITED/GT 4DR SEDAN": {
      "years": [
        2015
      ]
    },
    "DART 4DR SEDAN": {
      "years": [
        2016,
        2017
      ]
    }
  },
  "Daytona": {},
  "Durango": {
    "DURANGO 4WD SLT/SLT PLUS": {
      "years": [
        1998
      ]
    },
    "DURANGO 2X4 SLT/SLT PLUS": {
      "years": [
        1999
      ]
    },
    "DURANGO 4X4 SLT/SLT PLUS": {
      "years": [
        1999
      ]
    },
    "DURANGO 4X4 SPORT/SLT": {
      "years": [
        2000,
        2001
      ]
    },
    "DURANGO SUV 4X4 R/T": {
      "years": [
        2002,
        2003
      ]
    },
    "DURANGO SUV 4X4 SXT/SLT/SLT Plus": {
      "years": [
        2002,
        2003
      ]
    },
    "DURANGO SUV 4X4 /LIMITED": {
      "years": [
        2004
      ]
    },
    "DURANGO SUV 4X4 /SLT/SLT PLUS": {
      "years": [
        2004
      ]
    },
    "DURANGO SUV 4WD /LIMITED": {
      "years": [
        2005,
        2006,
        2007
      ]
    },
    "DURANGO SUV 4WD /SLT/SLT PLUS": {
      "years": [
        2005,
        2006,
        2007
      ]
    },
    "DURANGO 4DR SUV 4WD SLT/SLT PLUS": {
      "years": [
        2008,
        2009
      ]
    },
    "DURANGO HYBRID 4DR SUV 4WD": {
      "years": [
        2008,
        2009
      ]
    },
    "DURANGO 4DR SUV AWD V6 SXT/CREW PLUS/CITADEL": {
      "years": [
        2011,
        2012,
        2013
      ]
    },
    "DURANGO 4DR SUV AWD V8 CREW PLUS/CITADEL": {
      "years": [
        2011,
        2012
      ]
    },
    "DURANGO 4DR SUV RWD V6 SXT/CREW PLUS/CITADEL": {
      "years": [
        2011
      ]
    },
    "DURANGO 4DR SUV RWD V8 CREW PLUS/CITADEL": {
      "years": [
        2011
      ]
    },
    "DURANGO 4DR SUV AWD V8 R/T/CREW PLUS/CITADEL": {
      "years": [
        2013
      ]
    },
    "DURANGO 4DR SUV AWD V6 SXT/LIMITED/CITADEL": {
      "years": [
        2014,
        2015
      ]
    },
    "DURANGO 4DR SUV AWD V8 R/T/LIMITED/CITADEL": {
      "years": [
        2014,
        2015
      ]
    },
    "DURANGO 4DR SUV AWD V6": {
      "years": [
        2016,
        2017,
        2018,
        2019,
        2020,
        2021,
        2022,
        2023,
        2024
      ]
    },
    "DURANGO 4DR SUV AWD V8": {
      "years": [
        2016,
        2017,
        2018,
        2019,
        2020,
        2021,
        2022,
        2023,
        2024
      ]
    }
  },
  "Dynasty": {},
  "Grand Caravan": {
    "GRAND CARAVAN LE": {
      "years": [
        1988,
        1989
      ]
    },
    "GRAND CARAVAN SE": {
      "years": [
        1988,
        1989
      ]
    },
    "GRAND CARAVAN SE/LE WAGON": {
      "years": [
        1990,
        1991
      ]
    },
    "GRAND CARAVAN SE/LE AWD WAGON": {
      "years": [
        1991
      ]
    },
    "GRAND CARAVAN SE/LE/ES AWD WAGON": {
      "years": [
        1992,
        1993
      ]
    },
    "GRAND CARAVAN SE/LE/ES FWD WAGON": {
      "years": [
        1992
      ]
    },
    "GRAND CARAVAN SE/LE/ES WAGON": {
      "years": [
        1993
      ]
    },
    "GRAND CARAVAN 3DR WAGON AWD SE/LE/ES": {
      "years": [
        1994,
        1995
      ]
    },
    "GRAND CARAVAN 3DR WAGON BASE/SE/LE/ES": {
      "years": [
        1994,
        1995
      ]
    },
    "GRAND CARAVAN AWD SE/LE/ES": {
      "years": [
        1996,
        1997,
        1998,
        1999,
        2000
      ]
    },
    "GRAND CARAVAN BASE/SE/LE/ES": {
      "years": [
        1996,
        1997,
        1998,
        1999,
        2000
      ]
    },
    "GRAND CARAVAN AWD SPORT/ES": {
      "years": [
        2001,
        2002,
        2003
      ]
    },
    "GRAND CARAVAN SPORT/ES": {
      "years": [
        2001,
        2002,
        2003
      ]
    },
    "GRAND CARAVAN SPORT FWD": {
      "years": [
        2004,
        2005
      ]
    },
    "GRAND CARAVAN SPORT FWD /ANNIVERSARY EDITION/": {
      "years": [
        2004,
        2005
      ]
    },
    "GRAND CARAVAN": {
      "years": [
        2006,
        2007
      ]
    },
    "GRAND CARAVAN SXT": {
      "years": [
        2006,
        2007
      ]
    },
    "GRAND CARAVAN 4DR VAN FWD CANADA VALUE PKG/SE": {
      "years": [
        2008,
        2009,
        2010,
        2011
      ]
    },
    "GRAND CARAVAN 4DR VAN FWD SXT": {
      "years": [
        2008,
        2009,
        2010
      ]
    },
    "GRAND CARAVAN 4DR VAN CARGO VAN/EXPRESS/MAINS": {
      "years": [
        2011
      ]
    },
    "GRAND CARAVAN 4DR VAN FWD CVP/SXT/CREW/CREW P": {
      "years": [
        2012
      ]
    },
    "GRAND CARAVAN 4DR VAN FWD CVP/SE PLUS/SXT/SXT": {
      "years": [
        2013,
        2014
      ]
    },
    "GRAND CARAVAN 4DR VAN FWD": {
      "years": [
        2015,
        2016,
        2017,
        2018,
        2019,
        2020
      ]
    }
  },
  "Hornet": {
    "HORNET GT 4DR SUV": {
      "years": [
        2023,
        2024
      ]
    },
    "HORNET R/T PHEV 4DR SUV": {
      "years": [
        2023,
        2024
      ]
    }
  },
  "Intrepid": {},
  "Journey": {
    "JOURNEY 4DR CUV AWD SXT/RT": {
      "years": [
        2008,
        2009
      ]
    },
    "JOURNEY 4DR CUV FWD SE/SXT/RT": {
      "years": [
        2008
      ]
    },
    "JOURNEY 4DR CUV FWD SE": {
      "years": [
        2009
      ]
    },
    "JOURNEY 4DR CUV FWD SXT/RT": {
      "years": [
        2009
      ]
    },
    "JOURNEY 4DR SUV AWD RT": {
      "years": [
        2010
      ]
    },
    "JOURNEY 4DR SUV FWD SE": {
      "years": [
        2010
      ]
    },
    "JOURNEY 4DR SUV FWD SXT": {
      "years": [
        2010
      ]
    },
    "JOURNEY 4DR SUV AWD SXT/CREW/R/T": {
      "years": [
        2011,
        2012
      ]
    },
    "JOURNEY 4DR SUV FWD CANADA VALUE PACKAGE/SE P": {
      "years": [
        2011,
        2012,
        2013,
        2014
      ]
    },
    "JOURNEY 4DR SUV FWD R/T": {
      "years": [
        2011,
        2012
      ]
    },
    "JOURNEY 4DR SUV FWD SXT/CREW": {
      "years": [
        2011,
        2012
      ]
    },
    "JOURNEY 4DR SUV AWD R/T/R/T RALLYE": {
      "years": [
        2013,
        2014
      ]
    },
    "JOURNEY 4DR SUV FWD CREW": {
      "years": [
        2013
      ]
    },
    "JOURNEY 4DR SUV FWD LIMITED": {
      "years": [
        2014
      ]
    },
    "JOURNEY 4DR SUV AWD V6": {
      "years": [
        2015,
        2016,
        2017,
        2018,
        2019,
        2020
      ]
    },
    "JOURNEY 4DR SUV FWD I4": {
      "years": [
        2015,
        2016,
        2017,
        2018,
        2019,
        2020
      ]
    },
    "JOURNEY 4DR SUV FWD V6": {
      "years": [
        2015,
        2016,
        2017,
        2018,
        2019,
        2020
      ]
    }
  },
  "LANCER": {
    "LANCER (BASE)": {
      "years": [
        1985,
        1986
      ]
    },
    "LANCER ES": {
      "years": [
        1985,
        1986
      ]
    },
    "LANCER 4 DR HATCHBACK": {
      "years": [
        1987,
        1988,
        1989
      ]
    },
    "LANCER ES 4 DR HATCHBACK": {
      "years": [
        1987,
        1988,
        1989
      ]
    },
    "LANCER SHELBY 4DR": {
      "years": [
        1988,
        1989
      ]
    }
  },
  "Magnum": {
    "MAGNUM 4DR WAGON RWD /SE/SXT": {
      "years": [
        2005,
        2006,
        2007,
        2008
      ]
    },
    "MAGNUM RT 4DR WAGON RWD": {
      "years": [
        2005,
        2006,
        2007,
        2008
      ]
    },
    "MAGNUM SRT8 4DR WAGON RWD": {
      "years": [
        2006,
        2007,
        2008
      ]
    }
  },
  "Mini Ram": {
    "MINI RAM VAN": {
      "years": [
        1987,
        1988,
        1989,
        1990
      ]
    },
    "MINI RAM VAN ROYAL": {
      "years": [
        1987
      ]
    },
    "MINI RAM EXTENDED VAN": {
      "years": [
        1988,
        1989,
        1990
      ]
    }
  },
  "Mirada": {
    "MIRADA": {
      "years": [
        1981,
        1982
      ]
    }
  },
  "Monaco": {},
  "Neon": {
    "NEON 4DR SEDAN": {
      "years": [
        1994,
        1995,
        1996,
        1997,
        1998
      ]
    },
    "NEON 2DR COUPE": {
      "years": [
        1995,
        1996,
        1997,
        1998
      ]
    },
    "NEON 2DR COUPE BASE/EX/SPORT/R/T": {
      "years": [
        1999
      ]
    },
    "NEON 4DR SEDAN BASE/EX/SPORT/R/T": {
      "years": [
        1999
      ]
    }
  },
  "Nitro": {
    "NITRO 4DR SUV 4WD SLT/RT": {
      "years": [
        2007,
        2008,
        2009
      ]
    },
    "NITRO 4DR SUV RWD SE/SXT": {
      "years": [
        2007,
        2008,
        2009
      ]
    },
    "NITRO 4DR SUV RWD SXT": {
      "years": [
        2010,
        2011
      ]
    }
  },
  "OMNI": {
    "OMNI 024": {
      "years": [
        1981,
        1982
      ]
    },
    "OMNI 2 DR": {
      "years": [
        1981
      ]
    },
    "OMNI 4 DR": {
      "years": [
        1981
      ]
    },
    "OMNI 5 DR": {
      "years": [
        1982
      ]
    },
    "OMNI & OMNI SE": {
      "years": [
        1983,
        1984
      ]
    },
    "OMNI GLH": {
      "years": [
        1985,
        1986
      ]
    },
    "OMNI SE": {
      "years": [
        1985
      ]
    },
    "OMNI BASE/SE": {
      "years": [
        1986
      ]
    },
    "EXPO 4 DR HATCHBACK OMNI": {
      "years": [
        1989
      ]
    },
    "OMNI 4DR HATCHBACK": {
      "years": [
        1990
      ]
    }
  },
  "RAM 50": {
    "RAM 50": {
      "years": [
        1981,
        1982
      ]
    },
    "POWER RAM 50 4 X 4 CUSTOM/SPORT": {
      "years": [
        1985,
        1986
      ]
    },
    "RAM 50 CUSTOM PICK-UP": {
      "years": [
        1985,
        1986
      ]
    },
    "RAM 50 ROYAL PICK-UP": {
      "years": [
        1985,
        1986
      ]
    },
    "POWER RAM 50 LONG WB 4X4": {
      "years": [
        1987,
        1988,
        1989,
        1990
      ]
    },
    "POWER RAM 50 SHORT WB 4X4": {
      "years": [
        1987,
        1988,
        1989,
        1990
      ]
    },
    "RAM 50 LONG WB PICK-UP": {
      "years": [
        1987
      ]
    },
    "RAM 50 SHORT WB PICK-UP": {
      "years": [
        1987
      ]
    },
    "POWER RAM 50 SPORT CAB 4X4": {
      "years": [
        1988,
        1989,
        1990
      ]
    },
    "RAM 50 LONG WB": {
      "years": [
        1988,
        1989,
        1990,
        1991,
        1992,
        1993
      ]
    },
    "RAM 50 SHORT WB": {
      "years": [
        1988,
        1989,
        1990,
        1991,
        1992,
        1993
      ]
    },
    "RAM 50 SPORT CAB": {
      "years": [
        1988,
        1989,
        1990
      ]
    },
    "RAM 50 SE": {
      "years": [
        1990,
        1991,
        1992,
        1993
      ]
    }
  },
  "RD200 / RD250": {},
  "Raider": {
    "RAIDER 4X4": {
      "years": [
        1987,
        1988,
        1989
      ]
    }
  },
  "Ram": {
    "POWER RAM W100 LONG BED PICK-UP": {
      "years": [
        1985,
        1986
      ]
    },
    "POWER RAM W100 SHORT BED PICK-UP": {
      "years": [
        1985,
        1986
      ]
    },
    "RAM D100 LONG BED PICK-UP": {
      "years": [
        1985,
        1986
      ]
    },
    "RAM D100 SHORT BED PICK-UP": {
      "years": [
        1985,
        1986
      ]
    },
    "B-250 RAM MAXIVAN": {
      "years": [
        1987
      ]
    },
    "B-350 RAM MAXIVAN": {
      "years": [
        1987
      ]
    },
    "POWER RAM W150 LONG WB PICK-UP": {
      "years": [
        1987
      ]
    },
    "POWER RAM W150 SHORT WB PICK-UP": {
      "years": [
        1987
      ]
    },
    "POWER RAM W250 LONG WB 4X4": {
      "years": [
        1987
      ]
    },
    "RAM D150 LONG WB PICK-UP": {
      "years": [
        1987
      ]
    },
    "RAM D150 SHORT WB PICK-UP": {
      "years": [
        1987
      ]
    },
    "RAM D250 LONG WB PICK-UP": {
      "years": [
        1987
      ]
    },
    "RAM D350 LONG WB PICK-UP": {
      "years": [
        1987
      ]
    },
    "RAM B150 WAGON LONG WB": {
      "years": [
        1988
      ]
    },
    "RAM B150/B250 VAN LONG WB": {
      "years": [
        1988,
        1989,
        1990,
        1991,
        1992,
        1993
      ]
    },
    "RAM B150/B250 VAN SHORT WB": {
      "years": [
        1988,
        1989,
        1990,
        1991,
        1992,
        1993
      ]
    },
    "RAM B150/VALUE WAGON SHORT WB": {
      "years": [
        1988,
        1989,
        1990,
        1991
      ]
    },
    "RAM B250 MAXIVAN": {
      "years": [
        1988,
        1989,
        1990,
        1991,
        1992,
        1993
      ]
    },
    "RAM B250 MAXIWAGON": {
      "years": [
        1988,
        1989,
        1990,
        1991,
        1992,
        1993
      ]
    },
    "RAM B250 WAGON LONG WB": {
      "years": [
        1988
      ]
    },
    "RAM B350 MAXIVAN": {
      "years": [
        1988,
        1989,
        1990,
        1991,
        1992,
        1993
      ]
    },
    "RAM B350 MAXIWAGON": {
      "years": [
        1988,
        1989,
        1990,
        1991,
        1992,
        1993
      ]
    },
    "RAM B350 VAN LONG WB": {
      "years": [
        1988,
        1989,
        1990,
        1991,
        1992,
        1993
      ]
    },
    "RAM B350 WAGON LONG WB": {
      "years": [
        1988,
        1989,
        1990,
        1991,
        1992,
        1993
      ]
    },
    "RAM D100 LONG WB": {
      "years": [
        1988,
        1989
      ]
    },
    "RAM D100 SHORT WB": {
      "years": [
        1988,
        1989
      ]
    },
    "RAM D150 LONG WB": {
      "years": [
        1988,
        1989,
        1990,
        1991
      ]
    },
    "RAM D150 SHORT WB": {
      "years": [
        1988,
        1989,
        1990,
        1991
      ]
    },
    "RAM D250": {
      "years": [
        1988,
        1989,
        1990,
        1991
      ]
    },
    "RAM D350": {
      "years": [
        1988,
        1989,
        1990,
        1991
      ]
    },
    "RAM W100 LONG WB 4X4": {
      "years": [
        1988,
        1989
      ]
    },
    "RAM W100 SHORT WB 4X4": {
      "years": [
        1988,
        1989
      ]
    },
    "RAM W150 LONG WB 4X4": {
      "years": [
        1988,
        1989,
        1990,
        1991
      ]
    },
    "RAM W150 SHORT WB 4X4": {
      "years": [
        1988,
        1989,
        1990,
        1991
      ]
    },
    "RAM W250 4X4": {
      "years": [
        1988,
        1989,
        1990,
        1991
      ]
    },
    "RAM W350 4X4": {
      "years": [
        1988,
        1989,
        1990,
        1991
      ]
    },
    "RAM W350 SHORT WB 4X4": {
      "years": [
        1989,
        1990
      ]
    },
    "RAM B150/B250 WAGON LONG WB": {
      "years": [
        1989,
        1990,
        1991,
        1992,
        1993
      ]
    },
    "RAM W250 SHORT WB 4X4": {
      "years": [
        1989,
        1990
      ]
    },
    "RAM W150S LONG WB 4X4": {
      "years": [
        1990,
        1991
      ]
    },
    "RAM W150S SHORT WB 4X4": {
      "years": [
        1990,
        1991
      ]
    },
    "RAM D150S LONG WB": {
      "years": [
        1990,
        1991
      ]
    },
    "RAM D150S SHORT WB": {
      "years": [
        1990,
        1991
      ]
    },
    "RAM D150 CLUB CAB LONG W.B.": {
      "years": [
        1991
      ]
    },
    "RAM D150 CLUB CAB SHORT W.B.": {
      "years": [
        1991
      ]
    },
    "RAM D250 CLUB CAB LONG W.B.": {
      "years": [
        1991
      ]
    },
    "RAM W250 CLUB CAB LONG W.B. 4X4": {
      "years": [
        1991
      ]
    },
    "RAM D150 CLUB CAB LONG WB 4X2": {
      "years": [
        1992,
        1993
      ]
    },
    "RAM D150 CLUB CAB SHORT WB 4X2": {
      "years": [
        1992,
        1993
      ]
    },
    "RAM D150 REGULAR CAB LONG WB 4X2": {
      "years": [
        1992,
        1993
      ]
    },
    "RAM D150 REGULAR CAB SHORT WB 4X2": {
      "years": [
        1992,
        1993
      ]
    },
    "RAM D250 CLUB CAB 4X2": {
      "years": [
        1992,
        1993
      ]
    },
    "RAM D250 REGULAR CAB 4X2": {
      "years": [
        1992,
        1993
      ]
    },
    "RAM D350 REGULAR CAB 4X2": {
      "years": [
        1992,
        1993
      ]
    },
    "RAM W150 REGULAR CAB LONG WB 4X4": {
      "years": [
        1992,
        1993
      ]
    },
    "RAM W150 REGULAR CAB SHORT WB 4X4": {
      "years": [
        1992,
        1993
      ]
    },
    "RAM W250 CLUB CAB 4X4": {
      "years": [
        1992,
        1993
      ]
    },
    "RAM W250 REGULAR CAB 4X4": {
      "years": [
        1992,
        1993
      ]
    },
    "RAM W350 REGULAR CAB 4X4": {
      "years": [
        1992,
        1993
      ]
    },
    "RAM 2500 LONG BOX 2WD": {
      "years": [
        1994
      ]
    },
    "RAM 2500 LONG BOX 4WD": {
      "years": [
        1994
      ]
    },
    "RAM 3500 LONG BOX 2WD": {
      "years": [
        1994
      ]
    },
    "RAM 3500 LONG BOX 4WD": {
      "years": [
        1994
      ]
    },
    "RAM B150 LONG WB VAN": {
      "years": [
        1994
      ]
    },
    "RAM B150 SHORT WB VAN": {
      "years": [
        1994
      ]
    },
    "RAM B150 SHORT WB WAGON": {
      "years": [
        1994
      ]
    },
    "RAM B250 LONG WB MAXIVAN": {
      "years": [
        1994
      ]
    },
    "RAM B250 LONG WB MAXIWAGON": {
      "years": [
        1994
      ]
    },
    "RAM B250 LONG WB VAN": {
      "years": [
        1994
      ]
    },
    "RAM B250 LONG WB WAGON": {
      "years": [
        1994
      ]
    },
    "RAM B250 SHORT WB VAN": {
      "years": [
        1994
      ]
    },
    "RAM B350 LONG WB MAXIVAN": {
      "years": [
        1994
      ]
    },
    "RAM B350 LONG WB MAXIWAGON": {
      "years": [
        1994
      ]
    },
    "RAM B350 LONG WB VAN": {
      "years": [
        1994
      ]
    },
    "RAM B350 LONG WB WAGON": {
      "years": [
        1994
      ]
    },
    "RAM 1500 LONG BOX 2WD": {
      "years": [
        1994
      ]
    },
    "RAM 1500 LONG BOX 4WD": {
      "years": [
        1994
      ]
    },
    "RAM 1500 SHORT BOX 2WD": {
      "years": [
        1994
      ]
    },
    "RAM 1500 SHORT BOX 4WD": {
      "years": [
        1994
      ]
    },
    "RAM 1500 CLUB CAB L/BOX 2WD": {
      "years": [
        1995,
        1996,
        1997
      ]
    },
    "RAM 1500 CLUB CAB L/BOX 4WD": {
      "years": [
        1995,
        1996,
        1997
      ]
    },
    "RAM 1500 CLUB CAB S/BOX 2WD": {
      "years": [
        1995,
        1996,
        1997
      ]
    },
    "RAM 1500 CLUB CAB S/BOX 4WD": {
      "years": [
        1995,
        1996,
        1997
      ]
    },
    "RAM 1500 LONG WB VAN": {
      "years": [
        1995,
        1996,
        1997
      ]
    },
    "RAM 1500 REG CAB L/BOX 2WD": {
      "years": [
        1995,
        1996,
        1997,
        1998,
        1999,
        2000,
        2001,
        2003,
        2004,
        2005,
        2006,
        2007,
        2008
      ]
    },
    "RAM 1500 REG CAB L/BOX 4WD": {
      "years": [
        1995,
        1996,
        1997,
        1998,
        1999,
        2000,
        2001,
        2003,
        2004,
        2005,
        2006,
        2007,
        2008
      ]
    },
    "RAM 1500 REG CAB S/BOX 2WD": {
      "years": [
        1995,
        1996,
        1997,
        1998,
        1999,
        2000,
        2001,
        2003,
        2004,
        2005,
        2006,
        2007,
        2008
      ]
    },
    "RAM 1500 REG CAB S/BOX 4WD": {
      "years": [
        1995,
        1996,
        1997,
        1998,
        1999,
        2000,
        2001,
        2003,
        2004,
        2005,
        2006,
        2007,
        2008
      ]
    },
    "RAM 1500 SHORT WB VAN": {
      "years": [
        1995,
        1996,
        1997
      ]
    },
    "RAM 1500 SHORT WB WAGON": {
      "years": [
        1995,
        1996,
        1997
      ]
    },
    "RAM 2500 CLUB CAB L/BOX 2WD": {
      "years": [
        1995,
        1996,
        1997
      ]
    },
    "RAM 2500 CLUB CAB L/BOX 4WD": {
      "years": [
        1995,
        1996,
        1997
      ]
    },
    "RAM 2500 LONG WB MAXIVAN": {
      "years": [
        1995,
        1996,
        1997
      ]
    },
    "RAM 2500 LONG WB MAXIWAGON": {
      "years": [
        1995
      ]
    },
    "RAM 2500 LONG WB VAN": {
      "years": [
        1995,
        1996,
        1997
      ]
    },
    "RAM 2500 LONG WB WAGON": {
      "years": [
        1995,
        1996,
        1997
      ]
    },
    "RAM 2500 REG CAB L/BOX 2WD": {
      "years": [
        1995,
        1996,
        1997,
        1998,
        1999,
        2000,
        2001,
        2002,
        2003,
        2004,
        2005,
        2006,
        2007,
        2008,
        2009,
        2010
      ]
    },
    "RAM 2500 REG CAB L/BOX 4WD": {
      "years": [
        1995,
        1996,
        1997,
        1998,
        1999,
        2000,
        2001,
        2002,
        2003,
        2004,
        2005,
        2006,
        2007,
        2008,
        2009,
        2010
      ]
    },
    "RAM 2500 SHORT WB VAN": {
      "years": [
        1995,
        1996,
        1997
      ]
    },
    "RAM 3500 CLUB CAB L/BOX 2WD DRW": {
      "years": [
        1995,
        1996,
        1997
      ]
    },
    "RAM 3500 CLUB CAB L/BOX 4WD DRW": {
      "years": [
        1995,
        1996,
        1997
      ]
    },
    "RAM 3500 LONG WB MAXIVAN": {
      "years": [
        1995,
        1996,
        1997
      ]
    },
    "RAM 3500 LONG WB MAXIWAGON": {
      "years": [
        1995,
        1996,
        1997
      ]
    },
    "RAM 3500 LONG WB VAN": {
      "years": [
        1995,
        1996,
        1997
      ]
    },
    "RAM 3500 LONG WB WAGON": {
      "years": [
        1995,
        1996,
        1997
      ]
    },
    "RAM 3500 REG CAB L/BOX 2WD DRW": {
      "years": [
        1995,
        1996,
        1997,
        1998,
        1999,
        2000,
        2001,
        2002,
        2003,
        2004,
        2005,
        2006,
        2007,
        2008,
        2009,
        2010
      ]
    },
    "RAM 3500 REG CAB L/BOX 4WD DRW": {
      "years": [
        1995,
        1996,
        1997,
        1998,
        1999,
        2000,
        2001,
        2002,
        2003,
        2004,
        2005,
        2006,
        2007,
        2008,
        2009,
        2010
      ]
    },
    "RAM 2500 CLUB CAB S/BOX 2WD": {
      "years": [
        1996,
        1997
      ]
    },
    "RAM 2500 CLUB CAB S/BOX 4WD": {
      "years": [
        1996,
        1997
      ]
    },
    "RAM 1500 CLUB/QUAD CAB L/BOX 2WD": {
      "years": [
        1998
      ]
    },
    "RAM 1500 CLUB/QUAD CAB L/BOX 4WD": {
      "years": [
        1998
      ]
    },
    "RAM 1500 CLUB/QUAD CAB S/BOX 2WD": {
      "years": [
        1998,
        1999,
        2000
      ]
    },
    "RAM 1500 CLUB/QUAD CAB S/BOX 4WD": {
      "years": [
        1998,
        1999,
        2000
      ]
    },
    "RAM 1500 MAXIVAN LONG WB": {
      "years": [
        1998,
        1999,
        2000,
        2001,
        2002,
        2003,
        2004
      ]
    },
    "RAM 1500 VAN LONG WB": {
      "years": [
        1998,
        1999,
        2000,
        2001,
        2002,
        2003,
        2004
      ]
    },
    "RAM 1500 VAN SHORT WB": {
      "years": [
        1998,
        1999,
        2000,
        2001,
        2002,
        2003,
        2004
      ]
    },
    "RAM 1500 WAGON SHORT WB": {
      "years": [
        1998,
        1999,
        2000,
        2001,
        2002,
        2003,
        2004
      ]
    },
    "RAM 2500 CLUB/QUAD CAB L/BOX 2WD": {
      "years": [
        1998
      ]
    },
    "RAM 2500 CLUB/QUAD CAB L/BOX 4WD": {
      "years": [
        1998
      ]
    },
    "RAM 2500 CLUB/QUAD CAB S/BOX 2WD": {
      "years": [
        1998
      ]
    },
    "RAM 2500 CLUB/QUAD CAB S/BOX 4WD": {
      "years": [
        1998
      ]
    },
    "RAM 2500 MAXIVAN LONG WB": {
      "years": [
        1998,
        1999,
        2000,
        2001,
        2002,
        2003,
        2004
      ]
    },
    "RAM 2500 VAN LONG WB": {
      "years": [
        1998,
        1999,
        2000,
        2001,
        2002,
        2003,
        2004
      ]
    },
    "RAM 2500 WAGON LONG WB": {
      "years": [
        1998,
        1999,
        2000,
        2001,
        2002,
        2003,
        2004
      ]
    },
    "RAM 3500 MAXIVAN LONG WB": {
      "years": [
        1998,
        1999,
        2000,
        2001,
        2002,
        2003,
        2004
      ]
    },
    "RAM 3500 MAXIWAGON LONG WB": {
      "years": [
        1998,
        1999,
        2000,
        2001,
        2002,
        2003,
        2004
      ]
    },
    "RAM 3500 QUAD CAB L/BOX 2WD DRW": {
      "years": [
        1998,
        1999,
        2000,
        2001,
        2002,
        2003,
        2004,
        2005,
        2006,
        2007,
        2008,
        2009
      ]
    },
    "RAM 3500 QUAD CAB L/BOX 4WD DRW": {
      "years": [
        1998,
        1999,
        2000,
        2001,
        2002,
        2003,
        2004,
        2005,
        2006,
        2007,
        2008,
        2009
      ]
    },
    "RAM 3500 VAN LONG WB": {
      "years": [
        1998,
        1999,
        2000,
        2001,
        2002,
        2003,
        2004
      ]
    },
    "RAM 3500 WAGON LONG WB": {
      "years": [
        1998,
        2002,
        2003,
        2004
      ]
    },
    "RAM 1500 QUAD CAB L/BOX 2WD": {
      "years": [
        1999,
        2000,
        2001,
        2003,
        2004,
        2005,
        2006,
        2007,
        2008
      ]
    },
    "RAM 1500 QUAD CAB L/BOX 4WD": {
      "years": [
        1999,
        2000,
        2001,
        2003,
        2004,
        2005,
        2006,
        2007,
        2008
      ]
    },
    "RAM 2500 QUAD CAB L/BOX 2WD": {
      "years": [
        1999,
        2000,
        2002,
        2003,
        2004,
        2005,
        2006,
        2007,
        2008,
        2009
      ]
    },
    "RAM 2500 QUAD CAB L/BOX 4WD": {
      "years": [
        1999,
        2000,
        2001,
        2002,
        2003,
        2004,
        2005,
        2006,
        2007,
        2008,
        2009
      ]
    },
    "RAM 2500 QUAD CAB S/BOX 2WD": {
      "years": [
        1999,
        2000,
        2001,
        2002,
        2003,
        2004,
        2005,
        2006,
        2007,
        2008,
        2009
      ]
    },
    "RAM 2500 QUAD CAB S/BOX 4WD": {
      "years": [
        1999,
        2000,
        2001,
        2002,
        2003,
        2004,
        2005,
        2006,
        2007,
        2008,
        2009
      ]
    },
    "RAM 1500 QUAD CAB S/BOX 2WD": {
      "years": [
        2001,
        2003,
        2004,
        2005,
        2006,
        2007,
        2008
      ]
    },
    "RAM 1500 QUAD CAB S/BOX 4WD": {
      "years": [
        2001,
        2003,
        2004,
        2005,
        2006,
        2007,
        2008
      ]
    },
    "RAM 1500 MAXIWAGON LONG WB": {
      "years": [
        2002,
        2003,
        2004
      ]
    },
    "RAM 1500 QUAD CAB L/BOX 2WD ST/SLT/SLT Plus": {
      "years": [
        2002
      ]
    },
    "RAM 1500 QUAD CAB L/BOX 4WD ST/SLT/SLT Plus": {
      "years": [
        2002
      ]
    },
    "RAM 1500 QUAD CAB S/BOX 2WD ST/SLT/SLT Plus": {
      "years": [
        2002
      ]
    },
    "RAM 1500 QUAD CAB S/BOX 4WD ST/SLT/SLT Plus": {
      "years": [
        2002
      ]
    },
    "RAM 1500 REG CAB L/BOX 2WD ST/SLT/SLT Plus": {
      "years": [
        2002
      ]
    },
    "RAM 1500 REG CAB L/BOX 4WD ST/SLT/SLT Plus": {
      "years": [
        2002
      ]
    },
    "RAM 1500 REG CAB S/BOX 2WDST/SLT/SLT Plus": {
      "years": [
        2002
      ]
    },
    "RAM 1500 REG CAB S/BOX 4WDST/SLT/SLT Plus": {
      "years": [
        2002
      ]
    },
    "RAM 1500 WAGON LONG WB": {
      "years": [
        2002,
        2003,
        2004
      ]
    },
    "RAM 2500 MAXIWAGON LONG WB": {
      "years": [
        2002,
        2003,
        2004
      ]
    },
    "RAM 3500 QUAD CAB L/BOX 2WD": {
      "years": [
        2003,
        2004,
        2005,
        2006,
        2007,
        2008,
        2009
      ]
    },
    "RAM 3500 QUAD CAB L/BOX 4WD": {
      "years": [
        2003,
        2004,
        2005,
        2006,
        2007,
        2008,
        2009
      ]
    },
    "RAM 3500 QUAD CAB S/BOX 2WD": {
      "years": [
        2003,
        2004,
        2005,
        2006,
        2007,
        2008,
        2009
      ]
    },
    "RAM 3500 QUAD CAB S/BOX 2WD DRW": {
      "years": [
        2003,
        2004,
        2005,
        2006,
        2007,
        2008,
        2009
      ]
    },
    "RAM 3500 QUAD CAB S/BOX 4WD": {
      "years": [
        2003,
        2004,
        2005,
        2006,
        2007,
        2008,
        2009
      ]
    },
    "RAM 3500 QUAD CAB S/BOX 4WD DRW": {
      "years": [
        2003,
        2004,
        2005,
        2006,
        2007,
        2008,
        2009
      ]
    },
    "RAM SRT-10 REG CAB S/BOX RWD": {
      "years": [
        2004,
        2005,
        2006,
        2007,
        2008,
        2009
      ]
    },
    "RAM 1500 MEGA CAB S/BOX 2WD": {
      "years": [
        2006,
        2007,
        2008
      ]
    },
    "RAM 1500 MEGA CAB S/BOX 4WD": {
      "years": [
        2006,
        2007,
        2008
      ]
    },
    "RAM SRT-10 QUAD CAB S/BOX RWD": {
      "years": [
        2006,
        2007,
        2008,
        2009
      ]
    },
    "RAM 1500 CREW CAB 5.7-FT BOX 2WD": {
      "years": [
        2009,
        2010
      ]
    },
    "RAM 1500 CREW CAB 5.7-FT BOX 4X4": {
      "years": [
        2009,
        2010
      ]
    },
    "RAM 1500 QUAD CAB 6.4-FT BOX 2WD": {
      "years": [
        2009,
        2010
      ]
    },
    "RAM 1500 QUAD CAB 6.4-FT BOX 4X4": {
      "years": [
        2009,
        2010
      ]
    },
    "RAM 1500 REG CAB 6.4-FT BOX 2WD": {
      "years": [
        2009,
        2010
      ]
    },
    "RAM 1500 REG CAB 6.4-FT BOX 4X4": {
      "years": [
        2009,
        2010
      ]
    },
    "RAM 1500 REG CAB 8-FT BOX 2WD": {
      "years": [
        2009,
        2010
      ]
    },
    "RAM 1500 REG CAB 8-FT BOX 4X4": {
      "years": [
        2009,
        2010
      ]
    },
    "RAM 2500 CREW CAB L/BOX 2WD": {
      "years": [
        2010
      ]
    },
    "RAM 2500 CREW CAB L/BOX 4WD": {
      "years": [
        2010
      ]
    },
    "RAM 2500 CREW CAB S/BOX 2WD": {
      "years": [
        2010
      ]
    },
    "RAM 2500 CREW CAB S/BOX 4WD": {
      "years": [
        2010
      ]
    },
    "RAM 2500 MEGA CAB S/BOX 2WD": {
      "years": [
        2010
      ]
    },
    "RAM 2500 MEGA CAB S/BOX 4WD": {
      "years": [
        2010
      ]
    },
    "RAM 3500 CREW CAB L/BOX 2WD DRW": {
      "years": [
        2010
      ]
    },
    "RAM 3500 CREW CAB L/BOX 4WD DRW": {
      "years": [
        2010
      ]
    },
    "RAM 3500 CREW CAB S/BOX 2WD": {
      "years": [
        2010
      ]
    },
    "RAM 3500 CREW CAB S/BOX 4WD": {
      "years": [
        2010
      ]
    },
    "RAM 3500 MEGA CAB S/BOX 2WD DRW": {
      "years": [
        2010
      ]
    },
    "RAM 3500 MEGA CAB S/BOX 4WD DRW": {
      "years": [
        2010
      ]
    }
  },
  "Ram Chassis Cab": {},
  "Ram Van": {
    "B-150 RAM VAN LONG WB": {
      "years": [
        1987
      ]
    },
    "B-150 RAM VAN SHORT WB": {
      "years": [
        1987
      ]
    },
    "B-250 RAM VAN LONG WB": {
      "years": [
        1987
      ]
    },
    "B-350 RAM VAN LONG WB": {
      "years": [
        1987
      ]
    }
  },
  "Ram Wagon": {
    "B150 RAMWAGON LONG WB": {
      "years": [
        1985,
        1986
      ]
    },
    "B150 RAMWAGON SHORT WB": {
      "years": [
        1985,
        1986
      ]
    }
  },
  "Ramcharger": {
    "RAMCHARGER 4 WD AW 150": {
      "years": [
        1981
      ]
    },
    "RAMCHARGER DD150": {
      "years": [
        1981
      ]
    },
    "RAMCHARGER AD150": {
      "years": [
        1982,
        1988,
        1989,
        1990,
        1991
      ]
    },
    "RAMCHARGER AW150 4 WD": {
      "years": [
        1982
      ]
    },
    "RAM CHARGER 4 X 2": {
      "years": [
        1985,
        1986
      ]
    },
    "RAMCHARGER 4 X 4": {
      "years": [
        1985,
        1986
      ]
    },
    "RAMCHARGER 4X2": {
      "years": [
        1987
      ]
    },
    "RAMCHARGER AW150 4X4": {
      "years": [
        1987,
        1988,
        1989,
        1990,
        1991,
        1992,
        1993
      ]
    },
    "RAMCHARGER AD150 4X2": {
      "years": [
        1992,
        1993
      ]
    }
  },
  "Rampage": {
    "RAMPAGE": {
      "years": [
        1981,
        1982
      ]
    }
  },
  "Royal Mini Ram Van": {},
  "ST.REGIS": {
    "ST. REGIS": {
      "years": [
        1981
      ]
    }
  },
  "Shadow": {
    "SHADOW 2 DR HATCHBACK": {
      "years": [
        1987
      ]
    },
    "SHADOW 4 DR HATCHBACK": {
      "years": [
        1987
      ]
    },
    "SHADOW ES 2 DR HATCHBACK": {
      "years": [
        1987
      ]
    },
    "SHADOW ES 4 DR HATCHBACK": {
      "years": [
        1987
      ]
    },
    "SHADOW BASE/ES 2 DR HATCHBACK": {
      "years": [
        1988
      ]
    },
    "SHADOW BASE/ES 4 DR HATCHBACK": {
      "years": [
        1988
      ]
    },
    "SHADOW BASE/2DR": {
      "years": [
        1989
      ]
    },
    "SHADOW BASE/4DR": {
      "years": [
        1989
      ]
    },
    "SHADOW 4DR HATCHBACK": {
      "years": [
        1990
      ]
    },
    "SHADOW ES 2DR HATCHBACK": {
      "years": [
        1990
      ]
    },
    "SHADOW 5DR HATCHBACK": {
      "years": [
        1991
      ]
    },
    "SHADOW CONVERTIBLE/ES": {
      "years": [
        1991,
        1992,
        1993
      ]
    },
    "SHADOW ES 3DR HATCHBACK": {
      "years": [
        1991,
        1992,
        1993
      ]
    },
    "SHADOW 5DR HATCHBACK/ES": {
      "years": [
        1992,
        1993
      ]
    },
    "SHADOW 2DR HATCHBACK BASE/ES": {
      "years": [
        1994
      ]
    },
    "SHADOW 4DR HATCHBACK BASE/ES": {
      "years": [
        1994
      ]
    }
  },
  "Shelby Charger": {
    "SHELBY CHARGER": {
      "years": [
        1983,
        1984,
        1985,
        1986
      ]
    }
  },
  "Spirit": {
    "SPIRIT LE": {
      "years": [
        1989
      ]
    },
    "SPIRIT BASE/LE/ES 4DR SEDAN": {
      "years": [
        1990,
        1991
      ]
    },
    "SPIRIT BASE/ES 4DR SEDAN": {
      "years": [
        1992,
        1993
      ]
    },
    "SPIRIT 4DR SEDAN": {
      "years": [
        1994,
        1995
      ]
    }
  },
  "Sprinter": {
    "SPRINTER 2500 LWB CARGO VAN HIGH ROOF": {
      "years": [
        2003,
        2004,
        2005,
        2006,
        2007
      ]
    },
    "SPRINTER 2500 LWB PASSENGER VAN HIGH ROOF": {
      "years": [
        2003,
        2004,
        2005,
        2006,
        2007
      ]
    },
    "SPRINTER 2500 RWB CARGO VAN": {
      "years": [
        2003,
        2004,
        2005,
        2006
      ]
    },
    "SPRINTER 2500 RWB CARGO VAN HIGH ROOF": {
      "years": [
        2003,
        2004,
        2005,
        2006
      ]
    },
    "SPRINTER 2500 RWB PASSENGER VAN": {
      "years": [
        2003,
        2004,
        2005,
        2006
      ]
    },
    "SPRINTER 2500 RWB PASSENGER VAN HIGH ROOF": {
      "years": [
        2003,
        2004,
        2005,
        2006
      ]
    },
    "SPRINTER 2500 SWB CARGO VAN": {
      "years": [
        2003,
        2004,
        2005,
        2006,
        2007
      ]
    },
    "SPRINTER 2500 SWB CARGO VAN HIGH ROOF": {
      "years": [
        2003,
        2004,
        2005,
        2006,
        2007
      ]
    },
    "SPRINTER 2500 SWB PASSENGER VAN": {
      "years": [
        2003,
        2004,
        2005,
        2006,
        2007
      ]
    },
    "SPRINTER 2500 SWB PASSENGER VAN HIGH ROOF": {
      "years": [
        2003,
        2004,
        2005,
        2006,
        2007
      ]
    },
    "SPRINTER 3500 LWB CARGO VAN HIGH ROOF": {
      "years": [
        2003,
        2004,
        2005,
        2006,
        2007
      ]
    },
    "SPRINTER 3500 RWB CARGO VAN": {
      "years": [
        2003,
        2004,
        2005,
        2006
      ]
    },
    "SPRINTER 3500 RWB CARGO VAN HIGH ROOF": {
      "years": [
        2003,
        2004,
        2005,
        2006
      ]
    },
    "SPRINTER 2500 LWB CARGO VAN": {
      "years": [
        2007
      ]
    },
    "SPRINTER 2500 LWB CARGO VAN HIGH ROOF LONG": {
      "years": [
        2007
      ]
    },
    "SPRINTER 2500 LWB PASSENGER VAN": {
      "years": [
        2007
      ]
    },
    "SPRINTER 2500 LWB PASSENGER VAN HIGH ROOF LON": {
      "years": [
        2007
      ]
    },
    "SPRINTER 3500 LWB CARGO VAN": {
      "years": [
        2007
      ]
    },
    "SPRINTER 3500 LWB CARGO VAN HIGH ROOF LONG": {
      "years": [
        2007
      ]
    },
    "SPRINTER 2500 CARGO VAN 144-IN WB STANDARD RO": {
      "years": [
        2008,
        2009
      ]
    },
    "SPRINTER 2500 CARGO VAN 170-IN WB EXTENDED HI": {
      "years": [
        2008,
        2009
      ]
    },
    "SPRINTER 2500 CARGO VAN 170-IN WB HIGH ROOF": {
      "years": [
        2008,
        2009
      ]
    },
    "SPRINTER 2500 PASSENGER VAN 144-IN WB STANDAR": {
      "years": [
        2008,
        2009
      ]
    },
    "SPRINTER 2500 PASSENGER VAN 170-IN WB HIGH RO": {
      "years": [
        2008,
        2009
      ]
    },
    "SPRINTER 3500 CAB CHASSIS 144-IN WB": {
      "years": [
        2008,
        2009
      ]
    },
    "SPRINTER 3500 CAB CHASSIS 170-IN WB": {
      "years": [
        2008,
        2009
      ]
    },
    "SPRINTER 3500 CARGO VAN 144-IN WB HIGH ROOF": {
      "years": [
        2008,
        2009
      ]
    },
    "SPRINTER 3500 CARGO VAN 170-IN WB EXTENDED HI": {
      "years": [
        2008,
        2009
      ]
    },
    "SPRINTER 3500 CARGO VAN 170-IN WB HIGH ROOF": {
      "years": [
        2008,
        2009
      ]
    }
  },
  "Stealth": {
    "STEALTH SPORTS COUPE/ES/RT/RT TURBO": {
      "years": [
        1991,
        1992,
        1993
      ]
    },
    "STEALTH 2DR COUPE R/T": {
      "years": [
        1994
      ]
    },
    "STEALTH 2DR COUPE R/T TURBO AWD": {
      "years": [
        1994
      ]
    },
    "STEALTH 2DR HATCHBACK R/T": {
      "years": [
        1995,
        1996
      ]
    },
    "STEALTH 2DR HATCHBACK R/T TURBO AWD": {
      "years": [
        1995,
        1996
      ]
    }
  },
  "Stratus": {
    "STRATUS 4DR SEDAN BASE/ES": {
      "years": [
        1995,
        1996,
        1997,
        1998,
        1999
      ]
    }
  },
  "Viper": {
    "VIPER RT-10 2DR CONVERTIBLE": {
      "years": [
        1993,
        1994,
        1995,
        1996,
        1997
      ]
    },
    "VIPER 2DR HATCHBACK GTS": {
      "years": [
        1997,
        1998,
        1999
      ]
    },
    "VIPER 2DR CONVERTIBLE RT-10": {
      "years": [
        1998,
        1999,
        2000,
        2001,
        2002
      ]
    },
    "VIPER 2DR HATCHBACK GTS/ACR": {
      "years": [
        2000,
        2001,
        2002
      ]
    },
    "VIPER SRT/10 2DR CONV RWD": {
      "years": [
        2003,
        2004,
        2005,
        2006,
        2007
      ]
    },
    "VIPER SRT/10 2DR COUPE RWD": {
      "years": [
        2006,
        2007
      ]
    },
    "VIPER SRT10 COUPE/ACR RWD": {
      "years": [
        2008,
        2009,
        2010
      ]
    },
    "VIPER SRT10 ROADSTER 2DR CONV RWD": {
      "years": [
        2008,
        2009,
        2010
      ]
    },
    "VIPER 2DR COUPE /GTS": {
      "years": [
        2015
      ]
    },
    "VIPER 2DR COUPE": {
      "years": [
        2016,
        2017
      ]
    }
  },
  "W-Series": {}
}