{
  "12Cilindri": {},
  "12Cilindri Spider": {},
  "296 GTB": {
    "296GTB": {
      "years": [
        2022,
        2023,
        2024
      ]
    }
  },
  "296 GTS": {
    "296GTS": {
      "years": [
        2023,
        2024
      ]
    }
  },
  "3.2 Mondial": {},
  "308 Convertible": {},
  "308GTB": {},
  "308GTB Quattrovalvole": {},
  "308GTBi": {
    "308 GTBi": {
      "years": [
        1981,
        1982
      ]
    }
  },
  "308GTS": {},
  "308GTS Quattrovalvole": {},
  "308GTSi": {
    "308 GTSi": {
      "years": [
        1981,
        1982
      ]
    }
  },
  "328": {},
  "328 GTB": {},
  "328 GTS": {},
  "348 Spider": {
    "348 SPIDER 2DR CONVERTIBLE": {
      "years": [
        1994
      ]
    }
  },
  "348 tb": {
    "348tb/348ts CABRIOLET": {
      "years": [
        1991
      ]
    }
  },
  "348 ts": {
    "348ts CABRIOLET": {
      "years": [
        1990,
        1992,
        1993
      ]
    }
  },
  "355 Berlinetta": {},
  "355 GTS": {},
  "355 Spider": {},
  "360 Modena": {
    "F360 MODENA 2DR COUPE": {
      "years": [
        2000,
        2001,
        2002,
        2003
      ]
    },
    "F360 MODENA 2DR COUPE RWD": {
      "years": [
        2004,
        2005
      ]
    },
    "F360 MODENA 2DR COUPE RWD / CHALLENGE STRADAL": {
      "years": [
        2004,
        2005
      ]
    }
  },
  "360 Spider": {
    "F360 SPIDER 2DR CONVERTIBLE": {
      "years": [
        2001,
        2002,
        2003,
        2004,
        2005
      ]
    }
  },
  "430 Scuderia": {},
  "430 Scuderia Spider": {},
  "456 GT": {
    "456GT 2DR COUPE": {
      "years": [
        1995,
        1996,
        1997
      ]
    },
    "456GT/GTA 2DR COUPE": {
      "years": [
        1998
      ]
    }
  },
  "456 MGT": {
    "456M GT/GTA 2DR COUPE": {
      "years": [
        1999,
        2000,
        2001,
        2002
      ]
    },
    "456M GT/GTA 2DR COUPE RWD": {
      "years": [
        2003
      ]
    }
  },
  "456 MGTA": {},
  "458 Italia": {
    "458 ITALIA 2DR COUPE RWD": {
      "years": [
        2010,
        2011,
        2012,
        2013,
        2014,
        2015
      ]
    }
  },
  "458 Speciale": {
    "458 SPECIALE 2DR COUPE RWD": {
      "years": [
        2016
      ]
    },
    "458 SPECIALE A 2DR CONVERTIBLE RWD": {
      "years": [
        2016
      ]
    }
  },
  "458 Speciale Spider": {},
  "458 Spider": {
    "458  SPIDER 2DR CONVERTIBLE RWD": {
      "years": [
        2012,
        2013
      ]
    },
    "458 SPIDER 2DR CONVERTIBLE RWD": {
      "years": [
        2014,
        2015
      ]
    }
  },
  "488 GTB": {
    "488 GTB": {
      "years": [
        2016,
        2017,
        2018,
        2019
      ]
    }
  },
  "488 GTS": {},
  "488 Pista": {
    "488 PISTA": {
      "years": [
        2020
      ]
    }
  },
  "488 Pista Spider": {
    "488 PISTA SPIDER": {
      "years": [
        2020
      ]
    }
  },
  "488 Spider": {
    "488 SPIDER": {
      "years": [
        2016,
        2017,
        2018,
        2019
      ]
    }
  },
  "512 TR": {},
  "550 Barchetta": {},
  "550 Maranello": {
    "F550 MARANELLO 2DR COUPE": {
      "years": [
        1998,
        1999,
        2000,
        2001,
        2002
      ]
    }
  },
  "575 M Maranello": {
    "575M MARANELLO 2DR COUPE RWD": {
      "years": [
        2003,
        2004,
        2005
      ]
    }
  },
  "599 GTB": {},
  "599 GTB Fiorano": {
    "599 GTB FIORANO 2DR COUPE RWD": {
      "years": [
        2007,
        2008,
        2009,
        2010,
        2011,
        2012
      ]
    }
  },
  "599 GTO": {},
  "612 Scaglietti": {
    "612 SCAGLIETTI 2DR COUPE RWD": {
      "years": [
        2004,
        2005,
        2006,
        2007,
        2008,
        2009,
        2010,
        2011
      ]
    }
  },
  "812 Competizione": {},
  "812 Competizione A": {},
  "812 GTS": {
    "812 GTS": {
      "years": [
        2020,
        2021,
        2022,
        2023,
        2024
      ]
    }
  },
  "812 Superfast": {
    "812 SUPERFAST": {
      "years": [
        2018,
        2019,
        2020,
        2021
      ]
    }
  },
  "California": {
    "CALIFORNIA 2DR COUPE RWD": {
      "years": [
        2009,
        2010,
        2011,
        2012,
        2013,
        2014
      ]
    }
  },
  "California T": {
    "CALIFORNIA T 2DR CONVERTIBLE RWD": {
      "years": [
        2015,
        2016,
        2017
      ]
    }
  },
  "Challenge Stradale": {},
  "Daytona SP3": {
    "DAYTONA SP3": {
      "years": [
        2023,
        2024
      ]
    }
  },
  "Enzo": {
    "ENZO 2DR COUPE RWD": {
      "years": [
        2003
      ]
    }
  },
  "F12 Berlinetta": {
    "F12BERLINETTA 2DR COUPE RWD": {
      "years": [
        2013
      ]
    },
    "F12 BERLINETTA 2DR COUPE RWD": {
      "years": [
        2014,
        2015,
        2016,
        2017
      ]
    }
  },
  "F12 Special Series": {},
  "F12 tdf (Tour de France)": {},
  "F164BCB": {},
  "F355": {
    "F355 2DR COUPE": {
      "years": [
        1995
      ]
    },
    "F355 SPYDER 2DR COUPE": {
      "years": [
        1996,
        1997,
        1998
      ]
    },
    "F355 TB/TS 2DR COUPE": {
      "years": [
        1996,
        1997
      ]
    },
    "F355 B/TS 2DR COUPE": {
      "years": [
        1998
      ]
    },
    "F355 SPYDER 2DR COUPE BASE/F1": {
      "years": [
        1999
      ]
    }
  },
  "F40": {
    "F-40": {
      "years": [
        1991,
        1992,
        1993
      ]
    },
    "F-40 2DR COUPE": {
      "years": [
        1994
      ]
    }
  },
  "F430": {
    "F430 2DR COUPE RWD": {
      "years": [
        2006,
        2007,
        2008,
        2009
      ]
    },
    "F430 CHALLENGE 2DR COUPE RWD": {
      "years": [
        2006,
        2007
      ]
    },
    "F430 SCUDERIA 2DR COUPE RWD": {
      "years": [
        2008,
        2009
      ]
    }
  },
  "F430 Coupe": {},
  "F430 Spider": {
    "F430 SPIDER 2DR CONV RWD": {
      "years": [
        2006,
        2007,
        2008,
        2009
      ]
    }
  },
  "F50": {},
  "F60 America": {},
  "F8 Spider": {
    "F8 SPIDER": {
      "years": [
        2020,
        2021,
        2022,
        2023
      ]
    }
  },
  "F8 Tributo": {
    "F8 TRIBUTO": {
      "years": [
        2020,
        2021,
        2022,
        2023
      ]
    }
  },
  "FF": {
    "FF 2DR COUPE AWD": {
      "years": [
        2012,
        2013,
        2014,
        2015,
        2016
      ]
    }
  },
  "GTC4Lusso": {
    "GTC4 LUSSO": {
      "years": [
        2017
      ]
    },
    "GTC4 LUSSO / LUSSO T": {
      "years": [
        2018,
        2019,
        2020
      ]
    }
  },
  "La Ferrari": {
    "LAFERRARI": {
      "years": [
        2015,
        2016,
        2017
      ]
    },
    "LAFERRARI APERTA": {
      "years": [
        2018
      ]
    }
  },
  "Mondial 8": {
    "MONDIAL 8": {
      "years": [
        1982
      ]
    }
  },
  "Mondial T": {},
  "Monza SP1/SP2": {},
  "Portofino": {
    "PORTOFINO": {
      "years": [
        2018,
        2019,
        2020
      ]
    }
  },
  "Portofino M": {
    "PORTOFINO M": {
      "years": [
        2021,
        2022,
        2023,
        2024
      ]
    }
  },
  "Purosangue": {},
  "Roma": {
    "ROMA": {
      "years": [
        2021,
        2022,
        2023,
        2024
      ]
    }
  },
  "Roma Spider": {
    "ROMA SPIDER": {
      "years": [
        2024,
        2025
      ]
    }
  },
  "SF90 Spider": {
    "SF90 SPIDER": {
      "years": [
        2021,
        2022,
        2023,
        2024
      ]
    }
  },
  "SF90 Stradale": {
    "SF90 STRADALE": {
      "years": [
        2020,
        2021,
        2022,
        2023,
        2024
      ]
    }
  },
  "SF90 XX Spider": {},
  "SF90 XX Stradale": {},
  "Testarossa": {}
}