{
  "124 Spider": {
    "124 SPIDER 2DR CONVERTIBLE": {
      "years": [
        2017,
        2018,
        2019,
        2020
      ]
    }
  },
  "500": {
    "500 2 DR HATCHBACK POP/SPORT/LOUNGE": {
      "years": [
        2011,
        2012,
        2013,
        2014,
        2015,
        2016,
        2017,
        2018
      ]
    },
    "500 ABARTH": {
      "years": [
        2012
      ]
    },
    "500C 2 DR HATCHBACK CONVERTIBLE POP/LOUNGE": {
      "years": [
        2012,
        2013,
        2014,
        2015,
        2016,
        2017,
        2018
      ]
    },
    "500 2 DR HATCHBACK TURBO/ABARTH": {
      "years": [
        2013,
        2014,
        2015,
        2016,
        2017,
        2018
      ]
    },
    "500C 2 DR HATCHBACK CONVERTIBLE TURBO/ABARTH": {
      "years": [
        2013,
        2014,
        2015,
        2016,
        2017,
        2018
      ]
    },
    "500 2 DR HATCHBACK": {
      "years": [
        2019
      ]
    },
    "500 2 DR HATCHBACK ABARTH": {
      "years": [
        2019
      ]
    },
    "500C 2 DR HATCHBACK CONVERTIBLE": {
      "years": [
        2019
      ]
    },
    "500C 2 DR HATCHBACK CONVERTIBLE ABARTH": {
      "years": [
        2019
      ]
    }
  },
  "500L": {
    "500L": {
      "years": [
        2013
      ]
    },
    "500L 4DR HATCHBACK POP/SPORT/TREKKING/LOUNGE": {
      "years": [
        2014,
        2015,
        2016
      ]
    },
    "500L 4DR HATCHBACK": {
      "years": [
        2017,
        2018,
        2019,
        2020
      ]
    }
  },
  "500X": {
    "500X 4DR SUV AWD": {
      "years": [
        2016,
        2017,
        2018,
        2019,
        2020,
        2021,
        2022,
        2023,
        2024
      ]
    },
    "500X 4DR SUV FWD AUTOMATIC": {
      "years": [
        2016,
        2017,
        2018
      ]
    },
    "500X 4DR SUV FWD MANUAL": {
      "years": [
        2016,
        2017,
        2018
      ]
    }
  },
  "500e": {
    "500e": {
      "years": [
        2024,
        2025
      ]
    }
  },
  "Brava": {
    "BRAVA 4 DR SD": {
      "years": [
        1981
      ]
    },
    "BRAVA 2 DR": {
      "years": [
        1982
      ]
    },
    "BRAVA 4 DR": {
      "years": [
        1982
      ]
    }
  },
  "Ducato": {},
  "Freemont": {},
  "Spider 2000": {
    "SPIDER 2000": {
      "years": [
        1981
      ]
    }
  },
  "Strada": {
    "STRADA": {
      "years": [
        1981
      ]
    }
  },
  "X 1/9": {
    "X 1/9": {
      "years": [
        1981
      ]
    },
    "X + 1/9": {
      "years": [
        1982
      ]
    }
  }
}