{
  "Acadia": {
    "ACADIA 4DR SUV FWD SLE/SLT": {
      "years": [
        2007,
        2010,
        2011,
        2012,
        2013,
        2014,
        2015
      ]
    },
    "ACADIA 4DR SUV FWD SLE/SLT1/SLT2": {
      "years": [
        2008,
        2009
      ]
    },
    "ACADIA 4DR SUV AWD SLE/SLT": {
      "years": [
        2010
      ]
    },
    "ACADIA 4DR SUV AWD SLE/SLT/DENALI": {
      "years": [
        2011,
        2012,
        2013,
        2014,
        2015
      ]
    },
    "ACADIA 4DR SUV AWD": {
      "years": [
        2016,
        2017,
        2018,
        2019,
        2020,
        2021,
        2022,
        2023,
        2024,
        2025
      ]
    },
    "ACADIA 4DR SUV FWD": {
      "years": [
        2016,
        2017,
        2018,
        2019,
        2020,
        2021,
        2022,
        2023,
        2024,
        2025
      ]
    },
    "ACADIA 4DR SUV AWD DENALI": {
      "years": [
        2020,
        2021,
        2022,
        2023
      ]
    }
  },
  "Aluminum Tilt": {},
  "Bus Chassis": {},
  "C/K Pickup": {},
  "C5": {},
  "C6": {},
  "C7": {},
  "Caballero": {},
  "Canyon": {
    "CANYON CREW CAB S/BOX 2WD": {
      "years": [
        2004,
        2015,
        2016,
        2017,
        2018,
        2019,
        2020,
        2021,
        2022
      ]
    },
    "CANYON CREW CAB S/BOX 4X4": {
      "years": [
        2004,
        2015,
        2016,
        2017,
        2018,
        2019,
        2020,
        2021,
        2022
      ]
    },
    "CANYON EXT CAB S/BOX 2WD": {
      "years": [
        2004
      ]
    },
    "CANYON EXT CAB S/BOX 4X4": {
      "years": [
        2004
      ]
    },
    "CANYON REG CAB S/BOX 2WD": {
      "years": [
        2004
      ]
    },
    "CANYON REG CAB S/BOX 4X4": {
      "years": [
        2004
      ]
    },
    "CANYON CREW CAB S/BOX 2WD /SL": {
      "years": [
        2005,
        2006,
        2007,
        2008,
        2009,
        2010
      ]
    },
    "CANYON CREW CAB S/BOX 4X4 /SL": {
      "years": [
        2005
      ]
    },
    "CANYON EXT CAB S/BOX 2WD /SL/SLE": {
      "years": [
        2005,
        2006,
        2007,
        2008,
        2009,
        2010
      ]
    },
    "CANYON EXT CAB S/BOX 4X4 /SL/SLE": {
      "years": [
        2005,
        2006,
        2007,
        2008,
        2009,
        2010
      ]
    },
    "CANYON REG CAB S/BOX 2WD /SL/SLE": {
      "years": [
        2005,
        2006,
        2007,
        2008,
        2009,
        2010
      ]
    },
    "CANYON REG CAB S/BOX 4X4 /SL/SLE": {
      "years": [
        2005,
        2006,
        2007,
        2008,
        2009,
        2010
      ]
    },
    "CANYON CREW CAB S/BOX 4X4 /SL/SLE": {
      "years": [
        2006,
        2007,
        2008,
        2009,
        2010
      ]
    },
    "CANYON CREW CAB S/BOX 2WD /SLE": {
      "years": [
        2011,
        2012
      ]
    },
    "CANYON CREW CAB S/BOX 4X4 /SLE": {
      "years": [
        2011,
        2012
      ]
    },
    "CANYON EXT CAB S/BOX 2WD /SLE": {
      "years": [
        2011,
        2012
      ]
    },
    "CANYON EXT CAB S/BOX 4X4 /SLE": {
      "years": [
        2011,
        2012
      ]
    },
    "CANYON REG CAB S/BOX 2WD /SLE": {
      "years": [
        2011,
        2012
      ]
    },
    "CANYON REG CAB S/BOX 4X4 /SLE": {
      "years": [
        2011,
        2012
      ]
    },
    "CANYON CREW CAB L/BOX 2WD": {
      "years": [
        2015,
        2016,
        2017,
        2018,
        2019,
        2020,
        2021,
        2022
      ]
    },
    "CANYON CREW CAB L/BOX 4X4": {
      "years": [
        2015,
        2016,
        2017,
        2018,
        2019,
        2020,
        2021,
        2022
      ]
    },
    "CANYON EXTENDED CAB L/BOX 2WD": {
      "years": [
        2015,
        2016,
        2017,
        2018,
        2019,
        2020,
        2021,
        2022
      ]
    },
    "CANYON EXTENDED CAB L/BOX 4X4": {
      "years": [
        2015,
        2016,
        2017,
        2018,
        2019,
        2020,
        2021,
        2022
      ]
    },
    "CANYON CREWCAB 2WD": {
      "years": [
        2023,
        2024
      ]
    },
    "CANYON CREWCAB 4WD": {
      "years": [
        2023,
        2024
      ]
    },
    "CANYON CREWCAB 4WD AT4": {
      "years": [
        2023,
        2024
      ]
    },
    "CANYON CREWCAB 4WD AT4X": {
      "years": [
        2023,
        2024
      ]
    }
  },
  "Cruise Origin AV": {},
  "Electric Vehicle": {},
  "Envoy": {
    "ENVOY SLE/SLT 4DR SUV 2WD": {
      "years": [
        2002,
        2003,
        2004
      ]
    },
    "ENVOY SLE/SLT 4DR SUV 4WD": {
      "years": [
        2002,
        2003,
        2004
      ]
    },
    "ENVOY SLE/SLT 4DR SUV EXT 2WD": {
      "years": [
        2002
      ]
    },
    "ENVOY SLE/SLT 4DR SUV EXT 4WD": {
      "years": [
        2002
      ]
    },
    "ENVOY XL SLE/SLT 4DR SUV 2WD": {
      "years": [
        2003,
        2004
      ]
    },
    "ENVOY XL SLE/SLT 4DR SUV 4WD": {
      "years": [
        2003,
        2004
      ]
    },
    "ENVOY XUV 4DR SUV RWD": {
      "years": [
        2004
      ]
    },
    "ENVOY 4DR SUV 2WD SLE/SLT/DENALI": {
      "years": [
        2005
      ]
    },
    "ENVOY 4DR SUV 4WD /SLE/SLT/DENALI": {
      "years": [
        2005
      ]
    },
    "ENVOY XL 4DR SUV 2WD SLE/SLT/DENALI": {
      "years": [
        2005
      ]
    },
    "ENVOY XL 4DR SUV 4WD  SLE/SLT/DENALI": {
      "years": [
        2005
      ]
    },
    "ENVOY XUV 4DR SUV 2WD /SLE/SLT": {
      "years": [
        2005
      ]
    },
    "ENVOY XUV 4DR SUV 4WD /SLE/SLT": {
      "years": [
        2005
      ]
    },
    "ENVOY 4DR SUV 2WD DENALI": {
      "years": [
        2006,
        2007
      ]
    },
    "ENVOY 4DR SUV 2WD SLE/SLT": {
      "years": [
        2006,
        2007
      ]
    },
    "ENVOY 4DR SUV 4WD /SLE/SLT": {
      "years": [
        2006,
        2007
      ]
    },
    "ENVOY 4DR SUV 4WD DENALI": {
      "years": [
        2006,
        2007,
        2008,
        2009
      ]
    },
    "ENVOY XL 4DR SUV 2WD DENALI": {
      "years": [
        2006,
        2007
      ]
    },
    "ENVOY XL 4DR SUV 2WD SLE/SLT": {
      "years": [
        2006,
        2007
      ]
    },
    "ENVOY XL 4DR SUV 4WD  DENALI": {
      "years": [
        2006,
        2007
      ]
    },
    "ENVOY XL 4DR SUV 4WD  SLE/SLT": {
      "years": [
        2006,
        2007
      ]
    },
    "ENVOY 4DR SUV 4WD SLE/SLT": {
      "years": [
        2008,
        2009
      ]
    }
  },
  "Forward Control": {},
  "GMT-400": {},
  "Geo Tracker": {},
  "Heavy Conventional": {},
  "Hi-Cube": {},
  "Hummer EV Pickup": {},
  "Hummer EV SUV": {
    "HUMMER EV SUV": {
      "years": [
        2023,
        2024,
        2025
      ]
    }
  },
  "Jimmy": {
    "K-JIMMY 4DR 4 X 2": {
      "years": [
        1985,
        1986,
        1987
      ]
    },
    "K-JIMMY 4DR 4 X 4": {
      "years": [
        1985,
        1986,
        1987
      ]
    },
    "S-15 JIMMY 2DR 2 X 4": {
      "years": [
        1985
      ]
    },
    "S-15 JIMMY 2DR 4 X 4": {
      "years": [
        1985,
        1986,
        1987
      ]
    },
    "S-15 JIMMY 2DR 4 X 2": {
      "years": [
        1986,
        1987
      ]
    },
    "S-15 JIMMY 2DR 4X2": {
      "years": [
        1988,
        1989,
        1990,
        1991,
        1992,
        1993
      ]
    },
    "S-15 JIMMY 2DR 4X4": {
      "years": [
        1988,
        1990,
        1991,
        1992,
        1993
      ]
    },
    "V-JIMMY 4DR 2X4": {
      "years": [
        1988,
        1990
      ]
    },
    "V-JIMMY 4DR 4X4": {
      "years": [
        1988,
        1989,
        1990
      ]
    },
    "T-15 JIMMY 2DR 4X4": {
      "years": [
        1989
      ]
    },
    "V-JIMMY 2DR 4X2": {
      "years": [
        1989
      ]
    },
    "V1500-JIMMY 2DR 4X4": {
      "years": [
        1991
      ]
    },
    "S-15 JIMMY 4DR 4X2": {
      "years": [
        1991,
        1992,
        1993
      ]
    },
    "S-15 JIMMY 4DR 4X4": {
      "years": [
        1991,
        1992,
        1993
      ]
    },
    "JIMMY 2DR SUV 2WD": {
      "years": [
        1994
      ]
    },
    "JIMMY 2DR SUV 4WD": {
      "years": [
        1994
      ]
    },
    "JIMMY 4DR SUV 2WD": {
      "years": [
        1994
      ]
    },
    "JIMMY 4DR SUV 4WD": {
      "years": [
        1994
      ]
    },
    "JIMMY 2DR SUV 2WD SL/SLS": {
      "years": [
        1995,
        1996,
        1997,
        1998,
        1999
      ]
    },
    "JIMMY 2DR SUV 4WD SL/SLS": {
      "years": [
        1995,
        1996,
        1997,
        1998,
        1999
      ]
    },
    "JIMMY 4DR SUV 2WD SL/SLS/SLE/SLT": {
      "years": [
        1995,
        1996,
        1998,
        1999
      ]
    },
    "JIMMY 4DR SUV 4WD SL/SLS/SLE/SLT": {
      "years": [
        1995,
        1996,
        1998,
        1999
      ]
    },
    "JIMMY 4DR SUV 2WD SL/SLS/SLT": {
      "years": [
        1997
      ]
    },
    "JIMMY 4DR SUV 4WD SL/SLS/SLT": {
      "years": [
        1997
      ]
    },
    "JIMMY 4DR SUV 4WD ENVOY": {
      "years": [
        1999,
        2000
      ]
    },
    "JIMMY 2DR SUV 2WD SLS": {
      "years": [
        2000
      ]
    },
    "JIMMY 2DR SUV 4WD SLS": {
      "years": [
        2000
      ]
    },
    "JIMMY 4DR SUV 2WD SLS/SLE/SLT": {
      "years": [
        2000
      ]
    },
    "JIMMY 4DR SUV 4WD SLS/SLE/SLT": {
      "years": [
        2000,
        2001,
        2002,
        2003,
        2004
      ]
    },
    "JIMMY 2DR SUV 4WD SLS/SLE/SLT": {
      "years": [
        2001,
        2002,
        2003,
        2004,
        2005
      ]
    }
  },
  "Jimmy Utility": {},
  "Magna Van": {},
  "Motorhome Chassis": {},
  "P Truck Forward": {},
  "R Conventional": {},
  "Rally": {
    "RALLY VAN": {
      "years": [
        1985,
        1986,
        1987
      ]
    },
    "G-1500 RALLY": {
      "years": [
        1988,
        1989,
        1991
      ]
    },
    "G-2500 RALLY": {
      "years": [
        1988,
        1989,
        1991
      ]
    },
    "G-3500 RALLY": {
      "years": [
        1988,
        1989,
        1991
      ]
    },
    "G-3500/C6P RALLY": {
      "years": [
        1988,
        1989
      ]
    },
    "G10 RALLY": {
      "years": [
        1990
      ]
    },
    "G20 RALLY": {
      "years": [
        1990
      ]
    },
    "G30 RALLY": {
      "years": [
        1990
      ]
    },
    "G30/C6P RALLY": {
      "years": [
        1990
      ]
    },
    "G-3500 RALLY EXTENDED BODY": {
      "years": [
        1991
      ]
    },
    "G1500 RALLY": {
      "years": [
        1992,
        1993
      ]
    },
    "G2500 RALLY": {
      "years": [
        1992,
        1993
      ]
    },
    "G3500 RALLY": {
      "years": [
        1992,
        1993
      ]
    },
    "G3500 RALLY EXTENDED BODY": {
      "years": [
        1992,
        1993
      ]
    },
    "RALLY 2500 LONG W/B": {
      "years": [
        1994
      ]
    },
    "RALLY 3500 EXTRA LONG W/B": {
      "years": [
        1994
      ]
    },
    "RALLY 3500 LONG W/B": {
      "years": [
        1994
      ]
    },
    "RALLY G20/2500 LONG W/B": {
      "years": [
        1995,
        1996
      ]
    },
    "RALLY G30/3500 EXTRA LONG W/B": {
      "years": [
        1995,
        1996
      ]
    },
    "RALLY G30/3500 LONG W/B": {
      "years": [
        1995,
        1996
      ]
    }
  },
  "S15 Pickup": {},
  "S15 Utility": {},
  "S6": {},
  "Safari": {
    "M-1500 SAFARI CARGO": {
      "years": [
        1988,
        1989,
        1990
      ]
    },
    "SAFARI": {
      "years": [
        1988,
        1989
      ]
    },
    "SAFARI EXTENDED LENGTH AWD PASSENGER VAN": {
      "years": [
        1990,
        1991,
        1992
      ]
    },
    "SAFARI EXTENDED LENGTH PASSENGER VAN": {
      "years": [
        1990
      ]
    },
    "SAFARI PASSENGER VAN": {
      "years": [
        1990
      ]
    },
    "SAFARI CARGO": {
      "years": [
        1991,
        1992,
        1993,
        1994
      ]
    },
    "SAFARI CARGO EXTENDED BODY": {
      "years": [
        1991,
        1992,
        1993,
        1994,
        1995,
        1996,
        1997,
        1998,
        1999
      ]
    },
    "SAFARI EXTENDED LENGTH RWD PASSENGER VAN": {
      "years": [
        1991,
        1992
      ]
    },
    "SAFARI RWD PASSENGER VAN": {
      "years": [
        1991,
        1992
      ]
    },
    "SAFARI AWD PASSENGER VANS": {
      "years": [
        1991
      ]
    },
    "SAFARI AWD PASSENGER VAN": {
      "years": [
        1992
      ]
    },
    "SAFARI AWD WAGON": {
      "years": [
        1993
      ]
    },
    "SAFARI EXTENDED LENGTH AWD WAGON": {
      "years": [
        1993
      ]
    },
    "SAFARI EXTENDED LENGTH RWD WAGON": {
      "years": [
        1993
      ]
    },
    "SAFARI RWD WAGON": {
      "years": [
        1993
      ]
    },
    "SAFARI PASSENGER WAGON AWD": {
      "years": [
        1994,
        2000,
        2001,
        2002,
        2003,
        2004,
        2005,
        2006
      ]
    },
    "SAFARI PASSENGER WAGON AWD EXTENDED BODY": {
      "years": [
        1994,
        1995,
        1996,
        1997,
        1998,
        1999
      ]
    },
    "SAFARI PASSENGER WAGON RWD": {
      "years": [
        1994,
        2000,
        2001,
        2002,
        2003,
        2004,
        2005,
        2006
      ]
    },
    "SAFARI PASSENGER WAGON RWD EXTENDED BODY": {
      "years": [
        1994,
        1995,
        1996,
        1997,
        1998,
        1999
      ]
    },
    "SAFARI CARGO AWD": {
      "years": [
        2000,
        2001,
        2002,
        2003,
        2004,
        2005,
        2006
      ]
    },
    "SAFARI CARGO RWD": {
      "years": [
        2000,
        2001,
        2002,
        2003,
        2004,
        2005,
        2006
      ]
    }
  },
  "Savana": {
    "G1500 SAVANA CARGO": {
      "years": [
        1997,
        1998,
        1999,
        2000,
        2001,
        2002
      ]
    },
    "G1500 SAVANA PASSENGER": {
      "years": [
        1997,
        1998,
        1999,
        2000,
        2001,
        2002
      ]
    },
    "G2500 SAVANA CARGO": {
      "years": [
        1997,
        1998,
        1999,
        2000,
        2001,
        2002
      ]
    },
    "G2500 SAVANA CARGO EXTENDED": {
      "years": [
        1997,
        1998,
        1999,
        2000,
        2001,
        2002
      ]
    },
    "G2500 SAVANA PASSENGER": {
      "years": [
        1997,
        1998,
        1999,
        2000,
        2001,
        2002
      ]
    },
    "G2500 SAVANA PASSENGER EXTENDED": {
      "years": [
        1997,
        1998,
        1999,
        2000,
        2001,
        2002
      ]
    },
    "G3500 SAVANA CARGO": {
      "years": [
        1997,
        1998,
        1999,
        2000,
        2001,
        2002
      ]
    },
    "G3500 SAVANA CARGO EXTENDED": {
      "years": [
        1997,
        1998,
        1999,
        2000,
        2001,
        2002
      ]
    },
    "G3500 SAVANA PASSENGER": {
      "years": [
        1997,
        1998,
        1999,
        2000,
        2001,
        2002
      ]
    },
    "G3500 SAVANA PASSENGER EXTENDED": {
      "years": [
        1997,
        1998,
        1999,
        2000,
        2001,
        2002
      ]
    },
    "1500 SAVANA CARGO VAN SWB": {
      "years": [
        2003,
        2004,
        2005,
        2006,
        2007,
        2008,
        2009,
        2010,
        2011,
        2012,
        2013,
        2014
      ]
    },
    "1500 SAVANA CARGO VAN SWB AWD": {
      "years": [
        2003,
        2004,
        2005,
        2006,
        2007,
        2008,
        2009,
        2010,
        2011,
        2012,
        2013,
        2014
      ]
    },
    "1500 SAVANA PASSENGER VAN SWB": {
      "years": [
        2003,
        2004,
        2005,
        2006,
        2007,
        2008,
        2009,
        2010,
        2011,
        2012,
        2013,
        2014
      ]
    },
    "1500 SAVANA PASSENGER VAN SWB AWD": {
      "years": [
        2003,
        2004,
        2005,
        2006,
        2007,
        2008,
        2009,
        2010,
        2011,
        2012,
        2013,
        2014
      ]
    },
    "2500 SAVANA CARGO VAN LWB": {
      "years": [
        2003,
        2004,
        2005,
        2006,
        2007,
        2008,
        2009,
        2010,
        2011,
        2012,
        2013,
        2014,
        2015,
        2016,
        2017,
        2018,
        2019,
        2020,
        2021,
        2022,
        2023,
        2024
      ]
    },
    "2500 SAVANA CARGO VAN SWB": {
      "years": [
        2003,
        2004,
        2005,
        2006,
        2007,
        2008,
        2009,
        2010,
        2011,
        2012,
        2013,
        2014,
        2015,
        2016,
        2017,
        2018,
        2019,
        2020,
        2021,
        2022,
        2023,
        2024
      ]
    },
    "2500 SAVANA PASSENGER VAN LWB": {
      "years": [
        2003,
        2004,
        2005,
        2006,
        2007,
        2008,
        2009,
        2010,
        2011,
        2012,
        2013
      ]
    },
    "2500 SAVANA PASSENGER VAN SWB": {
      "years": [
        2003,
        2004,
        2005,
        2006,
        2007,
        2008,
        2009,
        2010,
        2011,
        2012,
        2013,
        2014,
        2015,
        2016,
        2017,
        2018,
        2019,
        2020,
        2021,
        2022,
        2023,
        2024
      ]
    },
    "3500 SAVANA CARGO VAN LWB": {
      "years": [
        2003,
        2004,
        2005,
        2006,
        2007,
        2008,
        2009,
        2010,
        2011,
        2012,
        2013,
        2014,
        2015,
        2016,
        2017,
        2018,
        2019,
        2020,
        2021,
        2022,
        2023,
        2024
      ]
    },
    "3500 SAVANA CARGO VAN SWB": {
      "years": [
        2003,
        2004,
        2005,
        2006,
        2007,
        2008,
        2009,
        2010,
        2011,
        2012,
        2013,
        2014,
        2015,
        2016,
        2017,
        2018,
        2019,
        2020,
        2021,
        2022,
        2023,
        2024
      ]
    },
    "3500 SAVANA PASSENGER VAN LWB": {
      "years": [
        2003,
        2004,
        2005,
        2006,
        2007,
        2008,
        2009,
        2010,
        2011,
        2012,
        2013,
        2014,
        2015,
        2016,
        2017,
        2018,
        2019,
        2020,
        2021,
        2022,
        2023,
        2024
      ]
    },
    "3500 SAVANA PASSENGER VAN SWB": {
      "years": [
        2003,
        2004,
        2005,
        2006,
        2007,
        2008,
        2009,
        2010,
        2011,
        2012,
        2013,
        2014,
        2015,
        2016,
        2017,
        2018,
        2019,
        2020,
        2021,
        2022,
        2023,
        2024
      ]
    }
  },
  "Sierra": {
    "SIERRA 3500 P/U CREW CAB L/BOX DRW": {
      "years": [
        1994,
        1995,
        1996,
        1997,
        1998
      ]
    },
    "SIERRA 3500 P/U REG CAB L/BOX": {
      "years": [
        1994,
        1995,
        1996,
        1997,
        1998
      ]
    },
    "SIERRA 3500 P/U REG CAB L/BOX 4X4": {
      "years": [
        1994,
        1995,
        1996,
        1997,
        1998
      ]
    },
    "SIERRA 3500 P/U REG CAB L/BOX 4X4 DRW": {
      "years": [
        1994,
        1995,
        1996,
        1997,
        1998
      ]
    },
    "SIERRA 3500 P/U REG CAB L/BOX DRW": {
      "years": [
        1994,
        1995,
        1996,
        1997,
        1998
      ]
    },
    "SIERRA 1500 P/U CLUB COUPE L/BOX W/SIDE 4X4": {
      "years": [
        1994,
        1995,
        1996,
        1997,
        1998
      ]
    },
    "SIERRA 1500 P/U CLUB COUPE S/BOX S/SIDE": {
      "years": [
        1994,
        1995,
        1996,
        1997,
        1998
      ]
    },
    "SIERRA 1500 P/U CLUB COUPE S/BOX S/SIDE 4X4": {
      "years": [
        1994,
        1995,
        1996,
        1997,
        1998
      ]
    },
    "SIERRA 1500 P/U CLUB COUPE S/BOX W/SIDE": {
      "years": [
        1994,
        1995,
        1996,
        1997,
        1998
      ]
    },
    "SIERRA 1500 P/U CLUB COUPE S/BOX W/SIDE 4X4": {
      "years": [
        1994,
        1995,
        1996,
        1997,
        1998
      ]
    },
    "SIERRA 1500 P/U REG CAB L/BOX W/SIDE": {
      "years": [
        1994,
        1995,
        1996,
        1997,
        1998
      ]
    },
    "SIERRA 1500 P/U REG CAB L/BOX W/SIDE 4X4": {
      "years": [
        1994,
        1995,
        1996,
        1997,
        1998
      ]
    },
    "SIERRA 1500 P/U REG CAB S/BOX S/SIDE": {
      "years": [
        1994,
        1995,
        1996,
        1997,
        1998
      ]
    },
    "SIERRA 1500 P/U REG CAB S/BOX S/SIDE 4X4": {
      "years": [
        1994,
        1995,
        1996,
        1997,
        1998
      ]
    },
    "SIERRA 1500 P/U REG CAB S/BOX W/SIDE": {
      "years": [
        1994,
        1995,
        1996,
        1997,
        1998
      ]
    },
    "SIERRA 1500 P/U REG CAB S/BOX W/SIDE 4X4": {
      "years": [
        1994,
        1995,
        1996,
        1997,
        1998
      ]
    },
    "SIERRA 2500 P/U CLUB COUPE L/BOX W/SIDE": {
      "years": [
        1994,
        1995,
        1996,
        1997,
        1998
      ]
    },
    "SIERRA 2500 P/U CLUB COUPE L/BOX W/SIDE 4X4": {
      "years": [
        1994,
        1995,
        1996,
        1997,
        1998
      ]
    },
    "SIERRA 2500 P/U CLUB COUPE S/BOX W/SIDE": {
      "years": [
        1994,
        1995,
        1996,
        1997,
        1998
      ]
    },
    "SIERRA 2500 P/U CLUB COUPE S/BOX W/SIDE 4X4": {
      "years": [
        1994,
        1995
      ]
    },
    "SIERRA 2500 P/U REG CAB L/BOX W/SIDE": {
      "years": [
        1994,
        1995,
        1996,
        1997,
        1998
      ]
    },
    "SIERRA 2500 P/U REG CAB L/BOX W/SIDE 4X4": {
      "years": [
        1994,
        1995,
        1996,
        1997,
        1998
      ]
    },
    "SIERRA 2500 P/U REG CAB S/BOX W/SIDE": {
      "years": [
        1994
      ]
    },
    "SIERRA 2500 P/U REG CAB S/BOX W/SIDE 4X4": {
      "years": [
        1994
      ]
    },
    "SIERRA 3500 P/U CLUB COUPE L/BOX 4X4 DRW": {
      "years": [
        1994,
        1995,
        1996,
        1997,
        1998
      ]
    },
    "SIERRA 3500 P/U CLUB COUPE L/BOX DRW": {
      "years": [
        1994,
        1995,
        1996,
        1997,
        1998
      ]
    },
    "SIERRA 3500 P/U CREW CAB L/BOX": {
      "years": [
        1994,
        1995,
        1996,
        1997,
        1998
      ]
    },
    "SIERRA 3500 P/U CREW CAB L/BOX 4X4": {
      "years": [
        1994,
        1995,
        1996,
        1997,
        1998
      ]
    },
    "SIERRA 3500 P/U CREW CAB L/BOX 4X4 DRW": {
      "years": [
        1994,
        1995,
        1996,
        1997,
        1998
      ]
    },
    "SIERRA 1500 P/U CLUB COUPE L/BOX W/SIDE": {
      "years": [
        1994,
        1995,
        1996,
        1997,
        1998
      ]
    },
    "SIERRA 1500 EXT CAB L/BOX W/SIDE": {
      "years": [
        1999,
        2000,
        2001
      ]
    },
    "SIERRA 1500 EXT CAB L/BOX W/SIDE 4X4": {
      "years": [
        1999,
        2000,
        2001
      ]
    },
    "SIERRA 1500 EXT CAB S/BOX S/SIDE": {
      "years": [
        1999,
        2000,
        2001
      ]
    },
    "SIERRA 1500 EXT CAB S/BOX S/SIDE 4X4": {
      "years": [
        1999,
        2000,
        2001
      ]
    },
    "SIERRA 1500 EXT CAB S/BOX W/SIDE": {
      "years": [
        1999,
        2000,
        2001,
        2002
      ]
    },
    "SIERRA 1500 EXT CAB S/BOX W/SIDE 4X4": {
      "years": [
        1999,
        2000,
        2001,
        2002
      ]
    },
    "SIERRA 1500 REG CAB L/BOX W/SIDE": {
      "years": [
        1999,
        2000,
        2001
      ]
    },
    "SIERRA 1500 REG CAB L/BOX W/SIDE 4X4": {
      "years": [
        1999,
        2000,
        2001
      ]
    },
    "SIERRA 1500 REG CAB S/BOX S/SIDE": {
      "years": [
        1999,
        2000,
        2001
      ]
    },
    "SIERRA 1500 REG CAB S/BOX S/SIDE 4X4": {
      "years": [
        1999,
        2000,
        2001
      ]
    },
    "SIERRA 1500 REG CAB S/BOX W/SIDE": {
      "years": [
        1999,
        2000,
        2001,
        2002
      ]
    },
    "SIERRA 1500 REG CAB S/BOX W/SIDE 4X4": {
      "years": [
        1999,
        2000,
        2001,
        2002
      ]
    },
    "SIERRA 2500 EXT CAB L/BOX W/SIDE": {
      "years": [
        1999,
        2000
      ]
    },
    "SIERRA 2500 EXT CAB L/BOX W/SIDE 4X4": {
      "years": [
        1999,
        2000
      ]
    },
    "SIERRA 2500 EXT CAB S/BOX W/SIDE": {
      "years": [
        1999,
        2000
      ]
    },
    "SIERRA 2500 EXT CAB S/BOX W/SIDE 4X4": {
      "years": [
        1999,
        2000,
        2001,
        2002
      ]
    },
    "SIERRA 2500 REG CAB L/BOX W/SIDE": {
      "years": [
        1999,
        2000,
        2001,
        2002
      ]
    },
    "SIERRA 2500 REG CAB L/BOX W/SIDE 4X4": {
      "years": [
        1999,
        2000
      ]
    },
    "SIERRA CLASSIC 1500 EXT CAB S/BOX W/SIDE": {
      "years": [
        1999
      ]
    },
    "SIERRA CLASSIC 1500 EXT CAB S/BOX W/SIDE 4X4": {
      "years": [
        1999
      ]
    },
    "SIERRA CLASSIC 2500 EXT CAB L/BOX W/SIDE": {
      "years": [
        1999
      ]
    },
    "SIERRA CLASSIC 2500 EXT CAB L/BOX W/SIDE 4X4": {
      "years": [
        1999
      ]
    },
    "SIERRA CLASSIC 2500 EXT CAB S/BOX W/SIDE": {
      "years": [
        1999
      ]
    },
    "SIERRA CLASSIC 2500 REG CAB L/BOX W/SIDE": {
      "years": [
        1999
      ]
    },
    "SIERRA CLASSIC 2500 REG CAB L/BOX W/SIDE 4X4": {
      "years": [
        1999
      ]
    },
    "SIERRA CLASSIC 3500 CREW CAB L/BOX": {
      "years": [
        1999,
        2000
      ]
    },
    "SIERRA CLASSIC 3500 CREW CAB L/BOX 4X4": {
      "years": [
        1999,
        2000
      ]
    },
    "SIERRA CLASSIC 3500 CREW CAB L/BOX 4X4 DRW": {
      "years": [
        1999
      ]
    },
    "SIERRA CLASSIC 3500 CREW CAB L/BOX DRW": {
      "years": [
        1999,
        2000,
        2007
      ]
    },
    "SIERRA CLASSIC 3500 EXT CAB L/BOX 4X4 DRW": {
      "years": [
        1999
      ]
    },
    "SIERRA CLASSIC 3500 EXT CAB L/BOX DRW": {
      "years": [
        1999,
        2000,
        2007
      ]
    },
    "SIERRA CLASSIC 3500 REG CAB L/BOX": {
      "years": [
        1999,
        2000
      ]
    },
    "SIERRA CLASSIC 3500 REG CAB L/BOX 4X4": {
      "years": [
        1999,
        2000
      ]
    },
    "SIERRA CLASSIC 3500 REG CAB L/BOX 4X4 DRW": {
      "years": [
        1999
      ]
    },
    "SIERRA CLASSIC 3500 REG CAB L/BOX DRW": {
      "years": [
        1999,
        2000
      ]
    },
    "SIERRA CLASSIC 2500 CREW CAB S/BOX": {
      "years": [
        2000
      ]
    },
    "SIERRA CLASSIC 2500 CREW CAB S/BOX 4X4": {
      "years": [
        2000
      ]
    },
    "SIERRA CLASSIC 2500 EXT CAB L/BOX": {
      "years": [
        2000
      ]
    },
    "SIERRA CLASSIC 2500 EXT CAB L/BOX 4X4": {
      "years": [
        2000
      ]
    },
    "SIERRA CLASSIC 2500 EXT CAB S/BOX 4X4": {
      "years": [
        2000
      ]
    },
    "SIERRA CLASSIC 2500 REG CAB L/BOX": {
      "years": [
        2000
      ]
    },
    "SIERRA CLASSIC 2500 REG CAB L/BOX 4X4": {
      "years": [
        2000
      ]
    },
    "SIERRA CLASSIC 3500 CREW CAB L/BOX DRW 4X4": {
      "years": [
        2000,
        2007
      ]
    },
    "SIERRA CLASSIC 3500 CREW CAB S/BOX DRW": {
      "years": [
        2000
      ]
    },
    "SIERRA CLASSIC 3500 CREW CAB S/BOX DRW 4X4": {
      "years": [
        2000
      ]
    },
    "SIERRA CLASSIC 3500 EXT CAB L/BOX DRW 4X4": {
      "years": [
        2000,
        2007
      ]
    },
    "SIERRA CLASSIC 3500 REG CAB L/BOX DRW 4X4": {
      "years": [
        2000,
        2007
      ]
    },
    "SIERRA 2500HD CREW CAB L/BOX": {
      "years": [
        2001,
        2002,
        2003,
        2004,
        2005,
        2006
      ]
    },
    "SIERRA 2500HD CREW CAB L/BOX 4X4": {
      "years": [
        2001,
        2002,
        2003,
        2004,
        2005,
        2006,
        2008,
        2009,
        2010,
        2011,
        2012,
        2013,
        2014,
        2015,
        2016,
        2017,
        2018,
        2019,
        2020,
        2021,
        2022,
        2023,
        2024
      ]
    },
    "SIERRA 2500HD CREW CAB S/BOX": {
      "years": [
        2001,
        2002,
        2003
      ]
    },
    "SIERRA 2500HD CREW CAB S/BOX 4X4": {
      "years": [
        2001,
        2002,
        2003
      ]
    },
    "SIERRA 2500HD EXT CAB L/BOX": {
      "years": [
        2001,
        2002,
        2003,
        2004,
        2005,
        2006
      ]
    },
    "SIERRA 2500HD EXT CAB L/BOX 4X4": {
      "years": [
        2001,
        2002,
        2003,
        2004,
        2005,
        2006,
        2008,
        2009,
        2010,
        2011,
        2012,
        2013
      ]
    },
    "SIERRA 2500HD EXT CAB S/BOX": {
      "years": [
        2001,
        2002,
        2003
      ]
    },
    "SIERRA 2500HD EXT CAB S/BOX 4X4": {
      "years": [
        2001,
        2002,
        2003
      ]
    },
    "SIERRA 2500HD REG CAB L/BOX": {
      "years": [
        2001,
        2002,
        2003,
        2004,
        2005,
        2006
      ]
    },
    "SIERRA 2500HD REG CAB L/BOX 4X4": {
      "years": [
        2001,
        2002,
        2003,
        2004,
        2005,
        2006,
        2008,
        2009,
        2010,
        2011,
        2012,
        2013,
        2014,
        2015,
        2016,
        2017,
        2018,
        2019,
        2020,
        2021,
        2022,
        2023,
        2024
      ]
    },
    "SIERRA 3500 CREW CAB L/BOX DRW": {
      "years": [
        2001,
        2002,
        2003,
        2004,
        2005,
        2006
      ]
    },
    "SIERRA 3500 CREW CAB L/BOX DRW 4X4": {
      "years": [
        2001,
        2002,
        2003,
        2004,
        2005,
        2006
      ]
    },
    "SIERRA 3500 EXT CAB L/BOX DRW": {
      "years": [
        2001,
        2002,
        2003,
        2004,
        2005,
        2006
      ]
    },
    "SIERRA 3500 EXT CAB L/BOX DRW 4X4": {
      "years": [
        2001,
        2002,
        2003,
        2004,
        2005,
        2006
      ]
    },
    "SIERRA 3500 REG CAB L/BOX DRW": {
      "years": [
        2001,
        2002
      ]
    },
    "SIERRA 3500 REG CAB L/BOX DRW 4X4": {
      "years": [
        2001,
        2002,
        2003,
        2004,
        2005,
        2006
      ]
    },
    "SIERRA 1500 EXT CAB L/BOX W/SIDE 4X4  SL/SLE": {
      "years": [
        2002
      ]
    },
    "SIERRA 1500 EXT CAB L/BOX W/SIDE SL/SLE": {
      "years": [
        2002
      ]
    },
    "SIERRA 1500 EXT CAB S/BOX S/SIDE  SL/SLE": {
      "years": [
        2002
      ]
    },
    "SIERRA 1500 EXT CAB S/BOX S/SIDE 4X4  SL/SLE": {
      "years": [
        2002
      ]
    },
    "SIERRA 1500 REG CAB L/BOX W/SIDE 4X4 SL/SLE": {
      "years": [
        2002
      ]
    },
    "SIERRA 1500 REG CAB L/BOX W/SIDE SL/SLE": {
      "years": [
        2002
      ]
    },
    "SIERRA 1500 REG CAB S/BOX S/SIDE 4X4 SL/SLE": {
      "years": [
        2002
      ]
    },
    "SIERRA 1500 REG CAB S/BOX S/SIDE SL/SLE": {
      "years": [
        2002
      ]
    },
    "SIERRA DENALI P/U EXT/CAB S/BOX AWD": {
      "years": [
        2002
      ]
    },
    "SIERRA 1500 EXT CAB L/BOX": {
      "years": [
        2003,
        2004,
        2005,
        2006
      ]
    },
    "SIERRA 1500 EXT CAB L/BOX 4X4": {
      "years": [
        2003,
        2004,
        2005,
        2006,
        2008,
        2009,
        2010,
        2011,
        2012,
        2013
      ]
    },
    "SIERRA 1500 EXT CAB S/BOX": {
      "years": [
        2003,
        2006
      ]
    },
    "SIERRA 1500 EXT CAB S/BOX 4X4": {
      "years": [
        2003,
        2006,
        2008
      ]
    },
    "SIERRA 1500 EXT CAB S/BOX 4X4 DENALI": {
      "years": [
        2003
      ]
    },
    "SIERRA 1500 EXT CAB S/BOX 4X4 QUADRASTEER": {
      "years": [
        2003
      ]
    },
    "SIERRA 1500 EXT CAB S/BOX QUADRASTEER": {
      "years": [
        2003
      ]
    },
    "SIERRA 1500 REG CAB L/BOX": {
      "years": [
        2003,
        2004,
        2005,
        2006
      ]
    },
    "SIERRA 1500 REG CAB L/BOX 4X4": {
      "years": [
        2003,
        2004,
        2005,
        2006,
        2008,
        2009,
        2010,
        2011,
        2012,
        2013,
        2014,
        2015,
        2016,
        2017,
        2018
      ]
    },
    "SIERRA 1500 REG CAB S/BOX": {
      "years": [
        2003
      ]
    },
    "SIERRA 1500 REG CAB S/BOX 4X4": {
      "years": [
        2003
      ]
    },
    "SIERRA 1500HD CREW CAB S/BOX": {
      "years": [
        2003
      ]
    },
    "SIERRA 1500HD CREW CAB S/BOX 4X4": {
      "years": [
        2003
      ]
    },
    "SIERRA 1500HD CREW CAB S/BOX 4X4 QUADRASTEER": {
      "years": [
        2003,
        2005
      ]
    },
    "SIERRA 1500HD CREW CAB S/BOX QUADRASTEER": {
      "years": [
        2003,
        2005
      ]
    },
    "SIERRA 2500 EXT CAB S/BOX 4X4": {
      "years": [
        2003
      ]
    },
    "SIERRA 2500 REG CAB L/BOX": {
      "years": [
        2003,
        2004,
        2005
      ]
    },
    "SIERRA 1500 CREW CAB S/BOX": {
      "years": [
        2004,
        2005,
        2006
      ]
    },
    "SIERRA 1500 EXT CAB M/BOX": {
      "years": [
        2004,
        2005,
        2006
      ]
    },
    "SIERRA 1500 EXT CAB M/BOX 4X4": {
      "years": [
        2004,
        2005,
        2006,
        2008,
        2009,
        2010,
        2011,
        2012,
        2013
      ]
    },
    "SIERRA 1500 EXT CAB M/BOX 4X4 QUADRASTEER": {
      "years": [
        2004,
        2005
      ]
    },
    "SIERRA 1500 EXT CAB M/BOX AWD DENALI": {
      "years": [
        2004
      ]
    },
    "SIERRA 1500 EXT CAB M/BOX QUADRASTEER": {
      "years": [
        2004
      ]
    },
    "SIERRA 1500 REG CAB M/BOX 4X4": {
      "years": [
        2004,
        2005,
        2006,
        2008,
        2009,
        2010,
        2011,
        2012,
        2013,
        2014,
        2015,
        2016,
        2017,
        2018
      ]
    },
    "SIERRA 1500 REG CAB MBOX": {
      "years": [
        2004
      ]
    },
    "SIERRA 1500HD CREW CAB M/BOX": {
      "years": [
        2004,
        2005,
        2006
      ]
    },
    "SIERRA 1500HD CREW CAB M/BOX 4X4": {
      "years": [
        2004,
        2005,
        2006
      ]
    },
    "SIERRA 1500HD CREW CAB M/BOX 4X4 QUADRASTEER": {
      "years": [
        2004
      ]
    },
    "SIERRA 1500HD CREW CAB M/BOX QUADRASTEER": {
      "years": [
        2004
      ]
    },
    "SIERRA 2500 EXT CAB M/BOX 4X4": {
      "years": [
        2004,
        2005
      ]
    },
    "SIERRA 2500HD CREW CAB M/BOX": {
      "years": [
        2004,
        2005,
        2006
      ]
    },
    "SIERRA 2500HD CREW CAB M/BOX 4X4": {
      "years": [
        2004,
        2005,
        2006,
        2008,
        2009,
        2010,
        2011,
        2012,
        2013,
        2014,
        2015,
        2016,
        2017,
        2018,
        2019,
        2020,
        2021,
        2022,
        2023,
        2024
      ]
    },
    "SIERRA 2500HD EXT CAB M/BOX": {
      "years": [
        2004,
        2005,
        2006
      ]
    },
    "SIERRA 2500HD EXT CAB M/BOX 4X4": {
      "years": [
        2004,
        2005,
        2006,
        2008,
        2009,
        2010,
        2011,
        2012,
        2013
      ]
    },
    "SIERRA 1500 CREW CAB S/BOX 4X4": {
      "years": [
        2005,
        2006,
        2008,
        2014,
        2015,
        2016,
        2017,
        2018
      ]
    },
    "SIERRA 1500 EXT CAB M/BOX 4X4 DENALI": {
      "years": [
        2005
      ]
    },
    "SIERRA 1500 REG CAB M/BOX": {
      "years": [
        2005,
        2006
      ]
    },
    "SIERRA HYBRID EXT CAB M/BOX": {
      "years": [
        2005,
        2006
      ]
    },
    "SIERRA 1500 CREW CAB S/BOX AWD DENALI": {
      "years": [
        2006
      ]
    },
    "SIERRA 3500 CREW CAB L/BOX SRW": {
      "years": [
        2006
      ]
    },
    "SIERRA 3500 CREW CAB L/BOX SRW 4X4": {
      "years": [
        2006
      ]
    },
    "SIERRA 3500 EXT CAB L/BOX SRW": {
      "years": [
        2006
      ]
    },
    "SIERRA 3500 EXT CAB L/BOX SRW 4X4": {
      "years": [
        2006
      ]
    },
    "SIERRA 3500 REG CAB L/BOX SRW 4X4": {
      "years": [
        2006
      ]
    },
    "ALL NEW SIERRA 1500 CREW CAB S/BOX 2WD": {
      "years": [
        2007
      ]
    },
    "ALL NEW SIERRA 1500 CREW CAB S/BOX 4X4": {
      "years": [
        2007
      ]
    },
    "ALL NEW SIERRA 1500 EXT CAB L/BOX 2WD": {
      "years": [
        2007
      ]
    },
    "ALL NEW SIERRA 1500 EXT CAB L/BOX 4X4": {
      "years": [
        2007
      ]
    },
    "ALL NEW SIERRA 1500 EXT CAB M/BOX 2WD": {
      "years": [
        2007
      ]
    },
    "ALL NEW SIERRA 1500 EXT CAB M/BOX 4X4": {
      "years": [
        2007
      ]
    },
    "ALL NEW SIERRA 1500 EXT CAB S/BOX 2WD": {
      "years": [
        2007
      ]
    },
    "ALL NEW SIERRA 1500 EXT CAB S/BOX 4X4": {
      "years": [
        2007
      ]
    },
    "ALL NEW SIERRA 1500 REG CAB L/BOX 2WD": {
      "years": [
        2007
      ]
    },
    "ALL NEW SIERRA 1500 REG CAB L/BOX 4X4": {
      "years": [
        2007
      ]
    },
    "ALL NEW SIERRA 1500 REG CAB M/BOX 2WD": {
      "years": [
        2007
      ]
    },
    "ALL NEW SIERRA 1500 REG CAB M/BOX 4X4": {
      "years": [
        2007
      ]
    },
    "ALL NEW SIERRA 2500HD CREW CAB L/BOX 2WD": {
      "years": [
        2007
      ]
    },
    "ALL NEW SIERRA 2500HD CREW CAB L/BOX 4X4": {
      "years": [
        2007
      ]
    },
    "ALL NEW SIERRA 2500HD CREW CAB M/BOX 2WD": {
      "years": [
        2007
      ]
    },
    "ALL NEW SIERRA 2500HD CREW CAB M/BOX 4X4": {
      "years": [
        2007
      ]
    },
    "ALL NEW SIERRA 2500HD EXT CAB L/BOX 2WD": {
      "years": [
        2007
      ]
    },
    "ALL NEW SIERRA 2500HD EXT CAB L/BOX 4X4": {
      "years": [
        2007
      ]
    },
    "ALL NEW SIERRA 2500HD EXT CAB M/BOX 2WD": {
      "years": [
        2007
      ]
    },
    "ALL NEW SIERRA 2500HD EXT CAB M/BOX 4X4": {
      "years": [
        2007
      ]
    },
    "ALL NEW SIERRA 2500HD REG CAB L/BOX 2WD": {
      "years": [
        2007
      ]
    },
    "ALL NEW SIERRA 2500HD REG CAB L/BOX 4X4": {
      "years": [
        2007
      ]
    },
    "ALL NEW SIERRA 3500 CREW CAB L/BOX 2WD DRW": {
      "years": [
        2007
      ]
    },
    "ALL NEW SIERRA 3500 CREW CAB L/BOX 2WD SRW": {
      "years": [
        2007
      ]
    },
    "ALL NEW SIERRA 3500 CREW CAB L/BOX 4X4 DRW": {
      "years": [
        2007
      ]
    },
    "ALL NEW SIERRA 3500 CREW CAB L/BOX 4X4 SRW": {
      "years": [
        2007
      ]
    },
    "ALL NEW SIERRA 3500 EXT CAB L/BOX 2WD DRW": {
      "years": [
        2007
      ]
    },
    "ALL NEW SIERRA 3500 EXT CAB L/BOX 2WD SRW": {
      "years": [
        2007
      ]
    },
    "ALL NEW SIERRA 3500 EXT CAB L/BOX 4X4 DRW": {
      "years": [
        2007
      ]
    },
    "ALL NEW SIERRA 3500 EXT CAB L/BOX 4X4 SRW": {
      "years": [
        2007
      ]
    },
    "ALL NEW SIERRA 3500 REG CAB L/BOX 4X4 DRW": {
      "years": [
        2007
      ]
    },
    "ALL NEW SIERRA 3500 REG CAB L/BOX 4X4 SRW": {
      "years": [
        2007
      ]
    },
    "SIERRA CLASSIC 1500 CREW CAB S/BOX": {
      "years": [
        2007
      ]
    },
    "SIERRA CLASSIC 1500 CREW CAB S/BOX 4X4": {
      "years": [
        2007
      ]
    },
    "SIERRA CLASSIC 1500 CREW CAB S/BOX AWD DENALI": {
      "years": [
        2007
      ]
    },
    "SIERRA CLASSIC 1500 EXT CAB L/BOX": {
      "years": [
        2007
      ]
    },
    "SIERRA CLASSIC 1500 EXT CAB L/BOX 4X4": {
      "years": [
        2007
      ]
    },
    "SIERRA CLASSIC 1500 EXT CAB M/BOX": {
      "years": [
        2007
      ]
    },
    "SIERRA CLASSIC 1500 EXT CAB M/BOX 4X4": {
      "years": [
        2007
      ]
    },
    "SIERRA CLASSIC 1500 EXT CAB S/BOX": {
      "years": [
        2007
      ]
    },
    "SIERRA CLASSIC 1500 EXT CAB S/BOX 4X4": {
      "years": [
        2007
      ]
    },
    "SIERRA CLASSIC 1500 REG CAB L/BOX": {
      "years": [
        2007
      ]
    },
    "SIERRA CLASSIC 1500 REG CAB L/BOX 4X4": {
      "years": [
        2007
      ]
    },
    "SIERRA CLASSIC 1500 REG CAB M/BOX": {
      "years": [
        2007
      ]
    },
    "SIERRA CLASSIC 1500 REG CAB M/BOX 4X4": {
      "years": [
        2007
      ]
    },
    "SIERRA CLASSIC 1500HD CREW CAB M/BOX": {
      "years": [
        2007
      ]
    },
    "SIERRA CLASSIC 1500HD CREW CAB M/BOX 4X4": {
      "years": [
        2007
      ]
    },
    "SIERRA CLASSIC 2500HD CREW CAB L/BOX": {
      "years": [
        2007
      ]
    },
    "SIERRA CLASSIC 2500HD CREW CAB L/BOX 4X4": {
      "years": [
        2007
      ]
    },
    "SIERRA CLASSIC 2500HD CREW CAB M/BOX": {
      "years": [
        2007
      ]
    },
    "SIERRA CLASSIC 2500HD CREW CAB M/BOX 4X4": {
      "years": [
        2007
      ]
    },
    "SIERRA CLASSIC 2500HD EXT CAB L/BOX": {
      "years": [
        2007
      ]
    },
    "SIERRA CLASSIC 2500HD EXT CAB L/BOX 4X4": {
      "years": [
        2007
      ]
    },
    "SIERRA CLASSIC 2500HD EXT CAB M/BOX": {
      "years": [
        2007
      ]
    },
    "SIERRA CLASSIC 2500HD EXT CAB M/BOX 4X4": {
      "years": [
        2007
      ]
    },
    "SIERRA CLASSIC 2500HD REG CAB L/BOX": {
      "years": [
        2007
      ]
    },
    "SIERRA CLASSIC 2500HD REG CAB L/BOX 4X4": {
      "years": [
        2007
      ]
    },
    "SIERRA CLASSIC 3500 CREW CAB L/BOX SRW": {
      "years": [
        2007
      ]
    },
    "SIERRA CLASSIC 3500 CREW CAB L/BOX SRW 4X4": {
      "years": [
        2007
      ]
    },
    "SIERRA CLASSIC 3500 EXT CAB L/BOX SRW": {
      "years": [
        2007
      ]
    },
    "SIERRA CLASSIC 3500 EXT CAB L/BOX SRW 4X4": {
      "years": [
        2007
      ]
    },
    "SIERRA CLASSIC 3500 REG CAB L/BOX SRW 4X4": {
      "years": [
        2007
      ]
    },
    "SIERRA CLASSIC HYBRID EXT CAB M/BOX RWD": {
      "years": [
        2007
      ]
    },
    "SIERRA 1500 CREW CAB S/BOX 2WD": {
      "years": [
        2008,
        2009,
        2010,
        2011,
        2012,
        2013,
        2014,
        2015,
        2016,
        2017,
        2018,
        2020,
        2021,
        2022,
        2023,
        2024
      ]
    },
    "SIERRA 1500 EXT CAB L/BOX 2WD": {
      "years": [
        2008,
        2009,
        2010,
        2011,
        2012,
        2013
      ]
    },
    "SIERRA 1500 EXT CAB M/BOX 2WD": {
      "years": [
        2008,
        2009,
        2010,
        2011,
        2012,
        2013
      ]
    },
    "SIERRA 1500 EXT CAB S/BOX 2WD": {
      "years": [
        2008
      ]
    },
    "SIERRA 1500 REG CAB L/BOX 2WD": {
      "years": [
        2008,
        2009,
        2010,
        2011,
        2012,
        2013,
        2014,
        2015,
        2016,
        2017,
        2018
      ]
    },
    "SIERRA 1500 REG CAB M/BOX 2WD": {
      "years": [
        2008,
        2009,
        2010,
        2011,
        2012,
        2013,
        2014,
        2015,
        2016,
        2017,
        2018,
        2020,
        2021,
        2022,
        2023,
        2024
      ]
    },
    "SIERRA 2500HD CREW CAB L/BOX 2WD": {
      "years": [
        2008,
        2009,
        2010,
        2011,
        2012,
        2013,
        2014,
        2015,
        2016,
        2017,
        2018,
        2019,
        2020,
        2021,
        2022,
        2023,
        2024
      ]
    },
    "SIERRA 2500HD CREW CAB M/BOX 2WD": {
      "years": [
        2008,
        2009,
        2010,
        2011,
        2012,
        2013,
        2014,
        2015,
        2016,
        2017,
        2018,
        2019,
        2020,
        2021,
        2022,
        2023,
        2024
      ]
    },
    "SIERRA 2500HD EXT CAB L/BOX 2WD": {
      "years": [
        2008,
        2009,
        2010,
        2011,
        2012,
        2013
      ]
    },
    "SIERRA 2500HD EXT CAB M/BOX 2WD": {
      "years": [
        2008,
        2009,
        2010,
        2011,
        2012,
        2013
      ]
    },
    "SIERRA 2500HD REG CAB L/BOX 2WD": {
      "years": [
        2008,
        2009,
        2010,
        2011,
        2012,
        2013,
        2014,
        2015,
        2016,
        2017,
        2018,
        2019,
        2020,
        2021,
        2022,
        2023,
        2024
      ]
    },
    "SIERRA 3500 CREW CAB L/BOX 2WD DRW": {
      "years": [
        2008,
        2009,
        2010,
        2011,
        2012,
        2013,
        2014
      ]
    },
    "SIERRA 3500 CREW CAB L/BOX 2WD SRW": {
      "years": [
        2008,
        2009,
        2010,
        2011,
        2012,
        2013,
        2014
      ]
    },
    "SIERRA 3500 CREW CAB L/BOX 4X4 DRW": {
      "years": [
        2008,
        2009,
        2010,
        2011,
        2012,
        2013,
        2014
      ]
    },
    "SIERRA 3500 CREW CAB L/BOX 4X4 SRW": {
      "years": [
        2008,
        2009,
        2010,
        2011,
        2012,
        2013,
        2014
      ]
    },
    "SIERRA 3500 EXT CAB L/BOX 2WD DRW": {
      "years": [
        2008,
        2009,
        2010,
        2011,
        2012,
        2013
      ]
    },
    "SIERRA 3500 EXT CAB L/BOX 2WD SRW": {
      "years": [
        2008,
        2009,
        2010,
        2011,
        2012,
        2013
      ]
    },
    "SIERRA 3500 EXT CAB L/BOX 4X4 DRW": {
      "years": [
        2008,
        2009,
        2010,
        2011,
        2012,
        2013
      ]
    },
    "SIERRA 3500 EXT CAB L/BOX 4X4 SRW": {
      "years": [
        2008,
        2009,
        2010,
        2011,
        2012,
        2013
      ]
    },
    "SIERRA 3500 REG CAB L/BOX 4X4 DRW": {
      "years": [
        2008,
        2009,
        2010,
        2011,
        2012,
        2013,
        2014
      ]
    },
    "SIERRA 3500 REG CAB L/BOX 4X4 SRW": {
      "years": [
        2008,
        2009,
        2010,
        2011,
        2012,
        2013,
        2014
      ]
    },
    "SIERRA 1500 CREW CAB S/BOX 4X4 /DENALI": {
      "years": [
        2009,
        2010,
        2011,
        2012,
        2013
      ]
    },
    "SIERRA 1500 HYBRID CREW CAB S/BOX 2WD": {
      "years": [
        2009,
        2010,
        2011,
        2012,
        2013
      ]
    },
    "SIERRA 1500 HYBRID CREW CAB S/BOX 4X4": {
      "years": [
        2009,
        2010,
        2011,
        2012,
        2013
      ]
    },
    "SIERRA 3500 REG CAB L/BOX 2WD": {
      "years": [
        2009,
        2010
      ]
    },
    "SIERRA 2500HD CREW CAB M/BOX DENALI": {
      "years": [
        2011,
        2012,
        2013,
        2014
      ]
    },
    "SIERRA 3500 CREW CAB L/BOX 4X4 DRW DENALI": {
      "years": [
        2011,
        2012,
        2013,
        2014
      ]
    },
    "SIERRA 3500 CREW CAB M/BOX 2X4 SRW": {
      "years": [
        2011,
        2012,
        2013,
        2014
      ]
    },
    "SIERRA 3500 CREW CAB M/BOX 4X4 SRW": {
      "years": [
        2011,
        2012,
        2013,
        2014
      ]
    },
    "SIERRA 3500 CREW CAB M/BOX 4X4 SRW DENALI": {
      "years": [
        2011,
        2012,
        2013,
        2014
      ]
    },
    "SIERRA 3500 REG CAB L/BOX 2WD DRW": {
      "years": [
        2011,
        2012,
        2013,
        2014
      ]
    },
    "SIERRA 3500 REG CAB L/BOX 2WD SRW": {
      "years": [
        2011,
        2012,
        2013,
        2014
      ]
    },
    "SIERRA 1500 CREW CAB M/BOX 2WD": {
      "years": [
        2014,
        2015,
        2016,
        2017,
        2018,
        2020,
        2021,
        2022,
        2023,
        2024
      ]
    },
    "SIERRA 1500 CREW CAB M/BOX 4X4": {
      "years": [
        2014,
        2015,
        2016,
        2017,
        2018
      ]
    },
    "SIERRA 1500 CREW CAB M/BOX DENALI": {
      "years": [
        2014,
        2015,
        2016,
        2017,
        2018
      ]
    },
    "SIERRA 1500 CREW CAB S/BOX DENALI": {
      "years": [
        2014,
        2015,
        2016,
        2017,
        2018
      ]
    },
    "SIERRA 1500 DOUBLE CAB M/BOX 2WD": {
      "years": [
        2014,
        2015,
        2016,
        2017,
        2018,
        2020,
        2021,
        2022,
        2023,
        2024
      ]
    },
    "SIERRA 1500 DOUBLE CAB M/BOX 4X4": {
      "years": [
        2014,
        2015,
        2016,
        2017,
        2018
      ]
    },
    "SIERRA 2500HD CREW CAB M/BOX 4X4 DENALI": {
      "years": [
        2015,
        2016,
        2017,
        2018,
        2019
      ]
    },
    "SIERRA 2500HD DOUBLE CAB L/BOX 2WD": {
      "years": [
        2015,
        2016,
        2017,
        2018,
        2019,
        2020,
        2021,
        2022,
        2023,
        2024
      ]
    },
    "SIERRA 2500HD DOUBLE CAB L/BOX 4X4": {
      "years": [
        2015,
        2016,
        2017,
        2018,
        2019,
        2020,
        2021,
        2022,
        2023,
        2024
      ]
    },
    "SIERRA 2500HD DOUBLE CAB M/BOX 2WD": {
      "years": [
        2015,
        2016,
        2017,
        2018,
        2019,
        2020,
        2021,
        2022,
        2023,
        2024
      ]
    },
    "SIERRA 2500HD DOUBLE CAB M/BOX 4X4": {
      "years": [
        2015,
        2016,
        2017,
        2018,
        2019,
        2020,
        2021,
        2022,
        2023,
        2024
      ]
    },
    "SIERRA 3500HD CREW CAB L/BOX DRW 2WD": {
      "years": [
        2015,
        2016,
        2017,
        2018,
        2019,
        2020,
        2021,
        2022,
        2023,
        2024
      ]
    },
    "SIERRA 3500HD CREW CAB L/BOX DRW 4X4": {
      "years": [
        2015,
        2016,
        2017,
        2018,
        2019,
        2020,
        2021,
        2022,
        2023,
        2024
      ]
    },
    "SIERRA 3500HD CREW CAB L/BOX DRW 4X4 DENALI": {
      "years": [
        2015,
        2016,
        2017,
        2018,
        2019
      ]
    },
    "SIERRA 3500HD CREW CAB L/BOX SRW 2WD": {
      "years": [
        2015,
        2016,
        2017,
        2018,
        2019,
        2020,
        2021,
        2022,
        2023,
        2024
      ]
    },
    "SIERRA 3500HD CREW CAB L/BOX SRW 4X4": {
      "years": [
        2015,
        2016,
        2017,
        2018,
        2019,
        2020,
        2021,
        2022,
        2023,
        2024
      ]
    },
    "SIERRA 3500HD CREW CAB M/BOX 2WD": {
      "years": [
        2015,
        2016,
        2017,
        2018,
        2019,
        2020,
        2021,
        2022,
        2023,
        2024
      ]
    },
    "SIERRA 3500HD CREW CAB M/BOX 4X4": {
      "years": [
        2015,
        2016,
        2017,
        2018,
        2019,
        2020,
        2021,
        2022,
        2023,
        2024
      ]
    },
    "SIERRA 3500HD CREW CAB M/BOX 4X4 DENALI": {
      "years": [
        2015,
        2016,
        2017,
        2018,
        2019
      ]
    },
    "SIERRA 3500HD DOUBLE CAB L/BOX DRW 2WD": {
      "years": [
        2015,
        2016,
        2017,
        2018,
        2019,
        2020,
        2021,
        2022,
        2023,
        2024
      ]
    },
    "SIERRA 3500HD DOUBLE CAB L/BOX DRW 4X4": {
      "years": [
        2015,
        2016,
        2017,
        2018,
        2019,
        2020,
        2021,
        2022,
        2023,
        2024
      ]
    },
    "SIERRA 3500HD DOUBLE CAB L/BOX SRW 2WD": {
      "years": [
        2015,
        2016,
        2017,
        2018,
        2019,
        2020,
        2021,
        2022,
        2023,
        2024
      ]
    },
    "SIERRA 3500HD DOUBLE CAB L/BOX SRW 4X4": {
      "years": [
        2015,
        2016,
        2017,
        2018,
        2019,
        2020,
        2021,
        2022,
        2023,
        2024
      ]
    },
    "SIERRA 3500HD REG CAB L/BOX DRW 2WD": {
      "years": [
        2015,
        2016,
        2017,
        2018,
        2019,
        2020,
        2021,
        2022,
        2023,
        2024
      ]
    },
    "SIERRA 3500HD REG CAB L/BOX DRW 4X4": {
      "years": [
        2015,
        2016,
        2017,
        2018,
        2019,
        2020,
        2021,
        2022,
        2023,
        2024
      ]
    },
    "SIERRA 3500HD REG CAB L/BOX SRW 2WD": {
      "years": [
        2015,
        2016,
        2017,
        2018,
        2019,
        2020,
        2021,
        2022,
        2023,
        2024
      ]
    },
    "SIERRA 3500HD REG CAB L/BOX SRW 4X4": {
      "years": [
        2015,
        2016,
        2017,
        2018,
        2019,
        2020,
        2021,
        2022,
        2023,
        2024
      ]
    },
    "SIERRA 1500 LIMITED DOUBLE CAB M/BOX 2WD": {
      "years": [
        2019
      ]
    },
    "SIERRA 1500 LIMITED DOUBLE CAB M/BOX 4X4": {
      "years": [
        2019
      ]
    },
    "SIERRA 1500 NEXT GENERATION CREW CAB M/BOX 2WD": {
      "years": [
        2019
      ]
    },
    "SIERRA 1500 NEXT GENERATION CREW CAB M/BOX 4WD": {
      "years": [
        2019
      ]
    },
    "SIERRA 1500 NEXT GENERATION CREW CAB S/BOX 2WD": {
      "years": [
        2019
      ]
    },
    "SIERRA 1500 NEXT GENERATION CREW CAB S/BOX 4WD": {
      "years": [
        2019
      ]
    },
    "SIERRA 1500 NEXT GENERATION DOUBLE CAB M/BOX 2WD": {
      "years": [
        2019
      ]
    },
    "SIERRA 1500 NEXT GENERATION DOUBLE CAB M/BOX 4WD": {
      "years": [
        2019
      ]
    },
    "SIERRA 1500 CREW CAB M/BOX 4WD": {
      "years": [
        2020,
        2021,
        2022,
        2023,
        2024
      ]
    },
    "SIERRA 1500 CREW CAB S/BOX 4WD": {
      "years": [
        2020,
        2021,
        2022,
        2023,
        2024
      ]
    },
    "SIERRA 1500 DOUBLE CAB M/BOX 4WD": {
      "years": [
        2020,
        2021,
        2022,
        2023,
        2024
      ]
    },
    "SIERRA 1500 REG CAB M/BOX 4WD": {
      "years": [
        2020,
        2021,
        2022,
        2023,
        2024
      ]
    }
  },
  "Sierra EV": {
    "SIERRA EV 4DR PICKUP": {
      "years": [
        2024
      ]
    }
  },
  "Sierra HD": {},
  "Sierra Limited": {},
  "Sonoma": {
    "SONOMA P.U. CLUB COUPE": {
      "years": [
        1991,
        1992,
        1993
      ]
    },
    "SONOMA P.U. CLUB COUPE 4X4": {
      "years": [
        1991,
        1992,
        1993
      ]
    },
    "SONOMA P.U. REGULAR CAB LONG BOX": {
      "years": [
        1991,
        1992,
        1993
      ]
    },
    "SONOMA P.U. REGULAR CAB LONG BOX 4X4": {
      "years": [
        1991,
        1992,
        1993
      ]
    },
    "SONOMA P.U. REGULAR CAB SHORT BOX": {
      "years": [
        1991,
        1992,
        1993
      ]
    },
    "SONOMA P.U. REGULAR CAB SHORT BOX 4X4": {
      "years": [
        1991,
        1992,
        1993
      ]
    },
    "SONOMA P/U CLUB COUPE S/BOX": {
      "years": [
        1994,
        1995,
        1996
      ]
    },
    "SONOMA P/U CLUB COUPE S/BOX 4X4": {
      "years": [
        1994,
        1995,
        1996
      ]
    },
    "SONOMA P/U REG CAB L/BOX": {
      "years": [
        1994,
        1995,
        1996,
        2003
      ]
    },
    "SONOMA P/U REG CAB L/BOX 4X4": {
      "years": [
        1994,
        1995,
        1996
      ]
    },
    "SONOMA P/U REG CAB S/BOX": {
      "years": [
        1994,
        1995,
        1996,
        2003
      ]
    },
    "SONOMA P/U REG CAB S/BOX 4X4": {
      "years": [
        1994,
        1995,
        1996
      ]
    },
    "SONOMA P/U REG CAB S/BOX 4X4 ZR2": {
      "years": [
        1994,
        1995,
        1996
      ]
    },
    "SONOMA P/U CLUB COUPE S/BOX 4X4 ZR2": {
      "years": [
        1995,
        1996
      ]
    },
    "SONOMA P/U CLUB COUPE S/BOX S/SIDE": {
      "years": [
        1997,
        1998,
        1999,
        2000
      ]
    },
    "SONOMA P/U CLUB COUPE S/BOX S/SIDE 4X4": {
      "years": [
        1997,
        1998,
        1999,
        2000
      ]
    },
    "SONOMA P/U CLUB COUPE S/BOX W/SIDE": {
      "years": [
        1997,
        1998,
        1999,
        2000
      ]
    },
    "SONOMA P/U CLUB COUPE S/BOX W/SIDE 4X4": {
      "years": [
        1997,
        1998,
        1999,
        2000
      ]
    },
    "SONOMA P/U CLUB COUPE S/BOX W/SIDE 4X4 ZR2": {
      "years": [
        1997,
        1998,
        1999,
        2000
      ]
    },
    "SONOMA P/U REG CAB L/BOX W/SIDE": {
      "years": [
        1997,
        1998,
        1999,
        2000,
        2001,
        2002
      ]
    },
    "SONOMA P/U REG CAB L/BOX W/SIDE 4X4": {
      "years": [
        1997,
        1998,
        1999
      ]
    },
    "SONOMA P/U REG CAB S/BOX S/SIDE": {
      "years": [
        1997,
        1998,
        1999,
        2000,
        2001,
        2002
      ]
    },
    "SONOMA P/U REG CAB S/BOX S/SIDE 4X4": {
      "years": [
        1997,
        1998,
        1999,
        2000
      ]
    },
    "SONOMA P/U REG CAB S/BOX W/SIDE": {
      "years": [
        1997,
        1998,
        1999,
        2000,
        2001,
        2002
      ]
    },
    "SONOMA P/U REG CAB S/BOX W/SIDE 4X4": {
      "years": [
        1997,
        1998,
        1999,
        2000
      ]
    },
    "SONOMA P/U REG CAB S/BOX W/SIDE 4X4 ZR2": {
      "years": [
        1997,
        1998,
        1999
      ]
    },
    "SONOMA P/U EXT CAB S/BOX S/SIDE": {
      "years": [
        2001,
        2002
      ]
    },
    "SONOMA P/U EXT CAB S/BOX S/SIDE 4X4": {
      "years": [
        2001,
        2002
      ]
    },
    "SONOMA P/U EXT CAB S/BOX W/SIDE": {
      "years": [
        2001,
        2002
      ]
    },
    "SONOMA P/U EXT CAB S/BOX W/SIDE 4X4": {
      "years": [
        2001,
        2002
      ]
    },
    "SONOMA P/U EXT CAB S/BOX W/SIDE 4X4 ZR2": {
      "years": [
        2001,
        2002
      ]
    },
    "SONOMA CREW CAB EXT/CAB REG/BOX 4WD": {
      "years": [
        2002
      ]
    },
    "SONOMA P/U CREW CAB S/BOX 4WD": {
      "years": [
        2003
      ]
    },
    "SONOMA P/U EXT CAB S/BOX": {
      "years": [
        2003
      ]
    },
    "SONOMA P/U EXT CAB S/BOX 4X4": {
      "years": [
        2003
      ]
    }
  },
  "Suburban": {
    "SUBURBAN": {
      "years": [
        1981
      ]
    },
    "SUBURBAN 4 X 2": {
      "years": [
        1985,
        1986,
        1987
      ]
    },
    "SUBURBAN 4 X 4": {
      "years": [
        1985,
        1986,
        1987
      ]
    },
    "R-1500 SUBURBAN": {
      "years": [
        1988,
        1989,
        1991
      ]
    },
    "R-2500 SUBURBAN": {
      "years": [
        1988,
        1989,
        1991
      ]
    },
    "V-1500 SUBURBAN 4X4": {
      "years": [
        1988,
        1989,
        1990,
        1991
      ]
    },
    "V-2500 SUBURBAN 4X4": {
      "years": [
        1988,
        1989,
        1990,
        1991
      ]
    },
    "R-1500 SUBURBAN 4X2": {
      "years": [
        1990
      ]
    },
    "R-2500 SUBURBAN 4X2": {
      "years": [
        1990
      ]
    },
    "K2500 SUBURBAN 4X4": {
      "years": [
        1992,
        1993
      ]
    },
    "C2500 SUBURBAN 4X2": {
      "years": [
        1992,
        1993
      ]
    },
    "K1500 SUBURBAN 4X4": {
      "years": [
        1992,
        1993
      ]
    },
    "C1500 SUBURBAN 4X2": {
      "years": [
        1992,
        1993
      ]
    },
    "SUBURBAN 1500 4DR": {
      "years": [
        1994
      ]
    },
    "SUBURBAN 1500 4DR 4X4": {
      "years": [
        1994
      ]
    },
    "SUBURBAN 2500 4DR": {
      "years": [
        1994
      ]
    },
    "SUBURBAN 2500 4DR 4X4": {
      "years": [
        1994
      ]
    },
    "SUBURBAN 1500 4DR 2X4 SL/SLE/SLT": {
      "years": [
        1995,
        1996,
        1997,
        1998,
        1999
      ]
    },
    "SUBURBAN 1500 4DR 4X4 SL/SLE/SLT": {
      "years": [
        1995,
        1996,
        1997,
        1998,
        1999
      ]
    },
    "SUBURBAN 2500 4DR 2X4 SL/SLE/SLT": {
      "years": [
        1995,
        1996,
        1997,
        1998,
        1999
      ]
    },
    "SUBURBAN 2500 4DR 4X4 SL/SLE/SLT": {
      "years": [
        1995,
        1996,
        1997,
        1998,
        1999
      ]
    }
  },
  "Terrain": {
    "TERRAIN SLE/SLT 4DR SUV AWD": {
      "years": [
        2010,
        2011,
        2012,
        2013
      ]
    },
    "TERRAIN SLE/SLT 4DR SUV FWD": {
      "years": [
        2010,
        2011,
        2012,
        2013
      ]
    },
    "TERRAIN SLE/SLT/DENALI 4DR SUV AWD": {
      "years": [
        2014,
        2015
      ]
    },
    "TERRAIN SLE/SLT/DENALI 4DR SUV FWD": {
      "years": [
        2014,
        2015
      ]
    },
    "TERRAIN 4DR SUV AWD": {
      "years": [
        2016,
        2017,
        2018,
        2019,
        2020,
        2021,
        2022,
        2023,
        2024
      ]
    },
    "TERRAIN 4DR SUV FWD": {
      "years": [
        2016,
        2017,
        2018,
        2019,
        2020,
        2021,
        2022,
        2023,
        2024
      ]
    },
    "TERRAIN 4DR SUV AWD DENALI": {
      "years": [
        2020,
        2021,
        2022,
        2023,
        2024
      ]
    }
  },
  "V Conventional": {},
  "Value Van": {},
  "Vandura": {
    "G-1500 VANDURA": {
      "years": [
        1988,
        1989
      ]
    },
    "G-2500 VANDURA": {
      "years": [
        1988,
        1989
      ]
    },
    "G-3500 VANDURA": {
      "years": [
        1988,
        1989
      ]
    },
    "G-3500/C6P VANDURA": {
      "years": [
        1988,
        1989
      ]
    },
    "G10 VANDURA": {
      "years": [
        1990
      ]
    },
    "G20 VANDURA": {
      "years": [
        1990
      ]
    },
    "G30 VANDURA": {
      "years": [
        1990
      ]
    },
    "G30/C6P VANDURA": {
      "years": [
        1990
      ]
    },
    "G-2500 VANDURA LONG W.B.": {
      "years": [
        1991
      ]
    },
    "G-2500 VANDURA SHORT W.B.": {
      "years": [
        1991
      ]
    },
    "G-3500 VANDURA EXTENDED BODY": {
      "years": [
        1991
      ]
    },
    "G-3500 VANDURA LONG W.B.": {
      "years": [
        1991
      ]
    },
    "G-1500 VANDURA LONG W.B.": {
      "years": [
        1991
      ]
    },
    "G-1500 VANDURA SHORT W.B.": {
      "years": [
        1991
      ]
    },
    "G1500 VANDURA LONG W.B.": {
      "years": [
        1992,
        1993
      ]
    },
    "G1500 VANDURA SHORT W.B.": {
      "years": [
        1992,
        1993
      ]
    },
    "G2500 VANDURA LONG W.B.": {
      "years": [
        1992,
        1993
      ]
    },
    "G2500 VANDURA SHORT W.B.": {
      "years": [
        1992,
        1993
      ]
    },
    "G3500 VANDURA EXTENDED BODY": {
      "years": [
        1992,
        1993
      ]
    },
    "G3500 VANDURA LONG W.B.": {
      "years": [
        1992,
        1993
      ]
    },
    "VANDURA 1500 LONG W/B": {
      "years": [
        1994,
        1995
      ]
    },
    "VANDURA 1500 SHORT W/B": {
      "years": [
        1994,
        1995
      ]
    },
    "VANDURA 2500 LONG W/B": {
      "years": [
        1994,
        1995
      ]
    },
    "VANDURA 2500 SHORT W/B": {
      "years": [
        1994,
        1995
      ]
    },
    "VANDURA 3500 EXTRA LONG W/B": {
      "years": [
        1994,
        1995
      ]
    },
    "VANDURA 3500 LONG W/B": {
      "years": [
        1994,
        1995
      ]
    },
    "VANDURA 1500 REGULAR W/B": {
      "years": [
        1996
      ]
    },
    "VANDURA 2500 EXTENDED W/B": {
      "years": [
        1996
      ]
    },
    "VANDURA 2500 REGULAR W/B": {
      "years": [
        1996
      ]
    },
    "VANDURA 3500 EXTENDED W/B": {
      "years": [
        1996
      ]
    },
    "VANDURA 3500 REGULAR W/B": {
      "years": [
        1996
      ]
    }
  },
  "Yukon": {
    "K1500 YUKON 4X4": {
      "years": [
        1992,
        1993
      ]
    },
    "YUKON 1500 2DR SUV 4X4 SL/SLE/GT": {
      "years": [
        1994
      ]
    },
    "YUKON 1500 2DR SUV 4X4 SL/SLE/SLT/GT": {
      "years": [
        1995,
        1996,
        1997
      ]
    },
    "YUKON 1500 4DR SUV 4X4 SL/SLE/SLT/GT": {
      "years": [
        1995,
        1996,
        1997
      ]
    },
    "YUKON 1500 2DR SUV 4X2 SL/SLE/SLT/GT": {
      "years": [
        1996,
        1997
      ]
    },
    "YUKON 1500 4DR SUV 4X2 SL/SLE/SLT/GT": {
      "years": [
        1996,
        1997
      ]
    },
    "YUKON 1500 4DR SUV 4X2 SLE/SLT": {
      "years": [
        1998,
        1999
      ]
    },
    "YUKON 1500 4DR SUV 4X4 SLE/SLT": {
      "years": [
        1998,
        1999
      ]
    },
    "YUKON 1500 4DR SUV 4X4 DENALI": {
      "years": [
        1999
      ]
    },
    "YUKON 1500 4DR 4X2": {
      "years": [
        2000,
        2001,
        2003
      ]
    },
    "YUKON 1500 4DR 4X4": {
      "years": [
        2000,
        2001,
        2003
      ]
    },
    "YUKON 1500 4DR 4X4 DENALI": {
      "years": [
        2000
      ]
    },
    "YUKON 1500 4DR AWD DENALI": {
      "years": [
        2001
      ]
    },
    "YUKON 1500 4DR 4WD DENALI": {
      "years": [
        2002,
        2003
      ]
    },
    "YUKON 1500 4DR 4X2 SL": {
      "years": [
        2002
      ]
    },
    "YUKON 1500 4DR 4X2 SLT": {
      "years": [
        2002
      ]
    },
    "YUKON 1500 4DR 4X4 /DENALI": {
      "years": [
        2004,
        2005,
        2006
      ]
    },
    "YUKON 1500 4DR RWD /SLE/SLT": {
      "years": [
        2004,
        2005,
        2006
      ]
    },
    "YUKON 4DR SUV 4WD SLE/SLT/DENALI": {
      "years": [
        2007,
        2010,
        2011,
        2012,
        2013,
        2014
      ]
    },
    "YUKON 4DR SUV RWD SLE/SLT": {
      "years": [
        2007,
        2010,
        2011,
        2012,
        2013,
        2014,
        2015,
        2016,
        2017,
        2018,
        2019,
        2020
      ]
    },
    "YUKON 4DR SUV 4WD DENALI": {
      "years": [
        2008,
        2009,
        2015,
        2016,
        2017,
        2018,
        2019,
        2020
      ]
    },
    "YUKON 4DR SUV RWD SL/SLE": {
      "years": [
        2008,
        2009
      ]
    },
    "YUKON HYBRID 4DR SUV 4WD": {
      "years": [
        2008,
        2009,
        2010
      ]
    },
    "YUKON HYBRID 4DR SUV RWD": {
      "years": [
        2008,
        2009,
        2010,
        2011,
        2012,
        2013
      ]
    },
    "YUKON 2500-XL 4DR SUV 4WD SLE/SLT/DENALI": {
      "years": [
        2010
      ]
    },
    "YUKON 2500-XL 4DR SUV RWD SLE/SLT": {
      "years": [
        2010,
        2011,
        2012,
        2013
      ]
    },
    "YUKON 2500-XL 4DR SUV 4WD SLE/SLT": {
      "years": [
        2011,
        2012,
        2013
      ]
    },
    "YUKON HYBRID 4DR SUV 4WD/DENALI": {
      "years": [
        2011,
        2012,
        2013
      ]
    },
    "YUKON 4DR SUV 4WD SLE/SLT": {
      "years": [
        2015,
        2016,
        2017,
        2018,
        2019,
        2020
      ]
    },
    "YUKON  AT4 / DENALI 4DR SUV AWD": {
      "years": [
        2021,
        2022,
        2023,
        2024
      ]
    },
    "YUKON 4DR SUV AWD": {
      "years": [
        2021,
        2022,
        2023,
        2024
      ]
    },
    "YUKON 4DR SUV RWD": {
      "years": [
        2021,
        2022,
        2023,
        2024
      ]
    }
  },
  "Yukon XL": {
    "YUKON-XL 1500 4DR 4X2": {
      "years": [
        2000,
        2001,
        2003,
        2004,
        2005,
        2006
      ]
    },
    "YUKON-XL 1500 4DR 4X4": {
      "years": [
        2000,
        2001,
        2003,
        2004,
        2005,
        2006
      ]
    },
    "YUKON-XL 2500 4DR 4X2": {
      "years": [
        2000,
        2001,
        2002,
        2003,
        2004,
        2005,
        2006
      ]
    },
    "YUKON-XL 2500 4DR 4X4": {
      "years": [
        2000,
        2001,
        2002,
        2003,
        2004,
        2005,
        2006
      ]
    },
    "YUKON-XL 1500 4DR AWD DENALI": {
      "years": [
        2001,
        2002,
        2003,
        2004,
        2005,
        2006
      ]
    },
    "YUKON-XL 1500 4DR 4X2 SLE": {
      "years": [
        2002
      ]
    },
    "YUKON-XL 1500 4DR 4X2 SLT": {
      "years": [
        2002
      ]
    },
    "YUKON-XL 4DR SUV 4WD SLE/SLT/DENALI": {
      "years": [
        2007,
        2010,
        2011,
        2012,
        2013,
        2014
      ]
    },
    "YUKON-XL 4DR SUV RWD SLE/SLT": {
      "years": [
        2007,
        2010,
        2011,
        2012,
        2013,
        2014,
        2015,
        2016,
        2017,
        2018,
        2019,
        2020
      ]
    },
    "YUKON-XL 4DR SUV 4WD DENALI": {
      "years": [
        2008,
        2009,
        2015,
        2016,
        2017,
        2018,
        2019,
        2020
      ]
    },
    "YUKON-XL 4DR SUV RWD SL/SLE": {
      "years": [
        2008,
        2009
      ]
    },
    "YUKON-XL 4DR SUV 4WD SLE/SLT": {
      "years": [
        2015,
        2016,
        2017,
        2018,
        2019,
        2020
      ]
    },
    "YUKON XL 4DR SUV AWD": {
      "years": [
        2021,
        2022,
        2023,
        2024
      ]
    },
    "YUKON XL 4DR SUV RWD": {
      "years": [
        2021,
        2022,
        2023,
        2024
      ]
    },
    "YUKON XL AT4 / DENALI 4DR SUV AWD": {
      "years": [
        2021,
        2022,
        2023,
        2024
      ]
    }
  }
}