{
  "Accord": {
    "ACCORD HATCHBACK": {
      "years": [
        1981
      ]
    },
    "ACCORD LX SD": {
      "years": [
        1981,
        1982,
        1984
      ]
    },
    "ACCORD HB": {
      "years": [
        1982,
        1984
      ]
    },
    "ACCORD 2 DR AUTO.": {
      "years": [
        1983
      ]
    },
    "ACCORD 2 DR HB 5SP": {
      "years": [
        1983
      ]
    },
    "ACCORD 4 DR SD 5SP": {
      "years": [
        1983
      ]
    },
    "ACCORD 4 DR SD AUTO.": {
      "years": [
        1983
      ]
    },
    "ACCORD EX SD": {
      "years": [
        1984
      ]
    },
    "ACCORD EX SEDAN": {
      "years": [
        1985
      ]
    },
    "ACCORD LX SEDAN": {
      "years": [
        1985,
        1986
      ]
    },
    "ACCORD S HATCHBACK": {
      "years": [
        1985,
        1986
      ]
    },
    "ACCORD EXI SEDAN": {
      "years": [
        1986
      ]
    },
    "ACCORD EXI 4 DR SEDAN": {
      "years": [
        1987,
        1988
      ]
    },
    "ACCORD LX 4 DR SEDAN": {
      "years": [
        1987
      ]
    },
    "ACCORD S 2 DR HATCHBACK": {
      "years": [
        1987,
        1988,
        1989
      ]
    },
    "ACCORD LX/LX LIMITED 4 DR SEDAN": {
      "years": [
        1988
      ]
    },
    "ACCORD EXI/SEI 4 DR SEDAN": {
      "years": [
        1989
      ]
    },
    "ACCORD LX/EX 4 DR SEDAN": {
      "years": [
        1989
      ]
    },
    "ACCORD LX/EXi/SEi COUPE": {
      "years": [
        1989
      ]
    },
    "ACCORD LX/EX/EX-R 4DR SEDAN": {
      "years": [
        1990
      ]
    },
    "ACCORD LX/EX-R 2DR COUPE": {
      "years": [
        1990,
        1991,
        1992,
        1993
      ]
    },
    "ACCORD LX/EX/EX-R/EX-R ALB 4DR SEDAN": {
      "years": [
        1991,
        1992,
        1993
      ]
    },
    "ACCORD WAGON EX-R": {
      "years": [
        1991,
        1992,
        1993
      ]
    },
    "ACCORD 2DR COUPE LX": {
      "years": [
        1994,
        1995,
        1996,
        1997
      ]
    },
    "ACCORD 4DR SEDAN EX": {
      "years": [
        1994,
        1995,
        1996,
        1999,
        2000
      ]
    },
    "ACCORD 4DR SEDAN EX-R": {
      "years": [
        1994,
        1995,
        1996
      ]
    },
    "ACCORD 4DR SEDAN LX": {
      "years": [
        1994,
        1995,
        1996,
        2008,
        2009,
        2010
      ]
    },
    "ACCORD 4DR WAGON EX": {
      "years": [
        1994,
        1995
      ]
    },
    "ACCORD 2DR COUPE EX-R": {
      "years": [
        1994,
        1995,
        1996,
        1997
      ]
    },
    "ACCORD 4DR SEDAN V6 EX": {
      "years": [
        1995,
        1996
      ]
    },
    "ACCORD 4DR SEDAN V6 EX-R": {
      "years": [
        1995,
        1996,
        1997
      ]
    },
    "ACCORD 4DR SEDAN EX/LX": {
      "years": [
        1997
      ]
    },
    "ACCORD 4DR SEDAN EX-R/SE": {
      "years": [
        1997
      ]
    },
    "ACCORD 2DR COUPE EX-V6": {
      "years": [
        1998,
        1999,
        2000,
        2002
      ]
    },
    "ACCORD 2DR COUPE LX/EX": {
      "years": [
        1998,
        1999,
        2000
      ]
    },
    "ACCORD 4DR SEDAN DX": {
      "years": [
        1998
      ]
    },
    "ACCORD 4DR SEDAN EX-V6": {
      "years": [
        1998,
        1999,
        2000
      ]
    },
    "ACCORD 4DR SEDAN LX/EX": {
      "years": [
        1998,
        2001
      ]
    },
    "ACCORD 4DR SEDAN DX/LX": {
      "years": [
        1999,
        2000
      ]
    },
    "ACCORD 2DR COUPE EX": {
      "years": [
        2001,
        2002
      ]
    },
    "ACCORD 2DR COUPE EX V6": {
      "years": [
        2001
      ]
    },
    "ACCORD 4DR SEDAN LX/EX V6": {
      "years": [
        2001
      ]
    },
    "ACCORD 2DR COUPE EX-L": {
      "years": [
        2002
      ]
    },
    "ACCORD 2DR COUPE Special Edition": {
      "years": [
        2002
      ]
    },
    "ACCORD 4DR SEDAN LX/Special Edition/EX": {
      "years": [
        2002
      ]
    },
    "ACCORD 4DR SEDAN Special Edition/LX/EX V6": {
      "years": [
        2002
      ]
    },
    "ACCORD 2DR COUPE EX-V6/EX-V6 MT": {
      "years": [
        2003,
        2004,
        2005,
        2006,
        2007
      ]
    },
    "ACCORD 2DR COUPE LX-G/EX-L": {
      "years": [
        2003,
        2004,
        2005,
        2006
      ]
    },
    "ACCORD 4DR SEDAN DX/LX-G/EX-L": {
      "years": [
        2003,
        2004,
        2005
      ]
    },
    "ACCORD 4DR SEDAN LX V6/EX V6": {
      "years": [
        2003,
        2004,
        2005
      ]
    },
    "ACCORD HYBRID 4DR SEDAN FWD": {
      "years": [
        2005,
        2006,
        2007
      ]
    },
    "ACCORD 4DR SEDAN DX-G/SE/EX-L": {
      "years": [
        2006,
        2007
      ]
    },
    "ACCORD 4DR SEDAN SE V6/EX V6": {
      "years": [
        2006
      ]
    },
    "ACCORD 2DR COUPE SE/EX-L": {
      "years": [
        2007
      ]
    },
    "ACCORD 4DR SEDAN SE V6/EX V6/EX V6 MT": {
      "years": [
        2007
      ]
    },
    "ACCORD 2DR COUPE EX/EX-L": {
      "years": [
        2008,
        2009,
        2010,
        2011,
        2012
      ]
    },
    "ACCORD 2DR COUPE EX-L V6": {
      "years": [
        2008,
        2009,
        2010,
        2011,
        2012,
        2015,
        2016,
        2017,
        2018
      ]
    },
    "ACCORD 4DR SEDAN EX/EX-L": {
      "years": [
        2008,
        2009,
        2010,
        2011,
        2012
      ]
    },
    "ACCORD 4DR SEDAN EX-V6/EX-L V6": {
      "years": [
        2008,
        2009,
        2010,
        2011,
        2012
      ]
    },
    "ACCORD 4DR SEDAN SE": {
      "years": [
        2011,
        2012
      ]
    },
    "ACCORD EX/EX-L NAVI 2DR COUPE": {
      "years": [
        2013,
        2014
      ]
    },
    "ACCORD EX-L V6 2DR COUPE": {
      "years": [
        2013,
        2014
      ]
    },
    "ACCORD EX-L V6 4DR SEDAN": {
      "years": [
        2013
      ]
    },
    "ACCORD LX AUTO/SPORT/EX-L/TOURING 4DR SEDAN": {
      "years": [
        2013
      ]
    },
    "ACCORD LX MANUAL 4DR SEDAN": {
      "years": [
        2013
      ]
    },
    "ACCORD EX-L V6/TOURING V6 4DR SEDAN": {
      "years": [
        2014
      ]
    },
    "ACCORD HYBRID 4DR SEDAN": {
      "years": [
        2014,
        2015,
        2017,
        2023,
        2024
      ]
    },
    "ACCORD LX/SPORT/EX-L/TOURING 4DR SEDAN": {
      "years": [
        2014
      ]
    },
    "ACCORD  2DR COUPE EX/EX-L NAVI": {
      "years": [
        2015,
        2016
      ]
    },
    "ACCORD 4DR SEDAN EX-L V6/TOURING V6": {
      "years": [
        2015,
        2016,
        2017
      ]
    },
    "ACCORD 4DR SEDAN LX/SPORT/EX-L/TOURING": {
      "years": [
        2015,
        2016,
        2017
      ]
    },
    "ACCORD 2DR COUPE EX/EX-L NAVI": {
      "years": [
        2017,
        2018
      ]
    },
    "ACCORD 4DR SEDAN  LX/SPORT MANUAL": {
      "years": [
        2018
      ]
    },
    "ACCORD 4DR SEDAN LX CVT": {
      "years": [
        2018,
        2019,
        2020,
        2021,
        2022
      ]
    },
    "ACCORD 4DR SEDAN SPORT 2.0 / TOURING 2.0 AUTO": {
      "years": [
        2018
      ]
    },
    "ACCORD 4DR SEDAN SPORT 2.0 MANUAL": {
      "years": [
        2018
      ]
    },
    "ACCORD 4DR SEDAN SPORT/EX-L/TOURING CVT": {
      "years": [
        2018,
        2019,
        2020,
        2021,
        2022
      ]
    },
    "ACCORD 4DR SEDAN 2.0 AUTOMATIC": {
      "years": [
        2019,
        2020,
        2021,
        2022
      ]
    },
    "ACCORD 4DR SEDAN 2.0 MANUAL": {
      "years": [
        2019,
        2020
      ]
    },
    "ACCORD 4DR SEDAN HYBRID": {
      "years": [
        2019,
        2020,
        2021,
        2022
      ]
    },
    "ACCORD 4DR SEDAN MANUAL": {
      "years": [
        2019,
        2020
      ]
    },
    "ACCORD BASE 4DR SEDAN": {
      "years": [
        2023,
        2024
      ]
    }
  },
  "Accord Crosstour": {},
  "CR-V": {
    "CR-V 4DR SUV": {
      "years": [
        1997
      ]
    },
    "CR-V 4DR SUV LX/EX": {
      "years": [
        1998,
        1999,
        2000
      ]
    },
    "CR-V 4DR SUV LX/EX/LTD": {
      "years": [
        2001
      ]
    },
    "CR-V 4DR SUV LX/EX/EW w/LEATHER": {
      "years": [
        2002,
        2003,
        2004
      ]
    },
    "CR-V 4DR SUV AWD /LX/EX/EX-L": {
      "years": [
        2005
      ]
    },
    "CR-V 4DR SUV AWD EX-L": {
      "years": [
        2006
      ]
    },
    "CR-V 4DR SUV AWD SE/EX": {
      "years": [
        2006
      ]
    },
    "CR-V 4DR SUV AWD EX/EX-L": {
      "years": [
        2007,
        2008,
        2009,
        2010,
        2011
      ]
    },
    "CR-V 4DR SUV FWD LX": {
      "years": [
        2007,
        2008,
        2009,
        2010,
        2011,
        2015,
        2016
      ]
    },
    "CR-V 4DR SUV AWD LX/EX/EX-L/TOURING": {
      "years": [
        2012,
        2013,
        2014
      ]
    },
    "CR-V 4DR SUV FWD LX/EX": {
      "years": [
        2012,
        2013,
        2014
      ]
    },
    "CR-V 4DR SUV AWD LX/SE/EX/EX-L/TOURING": {
      "years": [
        2015,
        2016
      ]
    },
    "CR-V 4DR SUV AWD": {
      "years": [
        2017,
        2018,
        2019,
        2020,
        2021,
        2022,
        2023,
        2024
      ]
    },
    "CR-V 4DR SUV FWD": {
      "years": [
        2017,
        2018,
        2019,
        2020,
        2021,
        2022,
        2023,
        2024
      ]
    }
  },
  "CR-Z": {
    "CR-Z 2 DR HATCHBACK": {
      "years": [
        2011,
        2012,
        2013,
        2014,
        2015,
        2016,
        2017
      ]
    }
  },
  "Civic": {
    "CIVIC 2 DR DX HB": {
      "years": [
        1981
      ]
    },
    "CIVIC 4 DR DX HB": {
      "years": [
        1981
      ]
    },
    "CIVIC FE": {
      "years": [
        1981,
        1982
      ]
    },
    "CIVIC GL HATCHBACK": {
      "years": [
        1981
      ]
    },
    "CIVIC GL SD": {
      "years": [
        1981,
        1982,
        1984
      ]
    },
    "CIVIC WAGON": {
      "years": [
        1981,
        1982,
        1984,
        1985,
        1986,
        1987
      ]
    },
    "CIVIC 2 DR HB DX": {
      "years": [
        1982
      ]
    },
    "CIVIC 4 DR HB DX": {
      "years": [
        1982
      ]
    },
    "CIVIC GL HB": {
      "years": [
        1982
      ]
    },
    "CIVIC HB": {
      "years": [
        1982,
        1984
      ]
    },
    "CIVIC 1500 4 DR 5SP": {
      "years": [
        1983
      ]
    },
    "CIVIC 1500 4 DR AUTO.": {
      "years": [
        1983
      ]
    },
    "CIVIC 2 DR HB 4SP": {
      "years": [
        1983
      ]
    },
    "CIVIC 2 DR HB 5SP": {
      "years": [
        1983
      ]
    },
    "CIVIC 2 DR HB AUTO.": {
      "years": [
        1983
      ]
    },
    "CIVIC 4 DR AUTO.": {
      "years": [
        1983
      ]
    },
    "CIVIC WAGON 5SP": {
      "years": [
        1983
      ]
    },
    "CIVIC WAGON AUTO.": {
      "years": [
        1983
      ]
    },
    "CIVIC 1500S HB": {
      "years": [
        1984
      ]
    },
    "CIVIC CRX CP": {
      "years": [
        1984
      ]
    },
    "CIVIC HB DELUXE": {
      "years": [
        1984
      ]
    },
    "CIVIC 1500 S HATCHBACK": {
      "years": [
        1985,
        1986
      ]
    },
    "CIVIC CRX 1.5 COUPE": {
      "years": [
        1985,
        1986
      ]
    },
    "CIVIC GL SEDAN": {
      "years": [
        1985,
        1986
      ]
    },
    "CIVIC HATCHBACK": {
      "years": [
        1985,
        1986
      ]
    },
    "CIVIC HATCHBACK STANDARD/DELUXE": {
      "years": [
        1986
      ]
    },
    "CIVIC 1500 S 2 DR HATCHBACK": {
      "years": [
        1987
      ]
    },
    "CIVIC CRX 1.5 2 DR HATCHBACK": {
      "years": [
        1987
      ]
    },
    "CIVIC DELUXE 2 DR KAMBACK": {
      "years": [
        1987
      ]
    },
    "CIVIC GL 4 DR SEDAN": {
      "years": [
        1987
      ]
    },
    "CIVIC STANDARD 2 DR KAMBACK": {
      "years": [
        1987
      ]
    },
    "CIVIC CRX BASE/SI 2 DR COUPE": {
      "years": [
        1988,
        1989,
        1990,
        1991
      ]
    },
    "CIVIC DX/LX 4 DR SEDAN": {
      "years": [
        1988,
        1989,
        1990,
        1991
      ]
    },
    "CIVIC FWD/4WD WAGON": {
      "years": [
        1988
      ]
    },
    "CIVIC STANDARD/DELUXE 2 DR KAMBACK": {
      "years": [
        1988
      ]
    },
    "CIVIC BASE/4WD WAGON": {
      "years": [
        1989,
        1990
      ]
    },
    "CIVIC STANDARD/CX/DX/2 DR HATCHBACK": {
      "years": [
        1989,
        1990,
        1991
      ]
    },
    "CIVIC DX WAGON": {
      "years": [
        1991
      ]
    },
    "CIVIC CX/DX/VX 2 DR HATCHBACK": {
      "years": [
        1992,
        1993
      ]
    },
    "CIVIC EX/LX/EX-V 4 DR SEDAN": {
      "years": [
        1992,
        1993
      ]
    },
    "CIVIC COUPE DX/Si 2DR": {
      "years": [
        1993
      ]
    },
    "CIVIC DEL SOL S/Si 2DR COUPE": {
      "years": [
        1993
      ]
    },
    "CIVIC 2DR COUPE DX/Si": {
      "years": [
        1994,
        1995,
        1996,
        1997,
        1998
      ]
    },
    "CIVIC 2DR HATCHBACK CX/DX": {
      "years": [
        1994,
        1999,
        2000
      ]
    },
    "CIVIC 4DR SEDAN LX/EX": {
      "years": [
        1994,
        1995,
        1996,
        1997,
        1998,
        1999,
        2015
      ]
    },
    "CIVIC DEL SOL 2DR COUPE S/Si/VTEC": {
      "years": [
        1994
      ]
    },
    "CIVIC 2DR HATCHBACK CX": {
      "years": [
        1995,
        1996,
        1997,
        1998
      ]
    },
    "CIVIC DEL SOL 2DR COUPE Si/VTEC": {
      "years": [
        1995,
        1996,
        1997
      ]
    },
    "CIVIC 2DR COUPE DX": {
      "years": [
        1999,
        2000,
        2002
      ]
    },
    "CIVIC 2DR COUPE Si": {
      "years": [
        1999,
        2000,
        2014,
        2015
      ]
    },
    "CIVIC 2DR COUPE SiR": {
      "years": [
        1999,
        2000
      ]
    },
    "CIVIC 4DR SEDAN LX/SE/EX": {
      "years": [
        2000
      ]
    },
    "CIVIC 2DR COUPE DX/LX/Si": {
      "years": [
        2001,
        2003
      ]
    },
    "CIVIC 4DR SEDAN DX/LX": {
      "years": [
        2001,
        2002
      ]
    },
    "CIVIC 2DR COUPE LX": {
      "years": [
        2002
      ]
    },
    "CIVIC 2DR COUPE Si/Si-G": {
      "years": [
        2002
      ]
    },
    "CIVIC 4DR SEDAN DX-G": {
      "years": [
        2002
      ]
    },
    "CIVIC 4DR SEDAN LX/LX-G": {
      "years": [
        2002
      ]
    },
    "CIVIC 4DR SEDAN DX": {
      "years": [
        2003,
        2015
      ]
    },
    "CIVIC 4DR SEDAN LX": {
      "years": [
        2003
      ]
    },
    "CIVIC 4DR SEDAN LX SPORT": {
      "years": [
        2003
      ]
    },
    "CIVIC HYBRID 4DR SEDAN FWD": {
      "years": [
        2003,
        2004,
        2005,
        2006,
        2007,
        2008,
        2009,
        2010,
        2011,
        2012
      ]
    },
    "CIVIC 2DR COUPE FWD DX/LX/Si": {
      "years": [
        2004,
        2005
      ]
    },
    "CIVIC 4DR SEDAN FWD DX": {
      "years": [
        2004,
        2005
      ]
    },
    "CIVIC 4DR SEDAN FWD LX": {
      "years": [
        2004,
        2005
      ]
    },
    "CIVIC 4DR SEDAN FWD Si": {
      "years": [
        2004,
        2005
      ]
    },
    "CIVIC 2DR COUPE FWD DX/DG-G/LX/EX": {
      "years": [
        2006,
        2007
      ]
    },
    "CIVIC 2DR COUPE FWD Si": {
      "years": [
        2006,
        2007,
        2008,
        2009,
        2010,
        2011
      ]
    },
    "CIVIC 4DR SEDAN FWD DX/DX-G/LX/EX": {
      "years": [
        2006,
        2007
      ]
    },
    "CIVIC 2DR COUPE FWD DX/DX-G/LX": {
      "years": [
        2008,
        2009,
        2010
      ]
    },
    "CIVIC 2DR COUPE FWD EX-L": {
      "years": [
        2008,
        2009,
        2010,
        2011
      ]
    },
    "CIVIC 4DR SEDAN FWD DX/DX-G/LX/EX-L": {
      "years": [
        2008,
        2009,
        2010
      ]
    },
    "CIVIC 4DR SEDAN Si": {
      "years": [
        2008,
        2009,
        2010,
        2011
      ]
    },
    "CIVIC 2DR COUPE FWD DX-G/SE": {
      "years": [
        2011
      ]
    },
    "CIVIC 4DR SEDAN FWD DX/DX-G/SE/EX-L": {
      "years": [
        2011
      ]
    },
    "CIVIC 2DR COUPE FWD LX/EX (manual)": {
      "years": [
        2012,
        2013
      ]
    },
    "CIVIC 2DR COUPE FWD LX/EX/EX-L (automatic) /": {
      "years": [
        2012,
        2013
      ]
    },
    "CIVIC 4DR SEDAN DX/EX/LX (manual)": {
      "years": [
        2012
      ]
    },
    "CIVIC 4DR SEDAN EX (automatic) / Si (manual)": {
      "years": [
        2012
      ]
    },
    "CIVIC 4DR SEDAN EX-L/LX (automatic)": {
      "years": [
        2012
      ]
    },
    "CIVIC DX 4DR SEDAN": {
      "years": [
        2013,
        2014
      ]
    },
    "CIVIC HYBRID 4DR SEDAN": {
      "years": [
        2013,
        2014,
        2015
      ]
    },
    "CIVIC LX/EX 4DR SEDAN": {
      "years": [
        2013,
        2014
      ]
    },
    "CIVIC TOURING/Si 4DR SEDAN": {
      "years": [
        2013,
        2014
      ]
    },
    "CIVIC 2DR COUPE LX/EX/EX-L NAVI": {
      "years": [
        2014,
        2015
      ]
    },
    "CIVIC 4DR SEDAN TOURING/Si": {
      "years": [
        2015
      ]
    },
    "CIVIC DX/LX/EX 4DR SEDAN": {
      "years": [
        2016,
        2017,
        2018,
        2019,
        2020,
        2021
      ]
    },
    "CIVIC EX-T/TOURING 2DR COUPE": {
      "years": [
        2016,
        2017,
        2018
      ]
    },
    "CIVIC EX-T/TOURING 4DR SEDAN": {
      "years": [
        2016,
        2017,
        2018
      ]
    },
    "CIVIC LX 2DR COUPE": {
      "years": [
        2016,
        2017,
        2018,
        2019,
        2020,
        2021
      ]
    },
    "CIVIC 5DR HATCH": {
      "years": [
        2017,
        2018,
        2019,
        2020,
        2021
      ]
    },
    "CIVIC SPORT/TOURING 4DR SEDAN": {
      "years": [
        2019,
        2020,
        2021
      ]
    },
    "CIVIC SPORT/TOURING/Si 2DR COUPE": {
      "years": [
        2019,
        2020,
        2021
      ]
    },
    "CIVIC 1.5L 4DR SEDAN": {
      "years": [
        2022,
        2023,
        2024
      ]
    },
    "CIVIC 1.5L 5DR HATCH": {
      "years": [
        2022,
        2023,
        2024
      ]
    },
    "CIVIC 2.0L 4DR SEDAN": {
      "years": [
        2022,
        2023,
        2024
      ]
    },
    "CIVIC 2.0L 5DR HATCH": {
      "years": [
        2022,
        2023,
        2024
      ]
    }
  },
  "Civic Si": {
    "CIVIC SI HATCHBACK": {
      "years": [
        1989,
        1990,
        1991
      ]
    },
    "CIVIC Si HATCHBACK": {
      "years": [
        1992,
        1993
      ]
    },
    "CIVIC SIR HATCHBACK 3DR HATCH FWD": {
      "years": [
        2002,
        2003
      ]
    },
    "CIVIC SIR 3DR HATCH FWD": {
      "years": [
        2004
      ]
    }
  },
  "Civic Type R": {
    "CIVIC TYPE R 5DR HATCH": {
      "years": [
        2019,
        2020,
        2021
      ]
    }
  },
  "Clarity": {
    "CLARITY": {
      "years": [
        2018,
        2019,
        2020,
        2021,
        2022
      ]
    }
  },
  "Crosstour": {
    "CROSSTOUR EX-L AWD": {
      "years": [
        2010,
        2011,
        2012
      ]
    },
    "CROSSTOUR EX-L FWD": {
      "years": [
        2010,
        2011,
        2012
      ]
    },
    "CROSSTOUR 4DR HATCHBACK EX/EX-L FWD": {
      "years": [
        2013
      ]
    },
    "CROSSTOUR 4DR HATCHBACK EX-L/EX-L NAVI AWD": {
      "years": [
        2013,
        2014
      ]
    }
  },
  "EV Plus": {},
  "Element": {
    "ELEMENT /Y PACKAGE 4DR SUV 4WD": {
      "years": [
        2003,
        2004,
        2005,
        2006
      ]
    },
    "ELEMENT/Y PACKAGE 4DR SUV FWD": {
      "years": [
        2003
      ]
    },
    "ELEMENT /Y PACKAGE 4DR SUV FWD": {
      "years": [
        2004,
        2005,
        2006
      ]
    },
    "ELEMENT 4DR SUV 4WD LX/EX-P/SC": {
      "years": [
        2007
      ]
    },
    "ELEMENT 4DR SUV FWD LX/EX-P/SC": {
      "years": [
        2007
      ]
    },
    "ELEMENT 4DR SUV FWD LX/EX/SC": {
      "years": [
        2008,
        2009,
        2010,
        2011
      ]
    },
    "ELEMENT 4DR SUV AWD EX": {
      "years": [
        2010,
        2011
      ]
    }
  },
  "FCX Clarity": {},
  "Fit": {
    "FIT 4DR HATCH FWD /DX/LX/SPORT": {
      "years": [
        2007,
        2008
      ]
    },
    "FIT 4DR HATCH FWD DX/LX/SPORT": {
      "years": [
        2009,
        2010,
        2011,
        2012,
        2013,
        2014
      ]
    },
    "FIT 4DR HATCH FWD DX/LX": {
      "years": [
        2015,
        2016,
        2017,
        2018,
        2019,
        2020,
        2021,
        2022
      ]
    },
    "FIT 4DR HATCH FWD EX/EX-L NAVI": {
      "years": [
        2015,
        2016,
        2017,
        2018
      ]
    },
    "FIT 4DR HATCH FWD SPORT/EX//EX-L NAVI": {
      "years": [
        2019,
        2020,
        2021,
        2022
      ]
    }
  },
  "HR-V": {
    "HR-V AWD": {
      "years": [
        2016
      ]
    },
    "HR-V FWD": {
      "years": [
        2016
      ]
    },
    "HR-V 4DR CUV AWD": {
      "years": [
        2017,
        2018
      ]
    },
    "HR-V 4DR CUV FWD": {
      "years": [
        2017,
        2018
      ]
    },
    "HR-V 4DR SUV AWD": {
      "years": [
        2019,
        2020,
        2021,
        2022,
        2023,
        2024
      ]
    },
    "HR-V 4DR SUV FWD": {
      "years": [
        2019,
        2020,
        2021,
        2022,
        2023,
        2024
      ]
    }
  },
  "Insight": {
    "INSIGHT 2DR HATCHBACK": {
      "years": [
        2001,
        2002,
        2003,
        2004,
        2005,
        2006
      ]
    },
    "INSIGHT LX/EX": {
      "years": [
        2010,
        2011
      ]
    },
    "INSIGHT 4DR HATCHBACK LX/EX": {
      "years": [
        2012,
        2013
      ]
    },
    "INSIGHT 4DR SEDAN": {
      "years": [
        2019,
        2020,
        2021,
        2022
      ]
    }
  },
  "Odyssey": {
    "ODYSSEY 4DR MINIVAN": {
      "years": [
        1995,
        1996,
        1997,
        1998
      ]
    },
    "ODYSSEY 4DR MINIVAN LX/EX": {
      "years": [
        1999,
        2000,
        2001
      ]
    },
    "ODYSSEY 4DR MINIVAN EX/EX-LEATHER": {
      "years": [
        2002,
        2003,
        2004
      ]
    },
    "ODYSSEY 4DR MINIVAN LX": {
      "years": [
        2002,
        2003,
        2004,
        2005,
        2006,
        2007,
        2011,
        2012,
        2013
      ]
    },
    "ODYSSEY 4DR MINIVAN EX/EX-L": {
      "years": [
        2005,
        2006,
        2007,
        2008,
        2009,
        2010
      ]
    },
    "ODYSSEY 4DR MINIVAN TOURING": {
      "years": [
        2005,
        2006,
        2007,
        2008,
        2009,
        2010,
        2012,
        2013
      ]
    },
    "ODYSSEY 4DR MINIVAN DX/LX": {
      "years": [
        2008,
        2009,
        2010
      ]
    },
    "ODYSSEY 4DR MINIVAN EX": {
      "years": [
        2011,
        2012,
        2013
      ]
    },
    "ODYSSEY 4DR MINIVAN EX-L/TOURING/TOURING ELIT": {
      "years": [
        2011
      ]
    },
    "ODYSSEY 4DR MINIVAN EX-L RES": {
      "years": [
        2012,
        2013
      ]
    },
    "ODYSSEY 4DR MINIVAN EX-L RES/EX-L NAVI/TOURIN": {
      "years": [
        2014
      ]
    },
    "ODYSSEY 4DR MINIVAN LX/SE/EX/EX RES": {
      "years": [
        2014,
        2015,
        2016,
        2017
      ]
    },
    "ODYSSEY 4DR MINIVAN EX-L RES/EX-L NAVI/TOURING": {
      "years": [
        2015,
        2016,
        2017
      ]
    },
    "ODYSSEY EX-L/TOURING": {
      "years": [
        2018,
        2019,
        2020
      ]
    },
    "ODYSSEY LX/EX": {
      "years": [
        2018,
        2019,
        2020
      ]
    },
    "ODYSSEY MINIVAN": {
      "years": [
        2021,
        2022,
        2023,
        2024
      ]
    }
  },
  "Passport": {
    "PASSPORT 4DR SUV": {
      "years": [
        2019,
        2020,
        2021,
        2022,
        2023,
        2024
      ]
    }
  },
  "Pilot": {
    "PILOT ES/EX-L 4DR SUV 4WD": {
      "years": [
        2003,
        2004,
        2005,
        2006,
        2007
      ]
    },
    "PILOT LX/SE/EX-L 4DR SUV AWD": {
      "years": [
        2008
      ]
    },
    "PILOT LX-2WD 4DR SUV FWD": {
      "years": [
        2008
      ]
    },
    "PILOT 4DR SUV LX/EX/EX-L": {
      "years": [
        2009
      ]
    },
    "PILOT 4DR SUV AWD LX/EX/EX-L/TOURING": {
      "years": [
        2010,
        2011,
        2012,
        2013,
        2014
      ]
    },
    "PILOT 4DR SUV FWD LX": {
      "years": [
        2010,
        2011,
        2012,
        2013,
        2014,
        2015
      ]
    },
    "PILOT 4DR SUV AWD LX/SPECIAL EDITION/EX-L RES/TOURING": {
      "years": [
        2015
      ]
    },
    "PILOT 4DR SUV AWD": {
      "years": [
        2016,
        2017,
        2018
      ]
    },
    "PILOT 4DR SUV FWD": {
      "years": [
        2016,
        2017,
        2018
      ]
    },
    "PILOT 4DR SUV": {
      "years": [
        2019,
        2020,
        2021,
        2022
      ]
    },
    "PILOT SPORT /EX-L 4DR SUV": {
      "years": [
        2023,
        2024
      ]
    },
    "PILOT TOURING / BLACK EDITION 4DR SUV": {
      "years": [
        2023,
        2024
      ]
    },
    "PILOT TRAILSPORT 4DR SUV": {
      "years": [
        2023,
        2024
      ]
    }
  },
  "Prelude": {
    "PRELUDE": {
      "years": [
        1981,
        1982,
        1984,
        1985
      ]
    },
    "PRELUDE 1.8": {
      "years": [
        1986
      ]
    },
    "PRELUDE 2.0 SPECIAL EDITION": {
      "years": [
        1986
      ]
    },
    "PRELUDE 1.8 2 DR COUPE": {
      "years": [
        1987
      ]
    },
    "PRELUDE 2.0 SI 2 DR COUPE": {
      "years": [
        1987
      ]
    },
    "PRELUDE S 2 DR COUPE": {
      "years": [
        1988,
        1989
      ]
    },
    "PRELUDE SI/SI 4WS 2 DR COUPE": {
      "years": [
        1988,
        1989
      ]
    },
    "PRELUDE S 2DR COUPE": {
      "years": [
        1990,
        1991
      ]
    },
    "PRELUDE SR/SR 4WS 2DR COUPE": {
      "years": [
        1990
      ]
    },
    "PRELUDE SR/SR-ALB 2DR COUPE": {
      "years": [
        1991
      ]
    },
    "PRELUDE 2DR COUPE": {
      "years": [
        1992,
        1993,
        1994,
        2001
      ]
    },
    "PRELUDE SR/4WS 2DR COUPE": {
      "years": [
        1992
      ]
    },
    "PRELUDE SR/SRV/4WS 2DR COUPE": {
      "years": [
        1993
      ]
    },
    "PRELUDE 2DR COUPE SR/SR-V": {
      "years": [
        1994,
        1995,
        1996
      ]
    },
    "PRELUDE 2DR COUPE BASE/TYPE SH": {
      "years": [
        1997
      ]
    },
    "PRELUDE 2DR COUPE BASE": {
      "years": [
        1998,
        1999,
        2000
      ]
    },
    "PRELUDE 2DR COUPE TYPE SH": {
      "years": [
        1998,
        1999,
        2000
      ]
    }
  },
  "Prologue": {
    "PROLOGUE 4DR SUV AWD": {
      "years": [
        2024,
        2025
      ]
    },
    "PROLOGUE 4DR SUV FWD": {
      "years": [
        2024,
        2025
      ]
    }
  },
  "Ridgeline": {
    "RIDGELINE PICKUP": {
      "years": [
        2006,
        2007,
        2008,
        2009
      ]
    },
    "RIDGELINE 4DR PICKUP AWD": {
      "years": [
        2010,
        2011,
        2012
      ]
    },
    "RIDGELINE 4DR PICKUP AWD DX/VP/SPORT/TOURING": {
      "years": [
        2013
      ]
    },
    "RIDGELINE 4DR PICKUP AWD DX/SPORT/SPECIAL EDI": {
      "years": [
        2014
      ]
    },
    "RIDGELINE 4DR PICKUP": {
      "years": [
        2017,
        2018,
        2019,
        2020,
        2021,
        2022,
        2023,
        2024
      ]
    }
  },
  "S2000": {
    "S2000 CONVERTIBLE": {
      "years": [
        2000,
        2001,
        2002,
        2003,
        2004,
        2005,
        2006,
        2007,
        2008,
        2009
      ]
    }
  },
  "del Sol": {}
}