{
  "H1": {
    "HUMMER H1 OPEN TOP 4DR SUV 4WD": {
      "years": [
        2002,
        2003,
        2004
      ]
    },
    "HUMMER H1 WAGON 4DR SUV 4WD": {
      "years": [
        2002,
        2003,
        2004
      ]
    },
    "H1 OPEN TOP 4DR SUV 4WD": {
      "years": [
        2005
      ]
    },
    "H1 WAGON 4DR SUV 4WD": {
      "years": [
        2005
      ]
    }
  },
  "H2": {
    "HUMMER H2 4DR SUV 4WD": {
      "years": [
        2002,
        2003,
        2004
      ]
    },
    "H2 4DR SUV 4WD": {
      "years": [
        2005,
        2006,
        2007,
        2008,
        2009,
        2010
      ]
    },
    "H2 SUT P/U REG CAB S/BOX 4WD": {
      "years": [
        2005,
        2006,
        2007,
        2008
      ]
    },
    "H2 4DR PICKUP 4WD": {
      "years": [
        2009,
        2010
      ]
    }
  },
  "H3": {
    "H3 4DR SUV 4WD": {
      "years": [
        2005,
        2006
      ]
    },
    "H3 4DR SUV 4WD /X": {
      "years": [
        2007,
        2008,
        2009,
        2010
      ]
    },
    "H3 4DR SUV 4WD ALPHA": {
      "years": [
        2008,
        2009,
        2010
      ]
    }
  },
  "H3T": {
    "H3T 4DR PICKUP 4WD": {
      "years": [
        2009,
        2010
      ]
    }
  }
}