{
  "Accent": {
    "ACCENT 2DR HATCHBACK L/GL": {
      "years": [
        1995
      ]
    },
    "ACCENT 4DR SEDAN L/GL": {
      "years": [
        1995,
        1996,
        1997,
        1998
      ]
    },
    "ACCENT 2DR HATCHBACK L/GL/GT": {
      "years": [
        1996,
        1997
      ]
    },
    "ACCENT 2DR HATCHBACK L/GS": {
      "years": [
        1998
      ]
    },
    "ACCENT 2DR HATCHBACK L/GSi": {
      "years": [
        1999
      ]
    },
    "ACCENT 4DR SEDAN GL": {
      "years": [
        1999,
        2000,
        2001,
        2002,
        2003,
        2004
      ]
    },
    "ACCENT 2DR HATCHBACK GS/GSi": {
      "years": [
        2000,
        2001,
        2002,
        2003,
        2004
      ]
    },
    "ACCENT 5 4DR HATCH FWD": {
      "years": [
        2005,
        2006
      ]
    },
    "ACCENT GL 4DR SEDAN FWD": {
      "years": [
        2005,
        2006
      ]
    },
    "ACCENT GS/GSi 2DR HATCHBACK": {
      "years": [
        2005,
        2006
      ]
    },
    "ACCENT GLS 4DR SEDAN FWD": {
      "years": [
        2006
      ]
    },
    "ACCENT 2DR HATCHBACK GS/COMFORT/SPORT/PREMIUM": {
      "years": [
        2007
      ]
    },
    "ACCENT 4DR SEDAN FWD GL/COMFORT": {
      "years": [
        2007
      ]
    },
    "ACCENT 4DR SEDAN FWD GLS": {
      "years": [
        2007,
        2008,
        2009
      ]
    },
    "ACCENT 2DR HATCHBACK L/GL/SPORT/SR": {
      "years": [
        2008,
        2009
      ]
    },
    "ACCENT 4DR SEDAN FWD L/GL": {
      "years": [
        2008,
        2009
      ]
    },
    "ACCENT 2DR HATCHBACK L/GL/SPORT": {
      "years": [
        2010,
        2011
      ]
    },
    "ACCENT 4DR SEDAN FWD L/GL/GLS": {
      "years": [
        2010,
        2011
      ]
    },
    "ACCENT 4DR HATCHBACK L/GL/GLS (auto)": {
      "years": [
        2012,
        2013
      ]
    },
    "ACCENT 4DR HATCHBACK L/GL/GLS (manual)": {
      "years": [
        2012,
        2013,
        2014,
        2015,
        2016
      ]
    },
    "ACCENT 4DR SEDAN L/GL (manual)": {
      "years": [
        2012,
        2013
      ]
    },
    "ACCENT 4DR SEDAN L/GL/GLS (auto)": {
      "years": [
        2012,
        2013
      ]
    },
    "ACCENT 4DR HATCHBACK GL/GLS (auto)": {
      "years": [
        2014
      ]
    },
    "ACCENT 4DR SEDAN GL/GLS (auto)": {
      "years": [
        2014
      ]
    },
    "ACCENT 4DR SEDAN L (manual)": {
      "years": [
        2014,
        2015,
        2016
      ]
    },
    "ACCENT 4DR HATCHBACK GL/SE/GLS (auto)": {
      "years": [
        2015
      ]
    },
    "ACCENT 4DR SEDAN GL/SE/GLS (auto)": {
      "years": [
        2015
      ]
    },
    "ACCENT 4DR HATCHBACK LE/GL/SE/GLS (auto)": {
      "years": [
        2016
      ]
    },
    "ACCENT 4DR SEDAN LE/GL/SE/GLS (auto)": {
      "years": [
        2016
      ]
    },
    "ACCENT 4DR HATCHBACK (auto)": {
      "years": [
        2017
      ]
    },
    "ACCENT 4DR HATCHBACK (manual)": {
      "years": [
        2017
      ]
    },
    "ACCENT 4DR SEDAN (auto)": {
      "years": [
        2017,
        2018,
        2019,
        2020
      ]
    },
    "ACCENT 4DR SEDAN (manual)": {
      "years": [
        2017,
        2018,
        2019,
        2020
      ]
    },
    "ACCENT 5DR HATCH": {
      "years": [
        2018,
        2019,
        2020
      ]
    }
  },
  "Azera": {
    "AZERA 4DR SEDAN FWD": {
      "years": [
        2006
      ]
    },
    "AZERA 4DR SEDAN FWD GLS/LIMITED": {
      "years": [
        2007,
        2008,
        2009
      ]
    }
  },
  "Elantra": {
    "ELANTRA GL/GLS 4DR SEDAN": {
      "years": [
        1992,
        1993
      ]
    },
    "ELANTRA 4DR SEDAN GL/GLS": {
      "years": [
        1994,
        1995,
        1996,
        1997
      ]
    },
    "ELANTRA 4DR WAGON GL/GLS": {
      "years": [
        1996,
        1997
      ]
    },
    "ELANTRA 4DR SEDAN GL": {
      "years": [
        1998,
        1999,
        2000
      ]
    },
    "ELANTRA 4DR SEDAN GLS": {
      "years": [
        1998,
        1999
      ]
    },
    "ELANTRA 4DR WAGON GL": {
      "years": [
        1998,
        1999,
        2000
      ]
    },
    "ELANTRA 4DR WAGON GLS": {
      "years": [
        1998,
        1999
      ]
    },
    "ELANTRA 4DR SEDAN VE": {
      "years": [
        2000
      ]
    },
    "ELANTRA 4DR WAGON VE": {
      "years": [
        2000
      ]
    },
    "ELANTRA 4DR SEDAN GL/VE": {
      "years": [
        2001,
        2002,
        2003
      ]
    },
    "ELANTRA 4DR SEDAN FWD /GL": {
      "years": [
        2004,
        2005,
        2006
      ]
    },
    "ELANTRA 4DR SEDAN FWD /VE": {
      "years": [
        2004,
        2005,
        2006
      ]
    },
    "ELANTRA 4DR HATCH FWD /GL/VE/GT": {
      "years": [
        2005,
        2006
      ]
    },
    "ELANTRA 4DR SEDAN FWD GL/COMFORT/COMFORT PLUS": {
      "years": [
        2007
      ]
    },
    "ELANTRA 4DR SEDAN FWD GLS/SE": {
      "years": [
        2008,
        2009
      ]
    },
    "ELANTRA 4DR SEDAN FWD L/GL/GLS/LIMITED": {
      "years": [
        2010
      ]
    },
    "ELANTRA 4 DR SEDAN AUTO L/GL/GLS/LIMITED": {
      "years": [
        2011,
        2012,
        2013
      ]
    },
    "ELANTRA 4 DR SEDAN MANUAL L/GL/GLS": {
      "years": [
        2011,
        2012,
        2013
      ]
    },
    "ELANTRA COUPE 2DR GLS/SE": {
      "years": [
        2013,
        2014,
        2015
      ]
    },
    "ELANTRA 4DR SEDAN L/GL/GLS/LIMITED": {
      "years": [
        2014,
        2015
      ]
    },
    "ELANTRA 4DR SEDAN": {
      "years": [
        2016,
        2017,
        2018,
        2019,
        2020,
        2021,
        2022,
        2023,
        2024,
        2025
      ]
    },
    "ELANTRA HYBRID": {
      "years": [
        2022,
        2023,
        2024,
        2025
      ]
    }
  },
  "Elantra GT": {
    "ELANTRA GT": {
      "years": [
        2003,
        2004
      ]
    },
    "ELANTRA GT 5DR GL/GLS/SE": {
      "years": [
        2013,
        2014,
        2015
      ]
    },
    "ELANTRA GT 5DR HATCHBACK": {
      "years": [
        2016,
        2017,
        2019,
        2020
      ]
    },
    "ELANTRA GT 1.6T 5DR HATCHBACK": {
      "years": [
        2018
      ]
    },
    "ELANTRA GT 2.0L 5DR HATCHBACK": {
      "years": [
        2018
      ]
    }
  },
  "Elantra N": {
    "ELANTRA N-LINE 4DR SEDAN": {
      "years": [
        2021,
        2022,
        2023,
        2024,
        2025
      ]
    }
  },
  "Elantra Touring": {
    "ELANTRA TOURING 5DR HATCH FWD": {
      "years": [
        2009
      ]
    },
    "ELANTRA TOURING 5DR HATCH FWD GL/GLS": {
      "years": [
        2010,
        2011,
        2012
      ]
    },
    "ELANTRA TOURING 5DR HATCH FWD L": {
      "years": [
        2010,
        2011
      ]
    }
  },
  "Entourage": {
    "ENTOURAGE 4DR VAN FWD GL/COMFORT/GLS/GLS PREM": {
      "years": [
        2007
      ]
    },
    "ENTOURAGE 4DR VAN FWD L/GL/GLS/LIMITED": {
      "years": [
        2008,
        2009
      ]
    }
  },
  "Equus": {
    "EQUUS 4 DR SEDAN SIGNATURE/ULTIMATE": {
      "years": [
        2011,
        2012,
        2013,
        2014
      ]
    },
    "EQUUS 4DR SEDAN SIGNATURE/ULTIMATE": {
      "years": [
        2015,
        2016
      ]
    }
  },
  "Excel": {
    "EXCEL GL/GLS": {
      "years": [
        1986
      ]
    },
    "EXCEL GL/GLS 4 DR HATCHBACK": {
      "years": [
        1987
      ]
    },
    "EXCEL GL/GLS 4 DR SEDAN": {
      "years": [
        1987,
        1988
      ]
    },
    "EXCEL L/GL 2 DR HATCHBACK": {
      "years": [
        1987,
        1988
      ]
    },
    "EXCEL L/GL/GLS 4 DR HATCHBACK": {
      "years": [
        1988
      ]
    },
    "EXCEL CX/CXL 4 DR SEDAN": {
      "years": [
        1989
      ]
    },
    "EXCEL CX/CXL 4DR HATCHBACK": {
      "years": [
        1989,
        1990,
        1991
      ]
    },
    "EXCEL L/CX 2 DR HATCHBACK": {
      "years": [
        1989
      ]
    },
    "EXCEL BASIC/L/CX 2DR HATCHBACK": {
      "years": [
        1990
      ]
    },
    "EXCEL CX/CXL 4DR SEDAN": {
      "years": [
        1990,
        1991,
        1992,
        1993
      ]
    },
    "EXCEL BASE/L/CX 2DR HATCHBACK": {
      "years": [
        1991
      ]
    },
    "EXCEL L/CX/CXL 2DR HATCHBACK": {
      "years": [
        1992,
        1993
      ]
    },
    "EXCEL 2DR HATCHBACK CX/CXL": {
      "years": [
        1994
      ]
    },
    "EXCEL 4DR SEDAN CX/CXL": {
      "years": [
        1994
      ]
    }
  },
  "Genesis": {
    "GENESIS 2DR COUPE RWD 2.0T/3.8": {
      "years": [
        2009
      ]
    },
    "GENESIS 4DR SEDAN RWD 3.8/4.6": {
      "years": [
        2009
      ]
    },
    "GENESIS 2DR COUPE RWD 2.0T": {
      "years": [
        2010
      ]
    },
    "GENESIS 2DR COUPE RWD 3.8": {
      "years": [
        2010
      ]
    },
    "GENESIS 4DR SEDAN RWD 3.8": {
      "years": [
        2010
      ]
    },
    "GENESIS 4DR SEDAN RWD 4.6": {
      "years": [
        2010,
        2011,
        2012
      ]
    },
    "GENESIS 2DR COUPE RWD 2.0T/2.0T PREMIUM/2.0T": {
      "years": [
        2011,
        2012
      ]
    },
    "GENESIS 2DR COUPE RWD 3.8/3.8 GT": {
      "years": [
        2011,
        2012
      ]
    },
    "GENESIS 4DR SEDAN RWD 3.8/3.8 PREMIUM/3.8 TEC": {
      "years": [
        2011,
        2012,
        2013,
        2014
      ]
    },
    "GENESIS  2DR COUPE RWD 2.0T/2.0T PREMIUM/2.0T": {
      "years": [
        2013,
        2014
      ]
    },
    "GENESIS 2DR COUPE RWD 3.8 GT": {
      "years": [
        2013,
        2014,
        2015,
        2016
      ]
    },
    "GENESIS 4DR SEDAN RWD 5.0L R-SPEC": {
      "years": [
        2013,
        2014
      ]
    },
    "GENESIS 4DR SEDAN AWD 5.0 ULTIMATE": {
      "years": [
        2015,
        2016
      ]
    },
    "GENESIS 4DR SEDAN AWD 3.8 PREMIUM/3.8 LUX/3.8 TEC": {
      "years": [
        2015,
        2016
      ]
    }
  },
  "Genesis Coupe": {},
  "IONIQ 5 N": {},
  "Ioniq": {
    "IONIQ 4DR HATCH": {
      "years": [
        2017,
        2018
      ]
    },
    "IONIQ HYBRID ESSENTIAL 4DR HATCH": {
      "years": [
        2019,
        2020,
        2021,
        2022
      ]
    },
    "IONIQ HYBRID PREFERRED/LUXURY4DR HATCH": {
      "years": [
        2019,
        2020,
        2021,
        2022
      ]
    },
    "IONIQ ELECTRIC 4DR HATCH": {
      "years": [
        2021,
        2022
      ]
    }
  },
  "Ioniq 5": {
    "IONIQ 5 4DR HATCH RWD": {
      "years": [
        2022,
        2023,
        2024
      ]
    },
    "IONIQ 5 LONG RANGE 4DR HATCH AWD": {
      "years": [
        2022,
        2023,
        2024
      ]
    },
    "IONIQ 5 LONG RANGE 4DR HATCH RWD": {
      "years": [
        2022,
        2023,
        2024
      ]
    }
  },
  "Ioniq 6": {
    "IONIQ 6 4DR SEDAN": {
      "years": [
        2023,
        2024
      ]
    }
  },
  "Kona": {
    "KONA 1.6T AWD 4DR SUV": {
      "years": [
        2018
      ]
    },
    "KONA 2.0 AWD 4DR SUV": {
      "years": [
        2018,
        2019,
        2020,
        2021
      ]
    },
    "KONA 2.0 FWD 4DR SUV": {
      "years": [
        2018,
        2019,
        2020,
        2021
      ]
    },
    "KONA 1.6L AWD 4DR SUV": {
      "years": [
        2022,
        2023
      ]
    },
    "KONA 2.0L AWD 4DR SUV": {
      "years": [
        2022,
        2023
      ]
    },
    "KONA 2.0L FWD 4DR SUV": {
      "years": [
        2022,
        2023
      ]
    },
    "KONA 4DR SUV AWD": {
      "years": [
        2024,
        2025
      ]
    },
    "KONA 4DR SUV FWD": {
      "years": [
        2024,
        2025
      ]
    }
  },
  "Kona Electric": {
    "KONA ELECTRIC 4DR SUV": {
      "years": [
        2019,
        2020,
        2021,
        2022,
        2023,
        2024,
        2025
      ]
    }
  },
  "Kona N": {
    "KONA N-SERIES 4DR SUV": {
      "years": [
        2024,
        2025
      ]
    }
  },
  "Nexo": {
    "NEXO 4DR SUV": {
      "years": [
        2019,
        2020,
        2021,
        2022
      ]
    },
    "NEXOS": {
      "years": [
        2024,
        2025
      ]
    }
  },
  "Palisade": {
    "PALISADE 4DR SUV AWD": {
      "years": [
        2020,
        2021,
        2022,
        2023,
        2024
      ]
    },
    "PALISADE 4DR SUV FWD": {
      "years": [
        2020,
        2021,
        2022,
        2023,
        2024
      ]
    }
  },
  "Pony": {
    "PONY GL": {
      "years": [
        1986
      ]
    },
    "PONY GLS": {
      "years": [
        1986
      ]
    },
    "PONY L": {
      "years": [
        1986
      ]
    },
    "PONY CX 1.6 4 DR HATCHBACK": {
      "years": [
        1987
      ]
    },
    "PONY L 1.4 4 DR HATCHBACK": {
      "years": [
        1987
      ]
    }
  },
  "Santa Cruz": {
    "SANTA CRUZ 4DR PICKUP": {
      "years": [
        2022,
        2023,
        2024
      ]
    }
  },
  "Santa Fe": {
    "SANTA FE 4DR SUV GL/GLS": {
      "years": [
        2001,
        2002
      ]
    },
    "SANTA FE GL V6/GLS AWD 4DR SUV": {
      "years": [
        2003
      ]
    },
    "SANTA FE GL/GL V6 FWD 4DR SUV": {
      "years": [
        2003
      ]
    },
    "SANTA FE 4DR SUV AWD /GL AWD/GLS": {
      "years": [
        2004,
        2005,
        2006
      ]
    },
    "SANTA FE 4DR SUV AWD /GLS 3.5 AWD": {
      "years": [
        2004,
        2005,
        2006
      ]
    },
    "SANTA FE 4DR SUV FWD GL/GL V6": {
      "years": [
        2004,
        2005,
        2006
      ]
    },
    "SANTA FE 4DR SUV AWD 3.3 GLS": {
      "years": [
        2007
      ]
    },
    "SANTA FE 4DR SUV FWD 2.7 GL": {
      "years": [
        2007
      ]
    },
    "SANTA FE 4DR SUV FWD 3.3 GL": {
      "years": [
        2007
      ]
    },
    "SANTA FE 4DR SUV AWD LIMITED": {
      "years": [
        2008,
        2009
      ]
    },
    "SANTA FE 4DR SUV FWD GL": {
      "years": [
        2008,
        2009
      ]
    },
    "SANTA FE 4DR SUV FWD GLS": {
      "years": [
        2008,
        2009
      ]
    },
    "SANTA FE 4DR SUV AWD/LIMITED": {
      "years": [
        2010
      ]
    },
    "SANTA FE 4DR SUV FWD 2.4 GL": {
      "years": [
        2010
      ]
    },
    "SANTA FE 4DR SUV FWD 3.5 GL/3.5 GL SPORT": {
      "years": [
        2010,
        2012
      ]
    },
    "SANTA FE 4DR SUV AWD 2.4 GL PREMIUM": {
      "years": [
        2011,
        2012
      ]
    },
    "SANTA FE 4DR SUV AWD 3.5 GL/3.5 GL SPORT/3.5": {
      "years": [
        2011,
        2012
      ]
    },
    "SANTA FE 4DR SUV FWD 2.4 GL/GL PREMIUM": {
      "years": [
        2011,
        2012
      ]
    },
    "SANTA FE 4DR SUV FWD 3.5 GL/3.5 GL SPORT/3.5": {
      "years": [
        2011
      ]
    },
    "SANTA FE 4DR SUV 2.0L AWD": {
      "years": [
        2019,
        2020
      ]
    },
    "SANTA FE 4DR SUV AWD": {
      "years": [
        2019,
        2020,
        2021,
        2022,
        2024,
        2025
      ]
    },
    "SANTA FE 4DR SUV FWD": {
      "years": [
        2019,
        2020,
        2021,
        2022,
        2024,
        2025
      ]
    },
    "SANTA FE HEV 4DR SUV": {
      "years": [
        2022,
        2023
      ]
    },
    "SANTA FE PHEV 4DR SUV": {
      "years": [
        2022,
        2023
      ]
    },
    "SANTA FE 4DR SUV AWD PREFERRED": {
      "years": [
        2023
      ]
    },
    "SANTA FE 4DR SUV AWD URBAN / ULTIMATE": {
      "years": [
        2023
      ]
    }
  },
  "Santa Fe Sport": {
    "SANTA FE SPORT 2.4L LUXURY/2.0T PREMIUM/2.0T": {
      "years": [
        2013
      ]
    },
    "SANTA FE SPORT 2.4L/2.4L PREMIUM/2.0T PREMIUM": {
      "years": [
        2013
      ]
    },
    "SANTA FE SPORT AWD 2.4L PREMIUM/2.4L LUXURY/2": {
      "years": [
        2014
      ]
    },
    "SANTA FE SPORT FWD 2.4L/2.4L PREMIUM/2.0T": {
      "years": [
        2014,
        2015
      ]
    },
    "SANTA FE SPORT AWD 2.4L PREMIUM/2.4L LUXURY/2.0T PREMIUM/2.0T SE/2.0T LIMITED": {
      "years": [
        2015
      ]
    },
    "SANTA FE SPORT AWD 4DR SUV": {
      "years": [
        2016,
        2017,
        2018
      ]
    },
    "SANTA FE SPORT FWD 4DR SUV": {
      "years": [
        2016,
        2017,
        2018
      ]
    }
  },
  "Santa Fe XL": {
    "SANTA FE XL GLS/LIMITED AWD 4DR SUV": {
      "years": [
        2013
      ]
    },
    "SANTA FE XL GLS/LIMITED FWD 4DR SUV": {
      "years": [
        2013
      ]
    },
    "SANTA FE XL  FWD 4DR SUV": {
      "years": [
        2014
      ]
    },
    "SANTA FE XL PREMIUM/LUXURY/LIMITED AWD 4DR SU": {
      "years": [
        2014
      ]
    },
    "SANTA FE XL FWD 4DR SUV": {
      "years": [
        2015,
        2016,
        2017,
        2018,
        2019
      ]
    },
    "SANTA FE XL AWD 4DR SUV PREMIUM/LUXURY/LIMITED": {
      "years": [
        2015
      ]
    },
    "SANTA FE XL AWD 4DR SUV": {
      "years": [
        2016,
        2017,
        2018,
        2019
      ]
    }
  },
  "Scoupe": {
    "S COUPE GL/GLS 2DR": {
      "years": [
        1990
      ]
    },
    "S COUPE BASE/LS 2DR": {
      "years": [
        1991,
        1992,
        1993
      ]
    },
    "SCOUPE 2DR COUPE BASE/LS": {
      "years": [
        1994,
        1995
      ]
    },
    "SCOUPE 2DR COUPE LS TURBO": {
      "years": [
        1994
      ]
    }
  },
  "Sonata": {
    "SONATA": {
      "years": [
        1989
      ]
    },
    "SONATA GL/GLS 4DR SEDAN": {
      "years": [
        1990,
        1991,
        1992,
        1993
      ]
    },
    "SONATA 4DR SEDAN BASE/GL/GLS": {
      "years": [
        1995
      ]
    },
    "SONATA 4DR SEDAN V6 GL/GLS": {
      "years": [
        1995,
        1996,
        2000,
        2001
      ]
    },
    "SONATA 4DR SEDAN BASE/GL": {
      "years": [
        1996,
        1997,
        1998
      ]
    },
    "SONATA 4DR SEDAN V6 GLS": {
      "years": [
        1997,
        1998
      ]
    },
    "SONATA 4DR SEDAN GL": {
      "years": [
        1999,
        2000,
        2001,
        2002,
        2003,
        2004,
        2005,
        2006,
        2018
      ]
    },
    "SONATA 4DR SEDAN GLS V6": {
      "years": [
        1999
      ]
    },
    "SONATA 4DR SEDAN GL V6/GLX": {
      "years": [
        2002,
        2003,
        2004,
        2005
      ]
    },
    "SONATA 4DR SEDAN GL V6/GLS": {
      "years": [
        2006,
        2007
      ]
    },
    "SONATA 4DR SEDAN GL/GLS-I4": {
      "years": [
        2007
      ]
    },
    "SONATA 4DR SEDAN GL/GLS": {
      "years": [
        2008,
        2009
      ]
    },
    "SONATA 4DR SEDAN LIMITED": {
      "years": [
        2008,
        2009
      ]
    },
    "SONATA 4DR SEDAN GL/GLS/LIMITED": {
      "years": [
        2010,
        2011,
        2012
      ]
    },
    "SONATA 4DR SEDAN GLS V6/LIMITED V6": {
      "years": [
        2010
      ]
    },
    "SONATA 4DR SEDAN 2.0T/2.0T LIMITED": {
      "years": [
        2011,
        2012
      ]
    },
    "SONATA 4DR SEDAN HYBRID STANDARD/LIMITED": {
      "years": [
        2011,
        2012
      ]
    },
    "SONATA 4DR SEDAN 2.0T LIMITED": {
      "years": [
        2013,
        2014
      ]
    },
    "SONATA 4DR SEDAN GL/GLS/SE/LIMITED": {
      "years": [
        2013,
        2014
      ]
    },
    "SONATA 4DR SEDAN HYBRID /PREMIUM": {
      "years": [
        2013,
        2014
      ]
    },
    "SONATA 4DR SEDAN GL/GLS/LIMITED/SPORT": {
      "years": [
        2015
      ]
    },
    "SONATA 4DR SEDAN HYBRID /LIMITED": {
      "years": [
        2015
      ]
    },
    "SONATA 4DR SEDAN SPORT 2.0/2.0T ULTIMATE": {
      "years": [
        2015
      ]
    },
    "SONATA 4DR SEDAN 2.4": {
      "years": [
        2016,
        2017
      ]
    },
    "SONATA 4DR SEDAN HYBRID": {
      "years": [
        2016,
        2017,
        2018
      ]
    },
    "SONATA 4DR SEDAN PHEV": {
      "years": [
        2016,
        2017,
        2018,
        2019
      ]
    },
    "SONATA 4DR SEDAN SPORT 2.0T": {
      "years": [
        2016,
        2017
      ]
    },
    "SONATA 4DR SEDAN HYBRID LIMITED/ULTIMATE": {
      "years": [
        2018
      ]
    },
    "SONATA 4DR SEDAN SPORT/GLS/LIMITED": {
      "years": [
        2018
      ]
    },
    "SONATA 4DR SEDAN 2.0L": {
      "years": [
        2019
      ]
    },
    "SONATA 4DR SEDAN ESSENTIAL": {
      "years": [
        2019
      ]
    },
    "SONATA 4DR SEDAN HYBRID GL": {
      "years": [
        2019
      ]
    },
    "SONATA 4DR SEDAN HYBRID GLS/LIMITED": {
      "years": [
        2019
      ]
    },
    "SONATA 4DR SEDAN SPORT/PREFERRED/LUXURY": {
      "years": [
        2019
      ]
    },
    "SONATA 4DR SEDAN": {
      "years": [
        2020,
        2021,
        2022,
        2023
      ]
    },
    "SONATA HYBRID 4DR SEDAN": {
      "years": [
        2021,
        2022,
        2023
      ]
    },
    "SONATA N-LINE 4DR SEDAN": {
      "years": [
        2021,
        2022,
        2023
      ]
    },
    "SONATA 4DR SEDAN AWD": {
      "years": [
        2024,
        2025
      ]
    },
    "SONATA 4DR SEDAN FWD": {
      "years": [
        2024,
        2025
      ]
    },
    "SONATA 4DR SEDAN FWD N-LINE": {
      "years": [
        2024,
        2025
      ]
    }
  },
  "Stellar": {
    "STELLAR SL": {
      "years": [
        1986
      ]
    },
    "STELLAR CL/CXL 4 DR SEDAN": {
      "years": [
        1987
      ]
    }
  },
  "Tiburon": {
    "TIBURON 2DR HATCHBACK BASE/FX": {
      "years": [
        1997,
        1998,
        1999
      ]
    },
    "TIBURON 2DR HATCHBACK BASE/SE": {
      "years": [
        2000,
        2001,
        2002
      ]
    },
    "TIBURON / SE": {
      "years": [
        2003
      ]
    },
    "TIBURON 2DR HATCH FWD GT/TUSCANI": {
      "years": [
        2003
      ]
    },
    "TIBURON 2DR HATCH FWD / SE": {
      "years": [
        2004,
        2005
      ]
    },
    "TIBURON 2DR HATCH FWD /TUSCANI": {
      "years": [
        2004,
        2005,
        2006
      ]
    },
    "TIBURON 2DR HATCH FWD": {
      "years": [
        2006
      ]
    },
    "TIBURON 2DR HATCH FWD SE": {
      "years": [
        2006
      ]
    },
    "TIBURON 2DR HATCH FWD GS": {
      "years": [
        2007,
        2008,
        2009
      ]
    },
    "TIBURON 2DR HATCH FWD GS SPORT": {
      "years": [
        2007
      ]
    },
    "TIBURON 2DR HATCH FWD GT/GT LIMITED": {
      "years": [
        2007
      ]
    },
    "TIBURON 2DR HATCH FWD GS SPORT/GT": {
      "years": [
        2008,
        2009
      ]
    },
    "TIBURON 2DR HATCH FWD GTP": {
      "years": [
        2008,
        2009
      ]
    }
  },
  "Tucson": {
    "TUCSON 4DR SUV AWD GLS": {
      "years": [
        2005,
        2006,
        2007
      ]
    },
    "TUCSON 4DR SUV FWD GL": {
      "years": [
        2005,
        2006,
        2007
      ]
    },
    "TUCSON 4DR SUV FWD GL V6/GLS": {
      "years": [
        2005,
        2006,
        2007
      ]
    },
    "TUCSON 4DR SUV GLS FWD": {
      "years": [
        2008,
        2009
      ]
    },
    "TUCSON 4DR SUV SE/LIMITED AWD": {
      "years": [
        2008,
        2009
      ]
    },
    "TUCSON 4DR SUV SE/LIMITED FWD": {
      "years": [
        2008,
        2009
      ]
    },
    "TUCSON 4DR SUV AWD GL/GLS/LIMITED": {
      "years": [
        2010
      ]
    },
    "TUCSON 4DR SUV FWD GL/GLS": {
      "years": [
        2010
      ]
    },
    "TUCSON 4DR SUV AWD GL": {
      "years": [
        2011,
        2012,
        2014,
        2015
      ]
    },
    "TUCSON 4DR SUV AWD GLS/LIMITED": {
      "years": [
        2011,
        2012,
        2013,
        2014,
        2015
      ]
    },
    "TUCSON 4DR SUV FWD GLS": {
      "years": [
        2011,
        2012,
        2013
      ]
    },
    "TUCSON 4DR SUV FWD L/GL": {
      "years": [
        2011,
        2012
      ]
    },
    "TUCSON 4DR SUV AWD GL/PREMIUM": {
      "years": [
        2013
      ]
    },
    "TUCSON 4DR SUV FWD L/GL/PTRMIUM": {
      "years": [
        2013
      ]
    },
    "TUCSON 4DR SUV FWD GL (manual)": {
      "years": [
        2014,
        2015
      ]
    },
    "TUCSON 4DR SUV FWD GLS (auto)": {
      "years": [
        2014
      ]
    },
    "TUCSON 4DR SUV FCEV": {
      "years": [
        2015,
        2016
      ]
    },
    "TUCSON 4DR SUV FWD GL/GLS (auto)": {
      "years": [
        2015
      ]
    },
    "TUCSON 4DR SUV AWD": {
      "years": [
        2016,
        2017,
        2018,
        2019,
        2020,
        2021,
        2022,
        2023,
        2024
      ]
    },
    "TUCSON 4DR SUV FWD": {
      "years": [
        2016,
        2017,
        2018,
        2019,
        2020,
        2021,
        2022,
        2023,
        2024
      ]
    },
    "TUCSON 4DR SUV AWD HEV": {
      "years": [
        2022,
        2023,
        2024
      ]
    },
    "TUCSON 4DR SUV AWD PHEV": {
      "years": [
        2022,
        2023,
        2024
      ]
    }
  },
  "Veloster": {
    "VELOSTER 3DR HATCHBACK /TECH PACKAGE (auto)": {
      "years": [
        2012
      ]
    },
    "VELOSTER 3DR HATCHBACK /TECH PACKAGE (manual)": {
      "years": [
        2012
      ]
    },
    "VELOSTER 3DR HATCHBACK /TECH PACKAGE": {
      "years": [
        2013,
        2014
      ]
    },
    "VELOSTER TURBO 3DR HATCHBACK": {
      "years": [
        2013,
        2014,
        2015,
        2016,
        2017
      ]
    },
    "VELOSTER 3DR HATCHBACK /SE/TECH": {
      "years": [
        2015
      ]
    },
    "VELOSTER 3DR HATCHBACK": {
      "years": [
        2016,
        2017
      ]
    },
    "VELOSTER 3DR COUPE": {
      "years": [
        2019,
        2020,
        2021,
        2022
      ]
    },
    "VELOSTER TURBO 3DR COUPE": {
      "years": [
        2019,
        2020,
        2021,
        2022
      ]
    }
  },
  "Veloster N": {
    "VELOSTER N 3DR COUPE": {
      "years": [
        2019,
        2020,
        2021,
        2022
      ]
    }
  },
  "Venue": {
    "VENUE 4DR SUV": {
      "years": [
        2020,
        2021,
        2022,
        2023,
        2024
      ]
    }
  },
  "Veracruz": {
    "VERACRUZ GLS/LIMITED": {
      "years": [
        2007
      ]
    },
    "VERACRUZ 4DR CUV AWD GLS/LIMITED": {
      "years": [
        2008,
        2009,
        2010
      ]
    },
    "VERACRUZ 4DR CUV FWD GL": {
      "years": [
        2010
      ]
    },
    "VERACRUZ 4DR CUV AWD GL PREMIUM/GLS/LIMITED": {
      "years": [
        2011,
        2012
      ]
    },
    "VERACRUZ 4DR CUV FWD GL/GL PREMIUM": {
      "years": [
        2011
      ]
    },
    "VERACRUZ 4DR CUV FWD GL/GLS": {
      "years": [
        2012
      ]
    }
  },
  "XG300": {
    "XG300 4DR SEDAN": {
      "years": [
        2001
      ]
    }
  },
  "XG350": {
    "XG350 4DR SEDAN FWD": {
      "years": [
        2002,
        2003,
        2004,
        2005
      ]
    }
  },
  "Xcient": {}
}