{
  "Amigo": {},
  "Ascender": {
    "ASCENDER S/LS/LIMITED 4DR SUV RWD": {
      "years": [
        2003
      ]
    }
  },
  "Axiom": {},
  "F6": {},
  "F7": {},
  "FRR": {},
  "FSR": {},
  "FTR/FVR": {},
  "FTR/FVR/EVR": {},
  "H-Series": {},
  "Hombre": {
    "HOMBRE P/U 2DR EXTENDED CAB S/BOX": {
      "years": [
        1997
      ]
    },
    "HOMBRE P/U 2DR REG CAB S/BOX": {
      "years": [
        1997,
        2000
      ]
    },
    "HOMBRE P/U 2DR SPACECAB S/BOX": {
      "years": [
        1998,
        1999,
        2000
      ]
    },
    "HOMBRE P/U 2DR STD CAB S/BOX": {
      "years": [
        1998,
        1999
      ]
    },
    "HOMBRE P/U 2DR SPACECAB S/BOX V6 4X4": {
      "years": [
        1999,
        2000
      ]
    }
  },
  "I-Mark": {},
  "IMPULSE": {
    "IMPULSE XS 2DR HATCHBACK": {
      "years": [
        1990
      ]
    },
    "IMPULSE XS/RS 2DR HATCHBACK": {
      "years": [
        1991
      ]
    }
  },
  "NPR": {},
  "NPR/NPR-HD": {},
  "NQR": {},
  "NQR/NRR": {},
  "NRR": {},
  "Oasis": {},
  "Pickup": {
    "PICKUP XS LONGBED 4X2": {
      "years": [
        1991,
        1992,
        1993
      ]
    },
    "PICKUP S SHORTBED 4X2": {
      "years": [
        1992,
        1993
      ]
    }
  },
  "Rodeo": {
    "RODEO S 4X2": {
      "years": [
        1991,
        1992
      ]
    },
    "RODEO S 4X4": {
      "years": [
        1991,
        1992,
        1993
      ]
    },
    "RODEO 4DR SUV S/LS 4X4": {
      "years": [
        1994,
        1995,
        1996,
        1997,
        1998
      ]
    },
    "RODEO 4DR SUV S/LS/LSE 4X4": {
      "years": [
        1999,
        2000,
        2001
      ]
    },
    "RODEO 4DR SUV S/SE/LS/LSE 4X4": {
      "years": [
        2002
      ]
    },
    "RODEO 4DR SUV SE 4X4": {
      "years": [
        2002
      ]
    },
    "RODEO LS/LSE 4DR SUV 4WD": {
      "years": [
        2003
      ]
    },
    "RODEO S/SE 4DR SUV 4WD": {
      "years": [
        2003
      ]
    }
  },
  "Rodeo/Amigo": {},
  "Stylus": {
    "STYLUS S/XS 4DR SEDAN": {
      "years": [
        1991
      ]
    }
  },
  "T6F": {},
  "T7F": {},
  "T8F": {},
  "Trooper": {
    "TROOPER LS 4x4": {
      "years": [
        1990,
        1991
      ]
    },
    "TROOPER XS 4x4": {
      "years": [
        1990,
        1991
      ]
    },
    "TROOPER 4DR SUV S/LS/LTD 4X4": {
      "years": [
        1998,
        1999,
        2000,
        2001,
        2002,
        2003,
        2004,
        2005
      ]
    }
  },
  "Trooper II": {
    "TROOPER II 4x4": {
      "years": [
        1992,
        1993
      ]
    },
    "TROOPER II 4DR SUV 4X4": {
      "years": [
        1994
      ]
    },
    "TROOPER II 4DR SUV S/LS/LTD 4X4": {
      "years": [
        1995,
        1996,
        1997
      ]
    }
  },
  "VehiCross": {},
  "i-280": {},
  "i-290": {},
  "i-350": {},
  "i-370": {}
}