{
  "E-PACE": {
    "E-PACE 4DR SUV": {
      "years": [
        2018,
        2019,
        2020
      ]
    },
    "E-PACE P250 4DR SUV": {
      "years": [
        2021,
        2022,
        2023,
        2024
      ]
    },
    "E-PACE P300 MHEV 4DR SUV": {
      "years": [
        2021,
        2022
      ]
    }
  },
  "F-PACE": {
    "F-PACE 2.0L DIESEL 4DR SUV": {
      "years": [
        2016,
        2017,
        2018,
        2019,
        2020,
        2021,
        2022
      ]
    },
    "F-PACE 3.0L V6 4DR SUV": {
      "years": [
        2016,
        2017,
        2018,
        2019,
        2020,
        2021,
        2022
      ]
    },
    "F-PACE 2.0L 4DR SUV": {
      "years": [
        2018,
        2019,
        2020,
        2021,
        2022
      ]
    },
    "F-PACE SVR V8 4DR SUV": {
      "years": [
        2019,
        2020,
        2021,
        2022,
        2023,
        2024
      ]
    },
    "F-PACE 4DR SUV": {
      "years": [
        2023,
        2024
      ]
    }
  },
  "F-TYPE": {
    "F-TYPE 2DR CONVERTIBLE": {
      "years": [
        2014
      ]
    },
    "F-TYPE 2DR COUPE": {
      "years": [
        2014
      ]
    },
    "F-TYPE /TYPE S 2DR CONVERTIBLE": {
      "years": [
        2015
      ]
    },
    "F-TYPE /TYPE S 2DR COUPE": {
      "years": [
        2015
      ]
    },
    "F-TYPE R 2DR COUPE": {
      "years": [
        2015
      ]
    },
    "F-TYPE V8 S 2DR CONVERTIBLE": {
      "years": [
        2015
      ]
    },
    "F-TYPE V6 AWD 2DR COUPE/CONVERTIBLE": {
      "years": [
        2016,
        2017,
        2018,
        2019,
        2020,
        2021
      ]
    },
    "F-TYPE V6 RWD 2DR COUPE/CONVERTIBLE": {
      "years": [
        2016,
        2017,
        2018,
        2019,
        2020,
        2021
      ]
    },
    "F-TYPE V8 AWD 2DR COUPE/CONVERTIBLE": {
      "years": [
        2016,
        2017,
        2018,
        2019,
        2020,
        2021
      ]
    },
    "F-TYPE 2.0L RWD 2DR COUPE/CONVERTIBLE": {
      "years": [
        2018,
        2019,
        2020,
        2021
      ]
    },
    "F-TYPE AWD 2DR COUPE/CONVERTIBLE": {
      "years": [
        2022,
        2023,
        2024
      ]
    },
    "F-TYPE RWD 2DR COUPE/CONVERTIBLE": {
      "years": [
        2022,
        2023,
        2024
      ]
    }
  },
  "I-PACE": {
    "I-PACE 4DR SUV": {
      "years": [
        2019,
        2020,
        2021,
        2022,
        2023,
        2024
      ]
    }
  },
  "S-Type": {
    "S-TYPE 4DR SEDAN 3.0 V6": {
      "years": [
        2000,
        2001,
        2002
      ]
    },
    "S-TYPE 4DR SEDAN 4.0 V8": {
      "years": [
        2000,
        2001,
        2002
      ]
    },
    "S-TYPE 4DR SEDAN RWD /3.0 V6": {
      "years": [
        2003,
        2004,
        2005,
        2006,
        2007,
        2008
      ]
    },
    "S-TYPE 4DR SEDAN RWD /4.2 V8": {
      "years": [
        2003,
        2004,
        2005,
        2006,
        2007,
        2008
      ]
    },
    "S-TYPE 4DR SEDAN RWD /R": {
      "years": [
        2003,
        2004,
        2005,
        2006,
        2007,
        2008
      ]
    }
  },
  "Vanden Plas": {
    "XJ12 VANDEN PLAS": {
      "years": [
        1983,
        1984,
        1985,
        1986
      ]
    },
    "XJ12 VANDEN PLAS 4 DR SEDAN": {
      "years": [
        1987
      ]
    },
    "VANDEN PLAS 4 DR SEDAN": {
      "years": [
        1988,
        1989,
        1990,
        1991,
        1992
      ]
    },
    "XJ6 VANDEN PLAS 4DR SEDAN": {
      "years": [
        1993
      ]
    },
    "XJ6 4DR SEDAN VANDEN PLAS": {
      "years": [
        1994,
        1995,
        1996,
        1997
      ]
    },
    "XJ8 4DR SEDAN VANDEN PLAS": {
      "years": [
        1998,
        1999,
        2000,
        2001,
        2002
      ]
    },
    "XJ8 4DR SEDAN VANDEN PLAS SUPERCHARGED": {
      "years": [
        2000,
        2001
      ]
    },
    "XJ8 4DR SEDAN VANDEN PLAS SUPERV8": {
      "years": [
        2002
      ]
    },
    "VANDEN PLAS 4DR SEDAN": {
      "years": [
        2003
      ]
    },
    "VANDEN PLAS SUPERV8 4DR SEDAN": {
      "years": [
        2003
      ]
    },
    "XJ8 4DR SEDAN RWD BASE/VANDEN PLAS": {
      "years": [
        2004
      ]
    },
    "XJ8 4DR SEDAN RWD VANDEN PLAS": {
      "years": [
        2005,
        2006
      ]
    },
    "XJ8 L 4DR SEDAN RWD VANDEN PLAS": {
      "years": [
        2007
      ]
    }
  },
  "X-Type": {
    "X-TYPE 4DR SEDAN AWD": {
      "years": [
        2002,
        2003
      ]
    },
    "X-TYPE 4DR SEDAN AWD /2.5": {
      "years": [
        2004,
        2005
      ]
    },
    "X-TYPE 4DR SEDAN AWD /3.0": {
      "years": [
        2004
      ]
    },
    "X-TYPE 4DR WAGON AWD /3.0": {
      "years": [
        2004,
        2005,
        2006
      ]
    },
    "X-TYPE 4DR SEDAN AWD /3.0/SPORT": {
      "years": [
        2005,
        2006
      ]
    },
    "X-TYPE 4DR SEDAN AWD 3.0": {
      "years": [
        2007
      ]
    },
    "X-TYPE 4DR WAGON AWD 3.0 SPORTWAGON": {
      "years": [
        2007
      ]
    },
    "X-TYPE 3.0 4DR SEDAN AWD": {
      "years": [
        2008
      ]
    },
    "X-TYPE SPORTWAGON 3.0 4DR WAGON AWD": {
      "years": [
        2008
      ]
    }
  },
  "XE": {
    "XE 2.0L DIESEL 4DR SEDAN": {
      "years": [
        2016,
        2017,
        2018
      ]
    },
    "XE 3.0L V6 4DR SEDAN": {
      "years": [
        2016,
        2017,
        2018
      ]
    },
    "XE 2.0L 4DR SEDAN": {
      "years": [
        2018
      ]
    },
    "XE SV PROJECT 8 4DR SEDAN": {
      "years": [
        2018
      ]
    },
    "XE 4DR SEDAN": {
      "years": [
        2019,
        2020,
        2021
      ]
    }
  },
  "XF": {
    "XF 4DR SEDAN RWD LUXURY/PREMIUM LUXURY": {
      "years": [
        2009,
        2010,
        2011
      ]
    },
    "XFR SUPERCHARGED 4DR SEDAN RWD": {
      "years": [
        2009,
        2010,
        2011,
        2012,
        2013,
        2014,
        2015
      ]
    },
    "XF 4DR SEDAN RWD": {
      "years": [
        2012
      ]
    },
    "XF 4DR SEDAN RWD PREMIUM": {
      "years": [
        2012
      ]
    },
    "XF AWD 4DR SEDAN": {
      "years": [
        2013
      ]
    },
    "XF 2.0 4DR SEDAN": {
      "years": [
        2014,
        2015
      ]
    },
    "XF 3.0 AWD 4DR SEDAN": {
      "years": [
        2014,
        2015
      ]
    },
    "XFR-S SUPERCHARGED 4DR SEDAN RWD": {
      "years": [
        2014,
        2015
      ]
    },
    "XF 4DR SEDAN": {
      "years": [
        2016,
        2017
      ]
    },
    "XF 2.0L 4DR SEDAN": {
      "years": [
        2018,
        2019,
        2020,
        2021
      ]
    },
    "XF 2.0L DIESEL 4DR SEDAN": {
      "years": [
        2018,
        2019,
        2020,
        2021
      ]
    },
    "XF 3.0L V6 4DR SEDAN": {
      "years": [
        2018,
        2019,
        2020,
        2021,
        2022,
        2023,
        2024
      ]
    }
  },
  "XJ": {
    "XJ VANDEN PLAS 4DR SEDAN RWD": {
      "years": [
        2008,
        2009
      ]
    },
    "XJ XJ8/XJR 4DR SEDAN RWD": {
      "years": [
        2008,
        2009
      ]
    },
    "XJ 4DR SEDAN RWD": {
      "years": [
        2010,
        2011,
        2012
      ]
    },
    "XJ 4DR SEDAN SUPERSPORT": {
      "years": [
        2010,
        2011
      ]
    },
    "XJ-L 4DR SEDAN RWD": {
      "years": [
        2010,
        2011,
        2012
      ]
    },
    "XJ-L 4DR SEDAN SUPERCHARGED": {
      "years": [
        2010,
        2011,
        2012
      ]
    },
    "XJ 4DR SEDAN SUPERCHARGED/SUPERSPORT": {
      "years": [
        2012,
        2013
      ]
    },
    "XJ AWD 4DR SEDAN": {
      "years": [
        2013,
        2014,
        2015
      ]
    },
    "XJ-L 4DR SEDAN SUPERCHARGED/SUPERSPORT": {
      "years": [
        2013
      ]
    },
    "XJ-L PORTFOLIO AWD 4DR SEDAN": {
      "years": [
        2013
      ]
    },
    "XJ 4DR SEDAN SUPERCHARGED": {
      "years": [
        2014
      ]
    },
    "XJL 4DR SEDAN SUPERCHARGED": {
      "years": [
        2014
      ]
    },
    "XJL AWD 4DR SEDAN": {
      "years": [
        2014
      ]
    },
    "XJL AWD 4DR SEDAN LWB": {
      "years": [
        2015
      ]
    },
    "XJL S/C 4DR SEDAN LWB RWD SUPERCHARGED": {
      "years": [
        2015
      ]
    },
    "XJ LWB 4DR SEDAN XJL/XJR": {
      "years": [
        2016,
        2017,
        2018
      ]
    },
    "XJL LWB 4DR SEDAN V6": {
      "years": [
        2019,
        2020
      ]
    },
    "XJL LWB 4DR SEDAN V8": {
      "years": [
        2019,
        2020
      ]
    }
  },
  "XJ12": {
    "XJ12 4DR SEDAN": {
      "years": [
        1994,
        1995,
        1996
      ]
    }
  },
  "XJ6": {
    "XJ6 SERIES III": {
      "years": [
        1981
      ]
    },
    "XJ6/SOVEREIGN": {
      "years": [
        1983,
        1984
      ]
    },
    "SOVEREIGN XJ-6": {
      "years": [
        1985
      ]
    },
    "XJ-6SERIES III/SOVEREIGN": {
      "years": [
        1986
      ]
    },
    "XJ6 SOVEREIGN 4 DR SEDAN": {
      "years": [
        1987
      ]
    },
    "XJ6/SOVEREIGN SERIES III 4 DR SEDAN": {
      "years": [
        1987
      ]
    },
    "XJ6/ SOVEREIGN 4 DR SEDAN": {
      "years": [
        1988,
        1989
      ]
    },
    "XJ-6 EXECUTIVE/BASE/SOVEREIGN 4DR SEDAN": {
      "years": [
        1990,
        1991
      ]
    },
    "XJ-6 EXECUTIVE/SOVEREIGN 4DR SEDAN": {
      "years": [
        1992
      ]
    },
    "XJ-6 SOVEREIGN 4DR SEDAN": {
      "years": [
        1993
      ]
    },
    "XJ6 4DR SEDAN": {
      "years": [
        1994,
        1995,
        1996,
        1997
      ]
    }
  },
  "XJ8": {
    "XJ8 4DR SEDAN": {
      "years": [
        1998,
        1999,
        2000,
        2001,
        2002,
        2003
      ]
    },
    "XJ8L 4DR SEDAN": {
      "years": [
        1999
      ]
    },
    "XJ8 4DR SEDAN RWD": {
      "years": [
        2005,
        2006,
        2007
      ]
    },
    "XJ8 4DR SEDAN RWD SUPER V8": {
      "years": [
        2005,
        2006
      ]
    },
    "XJ8 4DR SEDAN RWD XJR": {
      "years": [
        2005,
        2006
      ]
    },
    "XJ8 L 4DR SEDAN RWD SUPER V8": {
      "years": [
        2007
      ]
    }
  },
  "XJR": {
    "XJR 4DR SEDAN": {
      "years": [
        1995,
        1996,
        1997,
        1998,
        1999,
        2000,
        2001,
        2002,
        2003,
        2014,
        2015
      ]
    },
    "XJR 4DR SEDAN RWD": {
      "years": [
        2004,
        2006,
        2007
      ]
    },
    "XJR LWB 4DR SEDAN": {
      "years": [
        2014,
        2015
      ]
    }
  },
  "XJS": {
    "XJS": {
      "years": [
        1983,
        1984
      ]
    },
    "XJ-S": {
      "years": [
        1985,
        1986
      ]
    },
    "XJ-S 2 DR COUPE": {
      "years": [
        1987,
        1988,
        1989,
        1990,
        1991,
        1992
      ]
    },
    "XJ-SC CONVERTIBLE": {
      "years": [
        1987
      ]
    },
    "XJ-SC CABRIOLET": {
      "years": [
        1988
      ]
    },
    "XJ-S CONVERTIBLE": {
      "years": [
        1989,
        1990,
        1991,
        1992
      ]
    },
    "XJS 4.0L 2DR CONVERTIBLE": {
      "years": [
        1993
      ]
    },
    "XJS 4.0L 2DR COUPE": {
      "years": [
        1993
      ]
    },
    "XJS 2DR CONVERTIBLE 4.0L": {
      "years": [
        1994,
        1995,
        1996
      ]
    },
    "XJS 2DR CONVERTIBLE V12": {
      "years": [
        1994,
        1995
      ]
    },
    "XJS 2DR COUPE 4.0L": {
      "years": [
        1994,
        1995
      ]
    },
    "XJS 2DR COUPE V12": {
      "years": [
        1994,
        1995
      ]
    },
    "XJ SUPER V8 4DR SEDAN RWD": {
      "years": [
        2008,
        2009
      ]
    },
    "XJ S/C 4DR SEDAN RWD SUPERCHARGED": {
      "years": [
        2015
      ]
    },
    "XJ SWB 4DR SEDAN XJ/XJR": {
      "years": [
        2016,
        2017,
        2018
      ]
    },
    "XJ SWB 4DR SEDAN": {
      "years": [
        2019,
        2020
      ]
    }
  },
  "XK": {
    "XKR 2DR CONVERTIBLE": {
      "years": [
        2000,
        2001,
        2002,
        2003,
        2004,
        2005,
        2006
      ]
    },
    "XKR 2DR COUPE": {
      "years": [
        2000,
        2001,
        2002,
        2003,
        2004,
        2005,
        2006
      ]
    },
    "XK/XKR CONVERTIBLE": {
      "years": [
        2007
      ]
    },
    "XK/XKR COUPE": {
      "years": [
        2007
      ]
    },
    "XK /XKR CONVERTIBLE": {
      "years": [
        2008,
        2009
      ]
    },
    "XK /XKR COUPE": {
      "years": [
        2008,
        2009
      ]
    },
    "XK COUPE/CABRIO": {
      "years": [
        2010,
        2011
      ]
    },
    "XKR COUPE/CABRIO": {
      "years": [
        2010,
        2011
      ]
    },
    "XK CABRIO": {
      "years": [
        2012
      ]
    },
    "XK COUPE": {
      "years": [
        2012,
        2013,
        2014
      ]
    },
    "XKR CABRIO": {
      "years": [
        2012
      ]
    },
    "XKR COUPE/XKR-S COUPE": {
      "years": [
        2012,
        2013,
        2015
      ]
    },
    "XK CONVERTIBLE": {
      "years": [
        2013,
        2014
      ]
    },
    "XKR CONVERTIBLE/XKR-S CONVERTIBLE": {
      "years": [
        2013,
        2014,
        2015
      ]
    },
    "XKR COUPE/XKR-S COUPE/XKR-S GT COUPE": {
      "years": [
        2014
      ]
    }
  },
  "XK8": {
    "XK8 2DR CONVERTIBLE": {
      "years": [
        1997,
        1998,
        1999,
        2000,
        2001,
        2002,
        2003,
        2004,
        2005,
        2006
      ]
    },
    "XK8 2DR COUPE": {
      "years": [
        1997,
        1998,
        1999,
        2000,
        2001,
        2002
      ]
    },
    "XK8 2DR COUPE RWD": {
      "years": [
        2003,
        2004,
        2005,
        2006
      ]
    }
  }
}