{
  "CJ-5": {
    "CJ-5": {
      "years": [
        1981,
        1982
      ]
    }
  },
  "CJ-6": {},
  "CJ-7": {
    "CJ-7": {
      "years": [
        1981,
        1982,
        1985
      ]
    },
    "JEEP CJ-7": {
      "years": [
        1983,
        1984
      ]
    },
    "CJ-7 4X4": {
      "years": [
        1986
      ]
    }
  },
  "CJ-8 Scrambler": {},
  "Cherokee": {
    "CHEROKEE 2 DR": {
      "years": [
        1981,
        1982,
        1984,
        1985,
        1986,
        1988,
        1989
      ]
    },
    "CHEROKEE 2 DR WIDE WHEEL": {
      "years": [
        1981,
        1982
      ]
    },
    "CHEROKEE 4 DR": {
      "years": [
        1981,
        1982,
        1984,
        1985,
        1988
      ]
    },
    "CHEROKEE 4 DR 4X4": {
      "years": [
        1986,
        1988
      ]
    },
    "CHEROKEE 2DR 4X2": {
      "years": [
        1987
      ]
    },
    "CHEROKEE 2DR 4X4": {
      "years": [
        1987
      ]
    },
    "CHEROKEE 4DR 4X2": {
      "years": [
        1987
      ]
    },
    "CHEROKEE 4DR 4X4": {
      "years": [
        1987
      ]
    },
    "CHEROKEE 2 DR 4X4": {
      "years": [
        1988
      ]
    },
    "CHEROKEE 4 DR 4X4/PIONEER/LAREDO/LTD 4X4": {
      "years": [
        1989
      ]
    },
    "CHEROKEE 4 DR PIONEER/LAREDO 4X2": {
      "years": [
        1989
      ]
    },
    "CHEROKEE BASE/PIONEER/LAREDO/LIMITED 4X4": {
      "years": [
        1989
      ]
    },
    "CHEROKEE BASE 2DR/BASE 4DR/SPORT 2DR": {
      "years": [
        1990
      ]
    },
    "CHEROKEE BASE/PIONEER/LAREDO/LTD 4DR 4x4": {
      "years": [
        1990
      ]
    },
    "CHEROKEE BASE/SPORT/PIONEER": {
      "years": [
        1990
      ]
    },
    "CHEROKEE LAREDO/LIMITED 2DR 4x4": {
      "years": [
        1990
      ]
    },
    "CHEROKEE PIONEER 4DR/LAREDO 4DR 4x2": {
      "years": [
        1990
      ]
    },
    "CHEROKEE BASE/SPORT 2DR 4X2": {
      "years": [
        1991,
        1992,
        1993
      ]
    },
    "CHEROKEE LIMITED/BRIARWOOD 4DR 4x4": {
      "years": [
        1991,
        1992
      ]
    },
    "CHEROKEE BASE/LAREDO/SPORT 2DR 4X4": {
      "years": [
        1991
      ]
    },
    "CHEROKEE BASE/LAREDO/SPORT 4DR 4x2": {
      "years": [
        1991,
        1992,
        1993
      ]
    },
    "CHEROKEE BASE/LAREDO/SPORT 4DR 4x4": {
      "years": [
        1991,
        1992,
        1993
      ]
    },
    "CHEROKEE BASE/SPORT 2DR 4X4": {
      "years": [
        1992,
        1993
      ]
    },
    "CHEROKEE 2DR SE/SPORT/COUNTRY 4X2": {
      "years": [
        1994
      ]
    },
    "CHEROKEE 2DR SE/SPORT/COUNTRY 4X4": {
      "years": [
        1994
      ]
    },
    "CHEROKEE 4DR SE/SPORT/COUNTRY 4x2": {
      "years": [
        1994
      ]
    },
    "CHEROKEE 4DR SE/SPORT/COUNTRY 4x4": {
      "years": [
        1994
      ]
    },
    "CHEROKEE 2DR/2WD SE/SPORT/COUNTRY": {
      "years": [
        1995,
        1996
      ]
    },
    "CHEROKEE 2DR/4WD SE/SPORT/COUNTRY": {
      "years": [
        1995,
        1996
      ]
    },
    "CHEROKEE 4DR/2WD SE/SPORT/COUNTRY": {
      "years": [
        1995,
        1996
      ]
    },
    "CHEROKEE 4DR/4WD SE/SPORT/COUNTRY": {
      "years": [
        1995,
        1996
      ]
    },
    "CHEROKEE 2DR/2WD 2.5L SE": {
      "years": [
        1997,
        1998,
        1999
      ]
    },
    "CHEROKEE 2DR/2WD 4.0L SE/SPORT/COUNTRY": {
      "years": [
        1997
      ]
    },
    "CHEROKEE 2DR/4WD 2.5L SE": {
      "years": [
        1997,
        1998,
        1999
      ]
    },
    "CHEROKEE 2DR/4WD 4.0L SE/SPORT/COUNTRY": {
      "years": [
        1997
      ]
    },
    "CHEROKEE 4DR/2WD 2.5L SE": {
      "years": [
        1997,
        1998,
        1999
      ]
    },
    "CHEROKEE 4DR/2WD 4.0L SE/SPORT/COUNTRY": {
      "years": [
        1997
      ]
    },
    "CHEROKEE 4DR/4WD 2.5L SE": {
      "years": [
        1997,
        1998,
        1999
      ]
    },
    "CHEROKEE 4DR/4WD 4.0L SE/SPORT/COUNTRY": {
      "years": [
        1997
      ]
    },
    "CHEROKEE 2DR/2WD 4.0L SE/SPORT/CLASSIC/LTD": {
      "years": [
        1998
      ]
    },
    "CHEROKEE 2DR/4WD 4.0L SE/SPORT/CLASSIC/LTD": {
      "years": [
        1998
      ]
    },
    "CHEROKEE 4DR/2WD 4.0L SE/SPORT/CLASSIC/LTD": {
      "years": [
        1998
      ]
    },
    "CHEROKEE 4DR/4WD 4.0L SE/SPORT/CLASSIC/LTD": {
      "years": [
        1998
      ]
    },
    "CHEROKEE 2DR/2WD 4.0L SPORT": {
      "years": [
        1999
      ]
    },
    "CHEROKEE 2DR/4WD 4.0L SPORT": {
      "years": [
        1999,
        2000,
        2001
      ]
    },
    "CHEROKEE 4DR/2WD 4.0L SPORT/CLASSIC/LTD": {
      "years": [
        1999
      ]
    },
    "CHEROKEE 4DR/4WD 4.0L SPORT/CLASSIC/LTD": {
      "years": [
        1999,
        2000
      ]
    },
    "CHEROKEE 4DR/4WD 4.0L SPORT/LTD": {
      "years": [
        2001
      ]
    },
    "CHEROKEE SPORT/NORTH/LIMITED FWD": {
      "years": [
        2014,
        2015
      ]
    },
    "CHEROKEE SPORT/NORTH/TRAILHAWK/LIMITED AWD": {
      "years": [
        2014,
        2015
      ]
    },
    "CHEROKEE 4DR SUV AWD": {
      "years": [
        2016,
        2017,
        2018
      ]
    },
    "CHEROKEE 4DR SUV FWD": {
      "years": [
        2016,
        2017,
        2018
      ]
    },
    "CHEROKEE 4DR SUV 2WD I4": {
      "years": [
        2019,
        2020,
        2021,
        2022,
        2023,
        2024
      ]
    },
    "CHEROKEE 4DR SUV 2WD V6": {
      "years": [
        2019,
        2020,
        2021,
        2022,
        2023,
        2024
      ]
    },
    "CHEROKEE 4DR SUV 4WD I4": {
      "years": [
        2019,
        2020,
        2021,
        2022,
        2023,
        2024
      ]
    },
    "CHEROKEE 4DR SUV 4WD V6": {
      "years": [
        2019,
        2020,
        2021,
        2022,
        2023,
        2024
      ]
    }
  },
  "Comanche": {
    "COMANCHE 4X2": {
      "years": [
        1986
      ]
    },
    "COMANCHE 4X4": {
      "years": [
        1986
      ]
    },
    "COMANCHE PICK UP 4X2": {
      "years": [
        1987
      ]
    },
    "COMANCHE PICK-UP 4X4": {
      "years": [
        1987
      ]
    },
    "COMANCHE PICK UP 2WD LONG BED": {
      "years": [
        1988
      ]
    },
    "COMANCHE PICK-UP 2WD SHORT BED": {
      "years": [
        1988
      ]
    },
    "COMANCHE PICK-UP 4WD LONG BED": {
      "years": [
        1988,
        1989
      ]
    },
    "COMANCHE PICK-UP 4WD SHORT BED": {
      "years": [
        1988,
        1989
      ]
    }
  },
  "Commander": {
    "COMMANDER 4DR SUV 4WD": {
      "years": [
        2006
      ]
    },
    "COMMANDER 4DR SUV 4WD LIMITED": {
      "years": [
        2006,
        2007,
        2008,
        2009,
        2010
      ]
    },
    "COMMANDER 4DR SUV 4WD SPORT": {
      "years": [
        2007,
        2008,
        2009,
        2010
      ]
    }
  },
  "Compass": {
    "COMPASS 4DR SUV FWD SPORT/NORTH/LIMITED": {
      "years": [
        2007,
        2008,
        2009,
        2010,
        2011,
        2012,
        2013,
        2014
      ]
    },
    "COMPASS 4DR SUV AWD SPORT/NORTH/LIMITED": {
      "years": [
        2010,
        2011,
        2012,
        2013,
        2014,
        2015
      ]
    },
    "COMPASS 4DR SUV FWD SPORT/NORTH/HIGH ALTITUDE/LIMITED": {
      "years": [
        2015
      ]
    },
    "COMPASS 4DR SUV AWD": {
      "years": [
        2016,
        2017,
        2018,
        2019,
        2020,
        2021,
        2022,
        2023,
        2024
      ]
    },
    "COMPASS 4DR SUV FWD": {
      "years": [
        2016,
        2017,
        2018,
        2019,
        2020,
        2021,
        2022,
        2023,
        2024
      ]
    },
    "COMPASS 4DR SUV TRAILHAWK 4X4": {
      "years": [
        2018,
        2019,
        2020,
        2021,
        2022,
        2023,
        2024
      ]
    }
  },
  "Gladiator": {
    "GLADIATOR 4DR PICKUP OVERLAND": {
      "years": [
        2020,
        2021,
        2022,
        2023,
        2024
      ]
    },
    "GLADIATOR 4DR PICKUP RUBICON": {
      "years": [
        2020,
        2021,
        2022,
        2023,
        2024
      ]
    },
    "GLADIATOR 4DR PICKUP SPORT": {
      "years": [
        2020,
        2021,
        2022,
        2023,
        2024
      ]
    }
  },
  "Grand Cherokee": {
    "GRAND CHEROKEE 4DR SUV 4WD SE/LAREDO/LTD 4.OL": {
      "years": [
        1994
      ]
    },
    "GRAND CHEROKEE 4DR SUV SE/LAREDO 2WD": {
      "years": [
        1994
      ]
    },
    "GRAND CHEROKEE 4DR SUV SE/LAREDO/LTD 4WD 5.0L": {
      "years": [
        1994
      ]
    },
    "GRAND CHEROKEE 4DR/2WD SE/LAREDO": {
      "years": [
        1995,
        1996
      ]
    },
    "GRAND CHEROKEE 4DR/4WD SE/LAREDO/LTD/ORVIS 4L": {
      "years": [
        1995
      ]
    },
    "GRAND CHEROKEE 4DR/4WD SE/LAREDO/LTD/ORVIS 5L": {
      "years": [
        1995
      ]
    },
    "GRAND CHEROKEE 4DR/4WD SE/LAREDO/LTD 4.0L": {
      "years": [
        1996
      ]
    },
    "GRAND CHEROKEE 4DR/4WD SE/LAREDO/LTD 5.2L": {
      "years": [
        1996
      ]
    },
    "GRAND CHEROKEE 4DR/2WD 4.0L LAREDO/LTD": {
      "years": [
        1997
      ]
    },
    "GRAND CHEROKEE 4DR/4WD 4.0L LAREDO/LTD": {
      "years": [
        1997,
        2000,
        2001
      ]
    },
    "GRAND CHEROKEE 4DR/4WD 5.2L LAREDO/LTD/ORVIS": {
      "years": [
        1997
      ]
    },
    "GRAND CHEROKEE 4DR/2WD 4.0L LAREDO/TSi/LTD": {
      "years": [
        1998
      ]
    },
    "GRAND CHEROKEE 4DR/2WD 5.2L LAREDO/TSi/LTD": {
      "years": [
        1998
      ]
    },
    "GRAND CHEROKEE 4DR/4WD 4.0L LAREDO/TSi/LTD": {
      "years": [
        1998
      ]
    },
    "GRAND CHEROKEE 4DR/4WD 5.2L LAREDO/TSi/LTD": {
      "years": [
        1998
      ]
    },
    "GRAND CHEROKEE 4DR/AWD 5.9L LTD": {
      "years": [
        1998
      ]
    },
    "GRAND CHEROKEE 4DR/2WD 4.0L LAREDO": {
      "years": [
        1999
      ]
    },
    "GRAND CHEROKEE 4DR/4WD 4.0L LAREDO": {
      "years": [
        1999
      ]
    },
    "GRAND CHEROKEE 4DR/4WD 4.7L LTD": {
      "years": [
        1999
      ]
    },
    "GRAND CHEROKEE 4DR/4WD 4.7L LAREDO/LTD": {
      "years": [
        2000,
        2001
      ]
    },
    "GRAND CHEROKEE 4DR/4WD LAREDO": {
      "years": [
        2002,
        2003,
        2004
      ]
    },
    "GRAND CHEROKEE 4DR/4WD LTD": {
      "years": [
        2002,
        2003
      ]
    },
    "GRAND CHEROKEE 4DR/4WD OVERLAND": {
      "years": [
        2002,
        2003,
        2004
      ]
    },
    "GRAND CHEROKEE 4DR/4WD LIMITED": {
      "years": [
        2004
      ]
    },
    "GRAND CHEROKEE 4DR SUV 4WD LAREDO": {
      "years": [
        2005,
        2006,
        2007,
        2008,
        2009,
        2010
      ]
    },
    "GRAND CHEROKEE 4DR SUV 4WD LIMITED": {
      "years": [
        2005,
        2010
      ]
    },
    "GRAND CHEROKEE 4DR SUV 4WD LIMITED/OVERLAND": {
      "years": [
        2006,
        2007,
        2008,
        2009
      ]
    },
    "GRAND CHEROKEE 4DR SUV 4WD SRT8": {
      "years": [
        2006,
        2007,
        2008,
        2009,
        2010
      ]
    },
    "GRAND CHEROKEE 4 DR SUV LAREDO 4X2": {
      "years": [
        2011
      ]
    },
    "GRAND CHEROKEE 4 DR SUV LAREDO 4X4": {
      "years": [
        2011,
        2014
      ]
    },
    "GRAND CHEROKEE 4 DR SUV LIMITED 4X2/OVERLAND": {
      "years": [
        2011
      ]
    },
    "GRAND CHEROKEE 4 DR SUV LIMITED 4X4/OVERLAND": {
      "years": [
        2011,
        2012,
        2013
      ]
    },
    "GRAND CHEROKEE 4 DR SUV LAREDO E/ LAREDO X 4X": {
      "years": [
        2012,
        2013
      ]
    },
    "GRAND CHEROKEE SRT-8": {
      "years": [
        2012,
        2013
      ]
    },
    "GRAND CHEROKEE 4 DR SUV LIMITED 4X4": {
      "years": [
        2014
      ]
    },
    "GRAND CHEROKEE 4 DR SUV OVERLAND/SUMMIT 4X4": {
      "years": [
        2014
      ]
    },
    "GRAND CHEROKEE SRT 4 DR SUV": {
      "years": [
        2014
      ]
    },
    "GRAND CHEROKEE 4DR SUV LAREDO 4X4": {
      "years": [
        2015,
        2016,
        2017,
        2018,
        2019,
        2020,
        2021
      ]
    },
    "GRAND CHEROKEE 4DR SUV LIMITED 4X4": {
      "years": [
        2015,
        2016,
        2017,
        2018,
        2019,
        2020,
        2021
      ]
    },
    "GRAND CHEROKEE 4DR SUV OVERLAND/SUMMIT 4X4": {
      "years": [
        2015,
        2016,
        2017,
        2018,
        2019,
        2020,
        2021
      ]
    },
    "GRAND CHEROKEE SRT 4DR SUV": {
      "years": [
        2015,
        2016,
        2017,
        2018,
        2019,
        2020,
        2021,
        2022
      ]
    },
    "GRAND CHEROKEE OVERLAND/SUMMIT 4DR SUV 2WD": {
      "years": [
        2022,
        2023,
        2024
      ]
    },
    "GRAND CHEROKEE OVERLAND/SUMMIT/TRAILHAWK V6 4DR SUV 4WD": {
      "years": [
        2022
      ]
    },
    "GRAND CHEROKEE OVERLAND/SUMMIT/TRAILHAWK V8 4DR SUV 4WD": {
      "years": [
        2022
      ]
    },
    "GRAND CHEROKEE WK 4DR SUV": {
      "years": [
        2022
      ]
    },
    "GRAND CHEROKEE 4xe BASE 4DR SUV": {
      "years": [
        2023,
        2024
      ]
    },
    "GRAND CHEROKEE 4xe TRAILHAWK/OVERLAND/SUMMIT 4DR SUV": {
      "years": [
        2023,
        2024
      ]
    },
    "GRAND CHEROKEE OVERLAND/SUMMIT 4DR SUV 4WD": {
      "years": [
        2023,
        2024
      ]
    }
  },
  "Grand Cherokee L": {
    "GRAND CHEROKEE/LAREDO/LIMITED 4DR 4x4": {
      "years": [
        1993
      ]
    },
    "GRAND CHEROKEE L 4DR SUV AWD V6": {
      "years": [
        2021,
        2022
      ]
    },
    "GRAND CHEROKEE L 4DR SUV AWD V8": {
      "years": [
        2021,
        2022,
        2023,
        2024
      ]
    },
    "GRAND CHEROKEE L 4DR SUV RWD": {
      "years": [
        2021,
        2022
      ]
    },
    "GRAND CHEROKEE LAREDO/LIMITED 4DR SUV 2WD": {
      "years": [
        2022,
        2023,
        2024
      ]
    },
    "GRAND CHEROKEE LAREDO/LIMITED 4DR SUV 4WD": {
      "years": [
        2022,
        2023,
        2024
      ]
    },
    "GRAND CHEROKEE L LAREDO/LIMITED 4DR SUV AWD V6": {
      "years": [
        2023,
        2024
      ]
    },
    "GRAND CHEROKEE L LAREDO/LIMITED 4DR SUV RWD": {
      "years": [
        2023,
        2024
      ]
    },
    "GRAND CHEROKEE L OVERLAND/SUMMIT 4DR SUV AWD V6": {
      "years": [
        2023,
        2024
      ]
    },
    "GRAND CHEROKEE L OVERLAND/SUMMIT 4DR SUV RWD": {
      "years": [
        2023,
        2024
      ]
    }
  },
  "Grand Wagoneer": {
    "GRAND WAGONEER 4 DR": {
      "years": [
        1983,
        1984
      ]
    },
    "GRAND WAGONEER": {
      "years": [
        1985
      ]
    },
    "GRAND WAGONEER 4X4": {
      "years": [
        1986,
        1987
      ]
    },
    "GRAND WAGONEER 4X4 4DR": {
      "years": [
        1988,
        1989
      ]
    },
    "GRAND WAGONEER 4DR 4x4": {
      "years": [
        1990,
        1991,
        1993
      ]
    },
    "GRAND WAGONEER 4DR SUV 4WD": {
      "years": [
        1994,
        2022,
        2023,
        2024
      ]
    }
  },
  "Grand Wagoneer L": {
    "GRAND WAGONEER L 4DR SUV 4WD": {
      "years": [
        2023,
        2024
      ]
    }
  },
  "J-10": {
    "J-10 LONG WB": {
      "years": [
        1981,
        1982
      ]
    },
    "J-10 SHORT WB": {
      "years": [
        1981,
        1982
      ]
    },
    "J-10 SPORT SIDE": {
      "years": [
        1981
      ]
    },
    "J-10 SPORTSIDE": {
      "years": [
        1982
      ]
    },
    "J10 LONG BOX": {
      "years": [
        1983,
        1984
      ]
    },
    "J10 SHORT BOX": {
      "years": [
        1983,
        1984
      ]
    },
    "J-10 PICK-UP": {
      "years": [
        1985
      ]
    },
    "J-10 PICK-UP 4X4": {
      "years": [
        1986
      ]
    }
  },
  "J-20": {
    "J-20 LONG WB": {
      "years": [
        1981
      ]
    }
  },
  "Liberty": {
    "LIBERTY 4DR/RWD SPORT/LIMITED": {
      "years": [
        2002
      ]
    },
    "LIBERTY LIMITED/RENEGADE 4DR SUV 4WD": {
      "years": [
        2003,
        2004,
        2005
      ]
    },
    "LIBERTY SPORT 4DR SUV 4WD": {
      "years": [
        2003,
        2004,
        2005
      ]
    },
    "LIBERTY SPORT/LIMITED/RENEGADE 4DR SUV 4WD": {
      "years": [
        2006
      ]
    },
    "LIBERTY 4DR SUV 4WD SPORT/LIMITED": {
      "years": [
        2007
      ]
    },
    "LIBERTY 4DR SUV 4WD SPORT/NORTH EDITION/LIMIT": {
      "years": [
        2008,
        2009,
        2010,
        2011,
        2012
      ]
    }
  },
  "Patriot": {
    "PATRIOT 4DR SUV FWD SPORT/LIMITED": {
      "years": [
        2007
      ]
    },
    "PATRIOT 4DR SUV FWD SPORT/NORTH/LIMITED": {
      "years": [
        2008,
        2009,
        2010,
        2011,
        2012,
        2013,
        2014
      ]
    },
    "PATRIOT 4DR SUV AWD SPORT/NORTH/LIMITED": {
      "years": [
        2010,
        2011,
        2012,
        2013,
        2014,
        2015
      ]
    },
    "PATRIOT 4DR SUV FWD SPORT/NORTH/LIMITED/ HIGH ALTITUDE": {
      "years": [
        2015
      ]
    },
    "PATRIOT 4DR SUV AWD": {
      "years": [
        2016,
        2017
      ]
    },
    "PATRIOT 4DR SUV FWD": {
      "years": [
        2016,
        2017
      ]
    }
  },
  "Renegade": {
    "YJ RENEGADE": {
      "years": [
        1991,
        1992,
        1993
      ]
    },
    "YJ SE/SPORT/SAHARA/RENEGADE SOFTTOP 2DR SUV": {
      "years": [
        1994,
        1995
      ]
    },
    "RENEGADE SPORT/LATITUDE/LIMITED 4X4": {
      "years": [
        2015,
        2016,
        2017,
        2018,
        2019,
        2021
      ]
    },
    "RENEGADE SPORT/LATITUDE/LIMITED FWD": {
      "years": [
        2015,
        2016,
        2017,
        2018,
        2019,
        2021
      ]
    },
    "RENEGADE TRAILHAWK 4X4": {
      "years": [
        2015,
        2016,
        2017,
        2018,
        2019,
        2020,
        2021,
        2022,
        2023,
        2024
      ]
    },
    "RENEGADE 2.5L 4DR SUV 4WD": {
      "years": [
        2020,
        2022,
        2023,
        2024
      ]
    },
    "RENEGADE 2.5L 4WD SUV FWD": {
      "years": [
        2020,
        2022,
        2023,
        2024
      ]
    }
  },
  "Wagoneer": {
    "WAGONEER": {
      "years": [
        1981,
        1981,
        1982
      ]
    },
    "WAGONEER 4 DR": {
      "years": [
        1984,
        1985
      ]
    },
    "WAGONEER 4 DR 4X4": {
      "years": [
        1986
      ]
    },
    "WAGONEER 4X4 4 DR": {
      "years": [
        1987,
        1988
      ]
    },
    "WAGONEER 4X4 4 DR LIMITED": {
      "years": [
        1989
      ]
    },
    "WAGONEER 4DR SUV 2WD": {
      "years": [
        2022,
        2023,
        2024
      ]
    },
    "WAGONEER 4DR SUV 4WD": {
      "years": [
        2022,
        2023,
        2024
      ]
    }
  },
  "Wagoneer L": {
    "WAGONEER LIMITED 4DR 4x4": {
      "years": [
        1990
      ]
    },
    "WAGONEER L 4DR SUV 2WD": {
      "years": [
        2023,
        2024
      ]
    },
    "WAGONEER L 4DR SUV 4WD": {
      "years": [
        2023,
        2024
      ]
    }
  },
  "Wagoneer S": {},
  "Wrangler": {
    "WRANGLER 2DR SUV 4WD RUBICON": {
      "years": [
        2007,
        2010,
        2011,
        2012,
        2013,
        2014,
        2015,
        2016,
        2017
      ]
    },
    "WRANGLER 2DR SUV 4WD SAHARA": {
      "years": [
        2007,
        2010,
        2011,
        2012,
        2013,
        2014,
        2015,
        2016,
        2017
      ]
    },
    "WRANGLER 2DR SUV 4WD X": {
      "years": [
        2007
      ]
    },
    "WRANGLER UNLIMITED 4DR SUV 4WD SAHARA/RUBICON": {
      "years": [
        2007
      ]
    },
    "WRANGLER UNLIMITED 4DR SUV 4WD X": {
      "years": [
        2007
      ]
    },
    "WRANGLER 2DR SUV 4WD X/SAHARA/RUBICON": {
      "years": [
        2008,
        2009
      ]
    },
    "WRANGLER UNLIMITED X/SAHARA/RUBICON 4DR SUV 4": {
      "years": [
        2008,
        2009
      ]
    },
    "WRANGLER 2DR SUV 4WD SPORT": {
      "years": [
        2010,
        2011
      ]
    },
    "WRANGLER UNLIMITED 4DR SUV 4WD RUBICON": {
      "years": [
        2010,
        2011,
        2012,
        2013,
        2014,
        2015,
        2016,
        2017
      ]
    },
    "WRANGLER UNLIMITED 4DR SUV 4WD SAHARA": {
      "years": [
        2010,
        2011,
        2012,
        2013,
        2014,
        2015,
        2016,
        2017
      ]
    },
    "WRANGLER UNLIMITED 4DR SUV 4WD SPORT": {
      "years": [
        2010,
        2011,
        2012
      ]
    },
    "WRANGLER 2DR SUV 4WD SPORT/SPORT S": {
      "years": [
        2012,
        2013,
        2014,
        2015
      ]
    },
    "WRANGLER UNLIMITED 4DR SUV 4WD SPORT S": {
      "years": [
        2013,
        2014,
        2015
      ]
    },
    "WRANGLER 2DR SUV 4WD SPORT/WILLYS WHEELER": {
      "years": [
        2016,
        2017
      ]
    },
    "WRANGLER UNLIMITED 4DR SUV 4WD SPORT/WILLYS WHEELER": {
      "years": [
        2016,
        2017
      ]
    },
    "WRANGLER JL 3.6L RUBICON 2DR SUV": {
      "years": [
        2018,
        2019,
        2020,
        2021,
        2022,
        2023,
        2024
      ]
    },
    "WRANGLER JL 3.6L RUBICON 4DR SUV": {
      "years": [
        2018,
        2019,
        2020,
        2021,
        2022,
        2023,
        2024
      ]
    },
    "WRANGLER JL 3.6L SAHARA 4DR SUV": {
      "years": [
        2018,
        2019,
        2020,
        2021,
        2022,
        2023,
        2024
      ]
    },
    "WRANGLER JL 3.6L SPORT 2DR SUV": {
      "years": [
        2018,
        2019,
        2020,
        2021,
        2022,
        2023,
        2024
      ]
    },
    "WRANGLER JL 3.6L SPORT 4DR SUV": {
      "years": [
        2018,
        2019,
        2020,
        2021,
        2022,
        2023,
        2024
      ]
    },
    "WRANGLER JL 2.0L RUBICON 2DR SUV": {
      "years": [
        2019,
        2020,
        2021,
        2022,
        2023,
        2024
      ]
    },
    "WRANGLER JL 2.0L RUBICON 4DR SUV": {
      "years": [
        2019,
        2020,
        2021,
        2022,
        2023,
        2024
      ]
    },
    "WRANGLER JL 2.0L SAHARA 4DR SUV": {
      "years": [
        2019,
        2020,
        2021,
        2022,
        2023,
        2024
      ]
    },
    "WRANGLER JL 2.0L SPORT 2DR SUV": {
      "years": [
        2019,
        2020,
        2021,
        2022,
        2023,
        2024
      ]
    },
    "WRANGLER JL 2.0L SPORT 4DR SUV": {
      "years": [
        2019,
        2020,
        2021,
        2022,
        2023,
        2024
      ]
    },
    "WRANGLER 4xe / SAHARA 4xe 4DR SUV": {
      "years": [
        2021,
        2022,
        2023,
        2024
      ]
    },
    "WRANGLER Rubicon 4xe 4DR SUV": {
      "years": [
        2021,
        2022,
        2023,
        2024
      ]
    }
  },
  "Wrangler JK": {
    "WRANGLER JK 2DR SUV 4WD RUBICON": {
      "years": [
        2018
      ]
    },
    "WRANGLER JK 2DR SUV 4WD SAHARA": {
      "years": [
        2018
      ]
    },
    "WRANGLER JK 2DR SUV 4WD SPORT/WILLYS WHEELER": {
      "years": [
        2018
      ]
    },
    "WRANGLER JK UNLIMITED 4DR SUV 4WD RUBICON": {
      "years": [
        2018
      ]
    },
    "WRANGLER JK UNLIMITED 4DR SUV 4WD SAHARA": {
      "years": [
        2018
      ]
    },
    "WRANGLER JK UNLIMITED 4DR SUV 4WD SPORT/WILLYS WHEELER": {
      "years": [
        2018
      ]
    }
  }
}