{
  "Amanti": {
    "AMANTI 4DR SEDAN FWD": {
      "years": [
        2004,
        2005,
        2006,
        2008,
        2009
      ]
    },
    "AMANTI 4DR SEDAN FWD /BASE": {
      "years": [
        2007
      ]
    },
    "AMANTI 4DR SEDAN FWD /LUXURY": {
      "years": [
        2007
      ]
    }
  },
  "Borrego": {
    "BORREGO 4DR SUV 4WD LX-V6/LX-V8": {
      "years": [
        2009
      ]
    },
    "BORREGO 4DR SUV 4WD LX-V6": {
      "years": [
        2010
      ]
    },
    "BORREGO 4DR SUV 4WD LX-V8": {
      "years": [
        2010
      ]
    },
    "BORREGO 4DR SUV 4WD LX-V6/EX-V6 LUXURY": {
      "years": [
        2011
      ]
    },
    "BORREGO 4DR SUV 4WD LX-V8/EX-V8 LUXURY": {
      "years": [
        2011
      ]
    }
  },
  "Cadenza": {
    "CADENZA 4DR SEDAN": {
      "years": [
        2014
      ]
    },
    "CADENZA /PREMIUM 4DR SEDAN": {
      "years": [
        2015,
        2016
      ]
    },
    "CADENZA 4DR SEDAN BASE/PREMIUM": {
      "years": [
        2017,
        2018
      ]
    },
    "CADENZA 4DR SEDAN LIMITED": {
      "years": [
        2017,
        2018,
        2019,
        2020
      ]
    },
    "CADENZA 4DR SEDAN PREMIUM": {
      "years": [
        2019,
        2020
      ]
    }
  },
  "Carnival": {
    "CARNIVAL MINIVAN": {
      "years": [
        2022,
        2023,
        2024,
        2025
      ]
    }
  },
  "EV6": {
    "EV6 AWD 4DR HATCH": {
      "years": [
        2022,
        2023,
        2024
      ]
    },
    "EV6 RWD 4DR HATCH": {
      "years": [
        2022,
        2023,
        2024
      ]
    },
    "EV6 RWD LONG RANGE 4DR HATCH": {
      "years": [
        2022
      ]
    },
    "EV6 RWD LR 4DR HATCH": {
      "years": [
        2023,
        2024
      ]
    }
  },
  "EV9": {
    "EV9 4DR SUV AWD": {
      "years": [
        2024,
        2025
      ]
    },
    "EV9 4DR SUV RWD": {
      "years": [
        2024,
        2025
      ]
    }
  },
  "Forte": {
    "FORTE 4DR SEDAN LX/EX": {
      "years": [
        2010,
        2011,
        2012,
        2013
      ]
    },
    "FORTE 4DR SEDAN SX": {
      "years": [
        2010,
        2011
      ]
    },
    "FORTE5 4 DR HATCHBACK LX/EX": {
      "years": [
        2011,
        2012,
        2013
      ]
    },
    "FORTE5 4 DR HATCHBACK SX": {
      "years": [
        2011,
        2014
      ]
    },
    "FORTE 4DR SEDAN SX/SX LUXURY": {
      "years": [
        2012,
        2013
      ]
    },
    "FORTE5 4 DR HATCHBACK SX/SX LUXURY": {
      "years": [
        2012,
        2013
      ]
    },
    "FORTE 4DR SEDAN EX/SX": {
      "years": [
        2014
      ]
    },
    "FORTE 4DR SEDAN LX": {
      "years": [
        2014
      ]
    },
    "FORTE5 4 DR HATCHBACK EX": {
      "years": [
        2014
      ]
    },
    "FORTE EX/SX 4DR SEDAN": {
      "years": [
        2015
      ]
    },
    "FORTE LX 4DR SEDAN": {
      "years": [
        2015,
        2016,
        2017,
        2018
      ]
    },
    "FORTE5 LX/EX 4DR HATCHBACK": {
      "years": [
        2015
      ]
    },
    "FORTE5 SX/SX LUXURY 4DR HATCHBACK": {
      "years": [
        2015
      ]
    },
    "FORTE 4DR SEDAN": {
      "years": [
        2016,
        2017,
        2018,
        2019,
        2020,
        2021,
        2022,
        2023,
        2024
      ]
    },
    "FORTE5 LX/EX 5DR HATCHBACK": {
      "years": [
        2016,
        2017,
        2018
      ]
    },
    "FORTE5 SX/SX LUXURY 5DR HATCHBACK": {
      "years": [
        2016,
        2017,
        2018
      ]
    },
    "FORTE5 5DR HATCH": {
      "years": [
        2019
      ]
    },
    "FORTE GT 4DR SEDAN": {
      "years": [
        2020,
        2021,
        2022,
        2023,
        2024
      ]
    },
    "FORTE5 EX 5DR HATCH": {
      "years": [
        2020,
        2021,
        2022,
        2023,
        2024
      ]
    },
    "FORTE5 GT 5DR HATCH": {
      "years": [
        2020,
        2021,
        2022,
        2023,
        2024
      ]
    }
  },
  "Forte Koup": {
    "FORTE KOUP EX 2DR COUPE": {
      "years": [
        2010,
        2011,
        2012,
        2013
      ]
    },
    "FORTE KOUP SX 2DR COUPE": {
      "years": [
        2010,
        2011
      ]
    },
    "FORTE KOUP SX 2DR COUPE /SX LUXURY": {
      "years": [
        2012,
        2013
      ]
    },
    "FORTE KOUPE EX": {
      "years": [
        2014
      ]
    },
    "FORTE KOUPE SX": {
      "years": [
        2014
      ]
    },
    "FORTE KOUPE EX 2DR COUPE": {
      "years": [
        2015,
        2016,
        2017,
        2018
      ]
    },
    "FORTE KOUPE SX/SX LUXURY 2DR COUPE": {
      "years": [
        2015,
        2016,
        2017,
        2018
      ]
    }
  },
  "K4": {},
  "K5": {
    "K5 EX / GT-LINE 4DR SEDAN": {
      "years": [
        2021,
        2022,
        2023,
        2024
      ]
    },
    "K5 GT 4DR SEDAN": {
      "years": [
        2021,
        2022,
        2023,
        2024
      ]
    },
    "K5 LX 4DR SEDAN": {
      "years": [
        2021,
        2022,
        2023,
        2024
      ]
    }
  },
  "K900": {
    "K900 V6 4DR SEDAN": {
      "years": [
        2015,
        2016,
        2017,
        2018
      ]
    },
    "K900 V8 ELITE 4DR SEDAN": {
      "years": [
        2015,
        2016,
        2017,
        2018
      ]
    }
  },
  "Niro": {
    "NIRO": {
      "years": [
        2017
      ]
    },
    "NIRO 4DR SUV HYBRID": {
      "years": [
        2018,
        2019,
        2020,
        2021,
        2022
      ]
    },
    "NIRO PHEV 4DR SUV HYBRID": {
      "years": [
        2019,
        2020,
        2021,
        2022
      ]
    },
    "NIRO EV 4DR SUV": {
      "years": [
        2020,
        2021,
        2022
      ]
    },
    "NIRO EV": {
      "years": [
        2023,
        2024
      ]
    },
    "NIRO HYBRID": {
      "years": [
        2023,
        2024
      ]
    },
    "NIRO PHEV": {
      "years": [
        2023,
        2024
      ]
    }
  },
  "Optima": {
    "OPTIMA 4DR SEDAN HYBRID/HYBRID PREMIUM": {
      "years": [
        2012,
        2013,
        2014
      ]
    },
    "OPTIMA 4DR SEDAN LX/EX/EX LUXURY": {
      "years": [
        2012,
        2013
      ]
    },
    "OPTIMA 4DR SEDAN SX": {
      "years": [
        2012
      ]
    },
    "OPTIMA 4DR SEDAN EX TURBO/SX": {
      "years": [
        2013
      ]
    },
    "OPTIMA 4DR SEDAN LX/EX/SX": {
      "years": [
        2014
      ]
    },
    "OPTIMA 4DR SEDAN SX TURBO": {
      "years": [
        2014
      ]
    },
    "OPTIMA HYBRID LX/EX/EX PREMIUM 4DR SEDAN": {
      "years": [
        2015
      ]
    },
    "OPTIMA LX/EX/SX 4DR SEDAN": {
      "years": [
        2015
      ]
    },
    "OPTIMA SX TURBO 4DR SEDAN": {
      "years": [
        2015
      ]
    },
    "OPTIMA LX/LX+/EX/LX ECO TURBO 4DR SEDAN": {
      "years": [
        2016,
        2017,
        2018
      ]
    },
    "OPTIMA SX/SXL 4DR SEDAN": {
      "years": [
        2016,
        2017,
        2018,
        2019,
        2020
      ]
    },
    "OPTIMA HYBRID 4DR SEDAN": {
      "years": [
        2017,
        2018,
        2019,
        2020
      ]
    },
    "OPTIMA PHEV 4DR SEDAN": {
      "years": [
        2017,
        2018,
        2019,
        2020
      ]
    },
    "OPTIMA LX/LX+/EX/EX TECH 4DR SEDAN": {
      "years": [
        2019,
        2020
      ]
    }
  },
  "Rio": {
    "RIO 4DR SEDAN S/RS/LS": {
      "years": [
        2001,
        2002
      ]
    },
    "RIO RX-V/RX-V SPORT 4DR HATCH FWD": {
      "years": [
        2002
      ]
    },
    "RIO 4DR SEDAN S/RS/LS AT": {
      "years": [
        2003
      ]
    },
    "RIO RX-V/RX-V CONV 4DR HATCH FWD": {
      "years": [
        2003
      ]
    },
    "RIO 4DR HATCH FWD /RX-V/RX-V CONV": {
      "years": [
        2004,
        2005
      ]
    },
    "RIO 4DR SEDAN FWD /S/RS/LS": {
      "years": [
        2004,
        2005
      ]
    },
    "RIO 4DR SEDAN FWD": {
      "years": [
        2006
      ]
    },
    "RIO5 4DR HATCH FWD": {
      "years": [
        2006
      ]
    },
    "RIO 4DR SEDAN FWD EX/EX CONVENIENCE/EX PREMIU": {
      "years": [
        2007
      ]
    },
    "RIO5 4DR HATCH FWD EX/EX CONVENIENCE/EX SPORT": {
      "years": [
        2007,
        2008,
        2009,
        2010,
        2011
      ]
    },
    "RIO 4DR SEDAN FWD EX/EX CONVENIENCE": {
      "years": [
        2008,
        2009,
        2010,
        2011
      ]
    },
    "RIO 4DR SEDAN FWD LX/LX+/EX/EX LUXURY": {
      "years": [
        2012
      ]
    },
    "RIO 5DR HATCHBACK FWD LX/LX+/EX/EX LUXURY": {
      "years": [
        2012
      ]
    },
    "RIO 4DR SEDAN FWD LX/LX+/EX/SX": {
      "years": [
        2013
      ]
    },
    "RIO 5DR HATCHBACK FWD LX/LX+/EX/SX": {
      "years": [
        2013
      ]
    },
    "RIO 4DR SEDAN FWD LX/EX/SX": {
      "years": [
        2014,
        2015
      ]
    },
    "RIO 5DR HATCHBACK FWD LX/EX/SX": {
      "years": [
        2014,
        2015
      ]
    },
    "RIO 4DR SEDAN": {
      "years": [
        2016,
        2017,
        2018,
        2019,
        2020,
        2021,
        2022
      ]
    },
    "RIO 5DR HATCHBACK": {
      "years": [
        2016,
        2017
      ]
    },
    "RIO 5DR HATCH": {
      "years": [
        2018,
        2019,
        2020,
        2021,
        2022,
        2023,
        2024
      ]
    }
  },
  "Rondo": {
    "RONDO 4DR WAGON FWD EX-V6/EX-V6 LUXURY": {
      "years": [
        2007,
        2008,
        2009,
        2010,
        2011,
        2012,
        2013
      ]
    },
    "RONDO 4DR WAGON FWD LX/EX/EX PREMIUM": {
      "years": [
        2007,
        2008,
        2009,
        2010,
        2011,
        2012,
        2013
      ]
    },
    "RONDO LX - 5 PASSENGER": {
      "years": [
        2014,
        2015,
        2016,
        2017,
        2018
      ]
    },
    "RONDO LX/EX/EX LUXURY - 7 PASSENGER": {
      "years": [
        2014,
        2015,
        2016,
        2017,
        2018
      ]
    }
  },
  "Sedona": {
    "SEDONA EX 5DR VAN FWD": {
      "years": [
        2002,
        2003
      ]
    },
    "SEDONA LX 5DR VAN FWD": {
      "years": [
        2002,
        2003
      ]
    },
    "SEDONA 5DR VAN FWD /LX/LXE/EX/EX LUXURY": {
      "years": [
        2004,
        2005
      ]
    },
    "SEDONA 5DR VAN FWD EX": {
      "years": [
        2006,
        2007,
        2008,
        2009,
        2010
      ]
    },
    "SEDONA 5DR VAN FWD LX": {
      "years": [
        2006,
        2007,
        2008,
        2009,
        2010,
        2011,
        2012,
        2013
      ]
    },
    "SEDONA 5DR VAN FWD LX-CONVENIENCE/EX": {
      "years": [
        2011,
        2012,
        2013
      ]
    },
    "SEDONA 5DR VAN FWD LX/LX-CONVENIENCE/EX/EX CO": {
      "years": [
        2014
      ]
    },
    "SEDONA L/LX/SX 5DR VAN FWD": {
      "years": [
        2015,
        2016,
        2017,
        2018
      ]
    },
    "SEDONA SXL 5DR VAN FWD": {
      "years": [
        2015,
        2016,
        2017,
        2018,
        2019,
        2020,
        2021
      ]
    },
    "SEDONA L 5DR VAN FWD": {
      "years": [
        2019,
        2020,
        2021
      ]
    },
    "SEDONA LX/SX 5DR VAN FWD": {
      "years": [
        2019,
        2020,
        2021
      ]
    }
  },
  "Seltos": {
    "SELTOS AWD 4DR SUV": {
      "years": [
        2021,
        2022,
        2023,
        2024
      ]
    },
    "SELTOS AWD TURBO 4DR SUV": {
      "years": [
        2021,
        2022,
        2023,
        2024
      ]
    },
    "SELTOS FWD 4DR SUV": {
      "years": [
        2021,
        2022,
        2023,
        2024
      ]
    }
  },
  "Sephia": {
    "SEPHIA 4DR SEDAN BASE/LS": {
      "years": [
        2000
      ]
    },
    "SEPHIA 4DR SEDAN L/LS": {
      "years": [
        2001
      ]
    }
  },
  "Sephia II/Spectra": {},
  "Sorento": {
    "SORENTO EX/EX Luxury 4DR SUV 4WD": {
      "years": [
        2003
      ]
    },
    "SORENTO LX  4DR SUV 4WD": {
      "years": [
        2003
      ]
    },
    "SORENTO 4DR SUV 4WD /LX": {
      "years": [
        2004,
        2005,
        2006
      ]
    },
    "SORENTO 4DR SUV 4WD EX/EX LUXURY": {
      "years": [
        2004,
        2005,
        2006
      ]
    },
    "SORENTO 4DR SUV 4WD LX LUXURY": {
      "years": [
        2007
      ]
    },
    "SORENTO 4DR SUV 4WD LX/LX LUXURY": {
      "years": [
        2008,
        2009
      ]
    },
    "SORENTO LX/EX 4DR SUV AWD": {
      "years": [
        2011,
        2012,
        2013
      ]
    },
    "SORENTO LX/EX 4DR SUV FWD": {
      "years": [
        2011,
        2012
      ]
    },
    "SORENTO LX 4DR SUV FWD": {
      "years": [
        2013,
        2014,
        2015
      ]
    },
    "SORENTO LX-V6 4DR SUV FWD": {
      "years": [
        2013,
        2014,
        2015
      ]
    },
    "SORENTO LX-V6/EX-V6/EX-V6LUXURY/SX 4DR SUV AW": {
      "years": [
        2013,
        2014,
        2015
      ]
    },
    "SORENTO LX 4DR SUV AWD": {
      "years": [
        2014,
        2015
      ]
    },
    "SORENTO EX/LIMITED AWD": {
      "years": [
        2016,
        2017,
        2018
      ]
    },
    "SORENTO EX/LIMITED FWD": {
      "years": [
        2016,
        2017,
        2018
      ]
    },
    "SORENTO L/LX FWD": {
      "years": [
        2016,
        2017,
        2018
      ]
    },
    "SORENTO LX AWD": {
      "years": [
        2016,
        2017,
        2018
      ]
    },
    "SORENTO V6 AWD": {
      "years": [
        2016,
        2017,
        2018,
        2019,
        2020
      ]
    },
    "SORENTO V6 FWD": {
      "years": [
        2016,
        2017,
        2018
      ]
    },
    "SORENTO 2.4L AWD": {
      "years": [
        2019,
        2020
      ]
    },
    "SORENTO LX FWD": {
      "years": [
        2019
      ]
    },
    "SORENTO 2.5L SUV": {
      "years": [
        2021,
        2022,
        2023,
        2024
      ]
    },
    "SORENTO 2.5L TURBO SUV": {
      "years": [
        2021,
        2022,
        2023,
        2024
      ]
    },
    "SORENTO HYBRID SUV": {
      "years": [
        2022,
        2023,
        2024
      ]
    }
  },
  "Soul": {
    "SOUL 1.6L": {
      "years": [
        2010,
        2011,
        2012,
        2013
      ]
    },
    "SOUL 2.0L": {
      "years": [
        2010,
        2011
      ]
    },
    "SOUL 2.0L 2U/4U/4U RETRO/4U BURNER/4U LUXURY": {
      "years": [
        2012
      ]
    },
    "SOUL 2.0L 2U/4U/4U LUXURY": {
      "years": [
        2013
      ]
    },
    "SOUL EX/SX": {
      "years": [
        2014,
        2015,
        2016,
        2017,
        2018
      ]
    },
    "SOUL LX": {
      "years": [
        2014,
        2015,
        2016,
        2017,
        2018,
        2019
      ]
    },
    "SOUL EX": {
      "years": [
        2019
      ]
    },
    "SOUL SX": {
      "years": [
        2019
      ]
    },
    "SOUL 5DR HATCH": {
      "years": [
        2020,
        2021,
        2022,
        2023,
        2024
      ]
    }
  },
  "Soul EV": {
    "SOUL EV/EV LUXURY": {
      "years": [
        2015
      ]
    },
    "SOUL EV": {
      "years": [
        2016,
        2017,
        2018,
        2019
      ]
    },
    "SOUL EV LIMITED 5DR HATCH": {
      "years": [
        2020,
        2021,
        2022,
        2023,
        2024
      ]
    },
    "SOUL EV PREMIUM 5DR HATCH": {
      "years": [
        2020,
        2021,
        2022,
        2023,
        2024
      ]
    }
  },
  "Spectra": {
    "SPECTRA 4DR SEDAN FWD": {
      "years": [
        2002,
        2003,
        2004
      ]
    },
    "SPECTRA GSX 4DR HATCH FWD": {
      "years": [
        2002,
        2003,
        2004
      ]
    },
    "SPECTRA LS 4DR SEDAN FWD": {
      "years": [
        2002
      ]
    },
    "SPECTRA RS/LS 4DR SEDAN FWD": {
      "years": [
        2003,
        2004
      ]
    },
    "SPECTRA 4DR SEDAN FWD /LX": {
      "years": [
        2005,
        2006,
        2007
      ]
    },
    "SPECTRA5 5DR HATCH FWD": {
      "years": [
        2005,
        2006
      ]
    },
    "SPECTRA 4DR SEDAN FWD /LX CONV/EX": {
      "years": [
        2006
      ]
    },
    "SPECTRA 4DR SEDAN FWD /LX CONV/LX PREMIUM": {
      "years": [
        2007
      ]
    },
    "SPECTRA5 4DR HATCH FWD /LX/LX CONVENIENCE": {
      "years": [
        2007
      ]
    },
    "SPECTRA 4DR SEDAN FWD LX": {
      "years": [
        2008,
        2009
      ]
    },
    "SPECTRA 4DR SEDAN FWD LX CONV/LX PREMIUM": {
      "years": [
        2008,
        2009
      ]
    },
    "SPECTRA5 4DR HATCH FWD LX/LX CONV/SX": {
      "years": [
        2008,
        2009
      ]
    }
  },
  "Sportage": {
    "SPORTAGE 4DR AWD BASE/EX": {
      "years": [
        2000
      ]
    },
    "SPORTAGE 4DR 4WD X/EX": {
      "years": [
        2001,
        2002
      ]
    },
    "SPORTAGE 4DR SUV AWD EX-V6": {
      "years": [
        2005
      ]
    },
    "SPORTAGE 4DR SUV FWD LX/LX-V6": {
      "years": [
        2005
      ]
    },
    "SPORTAGE 4DR SUV AWD LX-V6 LUXURY": {
      "years": [
        2006,
        2007,
        2008,
        2009,
        2010
      ]
    },
    "SPORTAGE 4DR SUV FWD LX": {
      "years": [
        2006,
        2007,
        2008,
        2009,
        2010
      ]
    },
    "SPORTAGE 4DR SUV FWD LX-V6": {
      "years": [
        2006,
        2007,
        2008,
        2009,
        2010
      ]
    },
    "SPORTAGE 4 DR SUV LX/LX AWD/EX/ EX AWD/EX LUX": {
      "years": [
        2011,
        2012
      ]
    },
    "SPORTAGE 4 DR SUV SX": {
      "years": [
        2012,
        2013,
        2014
      ]
    },
    "SPORTAGE 4 DR SUV LX AWD/EX AWD/EX LUXURY": {
      "years": [
        2013,
        2014
      ]
    },
    "SPORTAGE 4 DR SUV LX/EX FWD": {
      "years": [
        2013,
        2014
      ]
    },
    "SPORTAGE 4DR SUV LX AWD/EX AWD/EX LUXURY": {
      "years": [
        2015,
        2016
      ]
    },
    "SPORTAGE 4DR SUV LX/EX FWD": {
      "years": [
        2015,
        2016
      ]
    },
    "SPORTAGE 4DR SUV SX": {
      "years": [
        2015,
        2016
      ]
    },
    "SPORTAGE AWD 4DR SUV": {
      "years": [
        2017,
        2018,
        2019,
        2020,
        2021,
        2022,
        2023,
        2024
      ]
    },
    "SPORTAGE AWD TURBO 4DR SUV": {
      "years": [
        2017,
        2018,
        2019,
        2020,
        2021,
        2022
      ]
    },
    "SPORTAGE FWD 4DR SUV": {
      "years": [
        2017,
        2018,
        2019,
        2020,
        2021,
        2022,
        2023,
        2024
      ]
    }
  },
  "Stinger": {
    "STINGER 4DR SEDAN": {
      "years": [
        2018
      ]
    },
    "STINGER 2.0L 4DR SEDAN": {
      "years": [
        2019
      ]
    },
    "STINGER V6 4DR SEDAN": {
      "years": [
        2019,
        2020,
        2021,
        2022,
        2023
      ]
    }
  },
  "Telluride": {
    "TELLURIDE 4DR SUV": {
      "years": [
        2020,
        2021,
        2022,
        2023,
        2024
      ]
    }
  }
}