{
  "147": {},
  "Aventador": {
    "AVENTADOR LP700-4": {
      "years": [
        2012,
        2013
      ]
    },
    "AVENTADOR LP700-4 COUPE": {
      "years": [
        2014,
        2015,
        2016
      ]
    },
    "AVENTADOR LP700-4 ROADSTER": {
      "years": [
        2014,
        2015,
        2016
      ]
    },
    "AVENTADOR COUPE": {
      "years": [
        2017,
        2018,
        2019,
        2020,
        2021,
        2022,
        2023
      ]
    },
    "AVENTADOR ROADSTER": {
      "years": [
        2017,
        2018,
        2019,
        2020,
        2021,
        2022,
        2023
      ]
    }
  },
  "Diablo": {
    "DIABLO COUPE": {
      "years": [
        1991,
        1992,
        1993,
        1994,
        1995
      ]
    },
    "DIABLO COUPE SE": {
      "years": [
        1996
      ]
    },
    "DIABLO COUPE VT AWD": {
      "years": [
        1996
      ]
    },
    "DIABLO VT 2DR COUPE AWD": {
      "years": [
        1997,
        1998
      ]
    },
    "DIABLO VT 2DR ROADSTER AWD": {
      "years": [
        1997,
        1998
      ]
    },
    "DIABLO VT 2DR COUPE SV/VT AWD": {
      "years": [
        1999,
        2000,
        2001
      ]
    },
    "DIABLO VT 2DR ROADSTER SV/VT AWD": {
      "years": [
        1999,
        2000,
        2001
      ]
    }
  },
  "Gallardo": {
    "GALLARDO 2DR COUPE AWD": {
      "years": [
        2004,
        2005,
        2006,
        2007,
        2008,
        2009,
        2010,
        2011,
        2012,
        2013,
        2014
      ]
    },
    "GALLARDO SPYDER 2DR CONV AWD": {
      "years": [
        2006,
        2007,
        2008,
        2009,
        2010,
        2011,
        2012,
        2013,
        2014
      ]
    },
    "GALLARDO SUPERLEGGERA 2DR COUPE AWD": {
      "years": [
        2008,
        2009,
        2010,
        2011,
        2012
      ]
    }
  },
  "Huracan": {
    "HURACAN LP 610-4 2DR COUPE AWD": {
      "years": [
        2015,
        2016
      ]
    },
    "HURACAN 2DR COUPE AWD": {
      "years": [
        2017,
        2018,
        2019,
        2020,
        2021,
        2022,
        2023,
        2024
      ]
    },
    "HURACAN 2DR COUPE RWD": {
      "years": [
        2017,
        2018,
        2019,
        2020,
        2021,
        2022,
        2023,
        2024
      ]
    },
    "HURACAN 2DR SPYDER AWD": {
      "years": [
        2017,
        2018,
        2019,
        2020,
        2021,
        2022,
        2023,
        2024
      ]
    },
    "HURACAN 2DR SPYDER RWD": {
      "years": [
        2017,
        2018,
        2019,
        2020,
        2021,
        2022,
        2023,
        2024
      ]
    }
  },
  "Murcielago": {
    "MURCIELAGO  2DR CIYOE AWD": {
      "years": [
        2002,
        2003
      ]
    },
    "MURCIELAGO  2DR COUPE AWD": {
      "years": [
        2004,
        2005,
        2006
      ]
    },
    "MURCIELAGO  2DR CONVERTIBLE AWD": {
      "years": [
        2005,
        2006
      ]
    },
    "MURCIELAGO LP640 2DR COUPE AWD": {
      "years": [
        2007,
        2008,
        2009
      ]
    },
    "MURCIELAGO LP640 ROADSTER 2DR CONVERTIBLE AWD": {
      "years": [
        2007,
        2008,
        2009
      ]
    },
    "MURCIELAGO LP650 2DR COUPE AWD": {
      "years": [
        2010,
        2011
      ]
    },
    "MURCIELAGO LP650 ROADSTER 2DR CONVERTIBLE AWD": {
      "years": [
        2010,
        2011
      ]
    },
    "MURCIELAGO LP670 SUPERVELOCE 2DR COUPE AWD": {
      "years": [
        2010,
        2011
      ]
    }
  },
  "Revuelto": {
    "REVUELTO COUPE": {
      "years": [
        2024,
        2025
      ]
    }
  },
  "Roadster": {},
  "URUS": {
    "URUS 4DR SUV": {
      "years": [
        2018,
        2019,
        2020,
        2021,
        2022,
        2023,
        2024
      ]
    }
  }
}