{
  "CT": {
    "CT200h 4 DR HATCHBACK": {
      "years": [
        2011
      ]
    },
    "CT200h 4 DR HATCHBACK/F-SPORT": {
      "years": [
        2012,
        2013,
        2014
      ]
    },
    "CT200h 4DR HATCHBACK/F-SPORT": {
      "years": [
        2015,
        2016,
        2017
      ]
    }
  },
  "ES": {
    "ES250 4DR SEDAN": {
      "years": [
        1990,
        1991
      ]
    },
    "ES 300 4DR SEDAN": {
      "years": [
        1992,
        1993,
        1994,
        1995,
        1996,
        1997,
        1998,
        1999,
        2000,
        2001,
        2002,
        2003
      ]
    },
    "ES 330 4DR SEDAN FWD": {
      "years": [
        2004,
        2005,
        2006
      ]
    },
    "ES 350 4DR SEDAN FWD": {
      "years": [
        2007,
        2008,
        2009,
        2010,
        2011,
        2012
      ]
    },
    "ES300h HYBRID 4DR SEDAN": {
      "years": [
        2013,
        2014,
        2015,
        2016,
        2017,
        2018,
        2019,
        2020,
        2021,
        2022,
        2023,
        2024
      ]
    },
    "ES350 4DR SEDAN": {
      "years": [
        2013,
        2014,
        2015,
        2016,
        2017,
        2018,
        2019,
        2020,
        2021,
        2022,
        2023,
        2024
      ]
    },
    "ES250 4DR SEDAN AWD": {
      "years": [
        2021,
        2022,
        2023,
        2024
      ]
    }
  },
  "GS": {
    "GS300 4DR SEDAN": {
      "years": [
        1993
      ]
    },
    "GS 300 4DR SEDAN": {
      "years": [
        1994,
        1995,
        1996,
        1997,
        1998,
        1999,
        2000,
        2001,
        2002,
        2003
      ]
    },
    "GS 400 4DR SEDAN": {
      "years": [
        1998,
        1999,
        2000
      ]
    },
    "GS 430 4DR SEDAN": {
      "years": [
        2001,
        2002,
        2003
      ]
    },
    "GS 300 4DR SEDAN RWD": {
      "years": [
        2004,
        2005,
        2006
      ]
    },
    "GS 430 4DR SEDAN RWD": {
      "years": [
        2004,
        2005,
        2006,
        2007
      ]
    },
    "GS 300 4DR SEDAN AWD": {
      "years": [
        2006
      ]
    },
    "GS 350 4DR SEDAN AWD": {
      "years": [
        2007,
        2010,
        2011,
        2012
      ]
    },
    "GS 350 4DR SEDAN RWD": {
      "years": [
        2007,
        2008,
        2009,
        2010,
        2013,
        2014
      ]
    },
    "GS 450h 4DR SEDAN RWD": {
      "years": [
        2007,
        2008,
        2009,
        2010,
        2011,
        2012
      ]
    },
    "GS 460 4DR SEDAN RWD": {
      "years": [
        2008,
        2009,
        2010
      ]
    },
    "GSH HYBRID 4DR SEDAN RWD": {
      "years": [
        2009
      ]
    },
    "GS 350 AWD 4DR SEDAN": {
      "years": [
        2013,
        2014,
        2015,
        2016,
        2017,
        2018,
        2019,
        2020
      ]
    },
    "GS 450h 4DR SEDAN HYBRID": {
      "years": [
        2013,
        2014,
        2015,
        2016,
        2017,
        2018
      ]
    },
    "GS F 4DR SEDAN": {
      "years": [
        2018,
        2019,
        2020,
        2021,
        2022
      ]
    }
  },
  "GX": {
    "GX 470 4DR SUV AWD": {
      "years": [
        2004,
        2005,
        2006,
        2007,
        2008,
        2009
      ]
    },
    "GX460 4DR SUV PREMIUM / ULTRA PREM": {
      "years": [
        2010,
        2011,
        2012
      ]
    },
    "GX460 4DR SUV EXECUTIVE/ULTRA PREMIUM": {
      "years": [
        2013
      ]
    },
    "GX 460 4DR SUV 4WD": {
      "years": [
        2014,
        2015,
        2016,
        2017,
        2018,
        2019,
        2020,
        2021,
        2022,
        2023,
        2024
      ]
    },
    "GX 550 4DR SUV": {
      "years": [
        2024,
        2025
      ]
    }
  },
  "HS": {
    "HS250h HYBRID 4DR SEDAN": {
      "years": [
        2010,
        2011
      ]
    }
  },
  "IS": {
    "IS 300 4DR SEDAN": {
      "years": [
        2001,
        2002,
        2003,
        2004,
        2005
      ]
    },
    "IS 300 SPORTCROSS 5DR WAGON RWD": {
      "years": [
        2002,
        2003,
        2004,
        2005
      ]
    },
    "IS 250 4DR SEDAN AWD": {
      "years": [
        2006,
        2007,
        2008,
        2009,
        2010,
        2011,
        2012,
        2013
      ]
    },
    "IS 250 4DR SEDAN RWD": {
      "years": [
        2006,
        2007,
        2008,
        2009,
        2010,
        2011,
        2012,
        2013
      ]
    },
    "IS 350 4DR SEDAN RWD": {
      "years": [
        2006,
        2007,
        2008,
        2009,
        2010,
        2011,
        2012,
        2013
      ]
    },
    "IS-F 4DR SEDAN RWD": {
      "years": [
        2008,
        2009,
        2010,
        2011,
        2012,
        2013,
        2014
      ]
    },
    "IS-C 250/350 2DR CONV RWD": {
      "years": [
        2010,
        2011,
        2012,
        2013,
        2014,
        2015
      ]
    },
    "IS 350 4DR SEDAN AWD": {
      "years": [
        2011,
        2012,
        2013
      ]
    },
    "IS 250/350 AWD SEDAN": {
      "years": [
        2014,
        2015
      ]
    },
    "IS 250/350 RWD SEDAN": {
      "years": [
        2014,
        2015
      ]
    },
    "IS 200t RWD SEDAN": {
      "years": [
        2016,
        2017
      ]
    },
    "IS 300/350 AWD SEDAN": {
      "years": [
        2016,
        2017,
        2018,
        2019,
        2020
      ]
    },
    "IS 300 RWD SEDAN": {
      "years": [
        2018,
        2019,
        2020
      ]
    },
    "IS 300 4DR SEDAN RWD": {
      "years": [
        2021,
        2022,
        2023,
        2024
      ]
    },
    "IS 300/350 4DR SEDAN AWD": {
      "years": [
        2021,
        2022,
        2023,
        2024
      ]
    },
    "IS 500 4DR SEDAN RWD": {
      "years": [
        2022,
        2023,
        2024
      ]
    }
  },
  "LC": {
    "LC 500 2DR COUPE": {
      "years": [
        2018,
        2019,
        2020,
        2021,
        2022,
        2023,
        2024
      ]
    },
    "LC 500h 2DR COUPE": {
      "years": [
        2018,
        2019,
        2020,
        2021,
        2022,
        2023,
        2024
      ]
    },
    "LC 500 2DR CONVERTIBLE": {
      "years": [
        2021,
        2022,
        2023,
        2024
      ]
    }
  },
  "LFA": {
    "LFA 2DR COUPE RWD": {
      "years": [
        2010,
        2011,
        2012
      ]
    }
  },
  "LS": {
    "LS400 4DR SEDAN": {
      "years": [
        1990,
        1991,
        1992,
        1993
      ]
    },
    "LS 400 4DR SEDAN": {
      "years": [
        1994,
        1995,
        1996,
        1997,
        1998,
        1999,
        2000
      ]
    },
    "LS 430 4DR SEDAN": {
      "years": [
        2001,
        2002,
        2003,
        2004,
        2005,
        2006
      ]
    },
    "LS 430 4DR SEDAN W/AIR SUSPENSION": {
      "years": [
        2001,
        2002
      ]
    },
    "LS 460 4DR SEDAN RWD": {
      "years": [
        2007,
        2008,
        2009,
        2010,
        2011,
        2012
      ]
    },
    "LS 460 L 4DR SEDAN RWD": {
      "years": [
        2007,
        2008,
        2009
      ]
    },
    "LS 600h L 4DR SEDAN AWD": {
      "years": [
        2007,
        2008,
        2009,
        2010,
        2011,
        2012
      ]
    },
    "LS 460 4DR SEDAN AWD": {
      "years": [
        2010,
        2011,
        2012
      ]
    },
    "LS 460 L 4DR SEDAN AWD": {
      "years": [
        2010,
        2011,
        2012
      ]
    },
    "LS460 4DR SEDAN": {
      "years": [
        2013,
        2014
      ]
    },
    "LS460 AWD 4DR SEDAN": {
      "years": [
        2013,
        2014,
        2015,
        2016,
        2017
      ]
    },
    "LS460L AWD 4DR SEDAN": {
      "years": [
        2013,
        2014,
        2015,
        2016,
        2017
      ]
    },
    "LS600h L HYBRID 4DR SEDAN": {
      "years": [
        2013,
        2014,
        2015,
        2016
      ]
    },
    "LS 500 4DR SEDAN": {
      "years": [
        2018,
        2019,
        2020,
        2021,
        2022,
        2023,
        2024
      ]
    },
    "LS 500H 4DR SEDAN": {
      "years": [
        2018,
        2019,
        2020,
        2021,
        2022,
        2023,
        2024
      ]
    }
  },
  "LX": {
    "LX450 SUV 4DR": {
      "years": [
        1996,
        1997
      ]
    },
    "LX 470 4DR SUV": {
      "years": [
        1998,
        1999,
        2000,
        2001,
        2002,
        2003,
        2004,
        2005,
        2006,
        2007
      ]
    },
    "LX 570 4DR SUV": {
      "years": [
        2008,
        2009,
        2010,
        2011,
        2012
      ]
    },
    "LX570 4DR SUV": {
      "years": [
        2013,
        2014,
        2015,
        2016,
        2017,
        2018,
        2019,
        2020,
        2021
      ]
    },
    "LX600 4DR SUV": {
      "years": [
        2022,
        2023,
        2024
      ]
    }
  },
  "NX": {
    "NX200t 4DR SUV AWD": {
      "years": [
        2015,
        2016,
        2017
      ]
    },
    "NX300h 4DR SUV AWD": {
      "years": [
        2015,
        2016,
        2017,
        2018,
        2019,
        2020,
        2021
      ]
    },
    "NX300 4DR SUV AWD": {
      "years": [
        2018,
        2019,
        2020,
        2021
      ]
    },
    "NX250/350 4DR SUV": {
      "years": [
        2022,
        2023,
        2024
      ]
    },
    "NX350h 4DR SUV": {
      "years": [
        2022,
        2023,
        2024
      ]
    },
    "NX450h 4DR SUV": {
      "years": [
        2022,
        2023,
        2024
      ]
    }
  },
  "RC": {
    "RC 350 2DR COUPE RWD": {
      "years": [
        2015
      ]
    },
    "RC 350 AWD 2DR COUPE": {
      "years": [
        2015
      ]
    },
    "RC F 2DR COUPE RWD": {
      "years": [
        2015,
        2016,
        2017,
        2018,
        2019,
        2020,
        2021,
        2022,
        2023,
        2024
      ]
    },
    "RC 300/350 AWD 2DR COUPE": {
      "years": [
        2016,
        2017,
        2018,
        2019,
        2020,
        2021,
        2022,
        2023,
        2024
      ]
    }
  },
  "RX": {
    "RX 300 4DR SUV": {
      "years": [
        1998,
        1999,
        2000,
        2001,
        2002,
        2003
      ]
    },
    "RX 330 4DR SUV AWD": {
      "years": [
        2004,
        2005,
        2006
      ]
    },
    "RX 400h 4DR SUV AWD": {
      "years": [
        2006,
        2007,
        2008,
        2009
      ]
    },
    "RX 350 4DR SUV AWD": {
      "years": [
        2007,
        2008,
        2009
      ]
    },
    "RX350 4DR SUV AWD": {
      "years": [
        2010,
        2011,
        2012,
        2013
      ]
    },
    "RX450h 4DR SUV AWD": {
      "years": [
        2010,
        2011,
        2012,
        2013,
        2014
      ]
    },
    "RX350 4DR SUV AWD /F SPORT": {
      "years": [
        2014
      ]
    },
    "RX350 4DR SUV AWD SPORTDESIGN/F SPORT": {
      "years": [
        2015
      ]
    },
    "RX450h 4DR SUV AWD SPORTDESIGN": {
      "years": [
        2015
      ]
    },
    "RX 350 4DR SUV": {
      "years": [
        2016,
        2017,
        2018,
        2019,
        2020,
        2021,
        2022,
        2023,
        2024
      ]
    },
    "RX 450H 4DR SUV": {
      "years": [
        2016,
        2017,
        2018,
        2019,
        2020,
        2021,
        2022
      ]
    },
    "RX 350L 4DR SUV": {
      "years": [
        2018,
        2019,
        2020,
        2021,
        2022
      ]
    },
    "RX 450HL 4DR SUV": {
      "years": [
        2019,
        2020,
        2021,
        2022
      ]
    },
    "RX 350h 4DR SUV": {
      "years": [
        2023,
        2024
      ]
    },
    "RX 500h 4DR SUV": {
      "years": [
        2023
      ]
    },
    "RX 450h / 500h 4DR SUV": {
      "years": [
        2024
      ]
    }
  },
  "RZ": {
    "RZ450e 4DR SUV": {
      "years": [
        2023,
        2024
      ]
    }
  },
  "SC": {
    "SC400 2DR COUPE": {
      "years": [
        1992,
        1993
      ]
    },
    "SC 400 2DR COUPE": {
      "years": [
        1994,
        1995,
        1996,
        1997
      ]
    },
    "SC 430 2DR CONVERTIBLE": {
      "years": [
        2002,
        2003,
        2004,
        2005,
        2006,
        2007,
        2008,
        2009,
        2010
      ]
    }
  },
  "TX": {
    "TX 350 4DR SUV": {
      "years": [
        2024,
        2025
      ]
    },
    "TX 500h 4DR SUV": {
      "years": [
        2024,
        2025
      ]
    }
  },
  "UX": {
    "UX 200 4DR SUV": {
      "years": [
        2019,
        2020,
        2021
      ]
    },
    "UX 250H 4DR SUV": {
      "years": [
        2019,
        2020,
        2021,
        2022,
        2023,
        2024
      ]
    }
  }
}