{
  "2-Eleven": {},
  "340R": {},
  "ELETRE": {
    "ELETRE 4DR HATCH": {
      "years": [
        2024,
        2025
      ]
    }
  },
  "Eagle": {},
  "Eclat": {
    "ECLAT": {
      "years": [
        1982
      ]
    }
  },
  "Elan": {
    "ELAN SE ROADSTER": {
      "years": [
        1990,
        1991,
        1992
      ]
    }
  },
  "Eleven": {
    "3-ELEVEN 2DR ROADSTER": {
      "years": [
        2018,
        2019
      ]
    }
  },
  "Elise": {
    "ELISE 2DR COUPE": {
      "years": [
        2006,
        2007
      ]
    },
    "ELISE 2DR COUPE RWD": {
      "years": [
        2008,
        2009,
        2010,
        2011
      ]
    },
    "ELISE 2DR ROADSTER": {
      "years": [
        2016
      ]
    }
  },
  "Elite": {
    "ELITE": {
      "years": [
        1981,
        1982
      ]
    }
  },
  "Emira": {
    "EMIRA 2DR COUPE": {
      "years": [
        2023,
        2024
      ]
    }
  },
  "Esprit": {
    "ESPRIT": {
      "years": [
        1981
      ]
    },
    "ESPRIT S3": {
      "years": [
        1982
      ]
    },
    "ESPRIT TURBO SE 2DR COUPE": {
      "years": [
        1990,
        1991,
        1992
      ]
    },
    "ESPRIT V8": {
      "years": [
        1997,
        1998,
        1999,
        2000,
        2001,
        2002,
        2003
      ]
    }
  },
  "Europa": {},
  "Evora": {
    "EVORA 2DR COUPE RWD": {
      "years": [
        2009,
        2010,
        2011
      ]
    },
    "EVORA 2DR COUPE RWD/IPS": {
      "years": [
        2012,
        2013,
        2014,
        2015
      ]
    },
    "EVORA S 2DR COUPE RWD": {
      "years": [
        2012,
        2013,
        2014,
        2015,
        2016
      ]
    },
    "EVORA 2DR COUPE": {
      "years": [
        2016,
        2017,
        2018,
        2019,
        2020,
        2021,
        2022
      ]
    }
  },
  "Exige": {
    "EXIGE S 2DR COUPE RWD": {
      "years": [
        2008,
        2009,
        2010,
        2011
      ]
    },
    "EXIGE 2DR ROADSTER": {
      "years": [
        2016
      ]
    }
  },
  "MEL": {},
  "Monaco": {},
  "Monza": {},
  "Spa": {},
  "Turbo Esprit": {
    "TURBO ESPRIT": {
      "years": [
        1982
      ]
    }
  }
}