{
  "228": {
    "228 Si 2DR COUPE": {
      "years": [
        1990
      ]
    }
  },
  "430": {},
  "Biturbo": {
    "BITURBO 430 4DR SEDAN": {
      "years": [
        1990
      ]
    }
  },
  "Coupe": {
    "MASERATI COUPE GT/Cambiocorsa 2D RWD": {
      "years": [
        2003
      ]
    },
    "COUPE GT/CAMBIOCORSA 2DR COUPE RWD": {
      "years": [
        2004
      ]
    },
    "COUPE GT 2DR COUPE RWD /CAMBIOCORSA/GRANSPORT": {
      "years": [
        2005
      ]
    },
    "COUPE 2DR COUPE RWD GT/GRANSPORT": {
      "years": [
        2006,
        2007,
        2008,
        2009
      ]
    }
  },
  "Ghibli": {
    "GHIBLI S Q4": {
      "years": [
        2014,
        2015,
        2016
      ]
    },
    "GHIBLI 4DR SEDAN": {
      "years": [
        2017,
        2018,
        2019,
        2020,
        2021,
        2022,
        2023,
        2024
      ]
    },
    "GHIBLI S Q4 4DR SEDAN": {
      "years": [
        2018,
        2019,
        2020,
        2021,
        2022,
        2023,
        2024
      ]
    }
  },
  "Grancabrio": {
    "GRANCABRIO 2DR CONV RWD": {
      "years": [
        2010,
        2011
      ]
    },
    "GRANCABRIO 2DR CONV RWD /SPORT": {
      "years": [
        2012,
        2013
      ]
    }
  },
  "Granturismo": {
    "GRANTURISMO 2DR COUPE RWD": {
      "years": [
        2008,
        2009,
        2010,
        2011,
        2019,
        2020
      ]
    },
    "GRANTURISMO 2DR COUPE RWD S/S AUTOMATIC/MC ST": {
      "years": [
        2012,
        2013,
        2014
      ]
    },
    "GRANTURISMO 2DR CONV RWD /SPORT/MC": {
      "years": [
        2014
      ]
    },
    "GRANTURISMO COVERTIBLE /SPORT/MC 2DR CONV RWD": {
      "years": [
        2015,
        2016,
        2017,
        2018
      ]
    },
    "GRANTURISMO SPORT/MC 2DR COUPE RWD": {
      "years": [
        2015,
        2016,
        2017,
        2018
      ]
    },
    "GRANTURISMO COVERTIBLE 2DR CONV RWD": {
      "years": [
        2019,
        2020,
        2021,
        2022,
        2023,
        2024
      ]
    }
  },
  "Grecale": {
    "GRECALE MHEV 4DR SUV": {
      "years": [
        2023,
        2024
      ]
    },
    "GRECALE TROFEO 4DR SUV": {
      "years": [
        2023,
        2024
      ]
    }
  },
  "Levante": {
    "LEVANTE 4DR SUV": {
      "years": [
        2017,
        2018
      ]
    },
    "LEVANTE V6 4DR SUV": {
      "years": [
        2019,
        2020,
        2021,
        2022,
        2023,
        2024
      ]
    },
    "LEVANTE V8 4DR SUV": {
      "years": [
        2019,
        2020,
        2021,
        2022,
        2023,
        2024
      ]
    }
  },
  "MC20": {
    "MC20 2DR COUPE": {
      "years": [
        2021,
        2022,
        2023,
        2024
      ]
    },
    "MC20 CIELO 2DR CONVERTIBLE": {
      "years": [
        2023,
        2024
      ]
    }
  },
  "Merak": {
    "MERAK SS": {
      "years": [
        1981
      ]
    }
  },
  "Quattroporte": {
    "QUATTROPORTE 4DR SEDAN RWD": {
      "years": [
        2004,
        2005,
        2006,
        2007
      ]
    },
    "QUATTROPORTE AUTOMATIC/EXECUTIVE GT/SPORT GT": {
      "years": [
        2008,
        2009,
        2010,
        2011,
        2012,
        2013
      ]
    },
    "QUATTROPORTE S/Q4/GTS": {
      "years": [
        2014
      ]
    },
    "QUATTROPORTE S Q4/GTS": {
      "years": [
        2015,
        2016
      ]
    },
    "QUATTROPORTE GTS 4DR SEDAN": {
      "years": [
        2017,
        2018,
        2019,
        2020,
        2021,
        2022,
        2023,
        2024
      ]
    },
    "QUATTROPORTE S Q4 4DR SEDAN": {
      "years": [
        2017,
        2018,
        2019,
        2020,
        2021,
        2022,
        2023,
        2024
      ]
    }
  },
  "Spyder": {
    "SPYDER i": {
      "years": [
        1990,
        1991
      ]
    },
    "MASERATI SPYDER CAMBIOCORSA 2DR CONV RWD": {
      "years": [
        2002,
        2003
      ]
    },
    "MASERATI SPYDER GT 2DR CONVERTIBLE RWD": {
      "years": [
        2002,
        2003
      ]
    },
    "SPYDER GT/CAMBIOCORSA 2DR CONV RWD": {
      "years": [
        2004,
        2005
      ]
    },
    "GRANSPORT SPYDER 2DR CONV RWD": {
      "years": [
        2006,
        2007
      ]
    }
  },
  "TC": {}
}