{
  "57": {
    "MAYBACH 57 4DR SEDAN RWD": {
      "years": [
        2003,
        2004,
        2005,
        2006,
        2007,
        2008,
        2009,
        2010,
        2011,
        2012
      ]
    },
    "MAYBACH 57S 4DR SEDAN RWD": {
      "years": [
        2006,
        2007,
        2008,
        2009,
        2010,
        2011,
        2012
      ]
    }
  },
  "62": {
    "MAYBACH 62 4DR SEDAN RWD": {
      "years": [
        2003,
        2004,
        2005,
        2006,
        2007,
        2008,
        2009,
        2010,
        2011,
        2012
      ]
    },
    "MAYBACH 62 S 4DR SEDAN RWD": {
      "years": [
        2007,
        2008,
        2009,
        2010,
        2011,
        2012
      ]
    }
  }
}