{
  "323": {
    "323 DELUXE SEDAN": {
      "years": [
        1986
      ]
    },
    "323 HATCHBACK BASE(2-DR)": {
      "years": [
        1986
      ]
    },
    "323 HATCHBACK DELUXE (2-DR)": {
      "years": [
        1986
      ]
    },
    "323 HATCHBACK DELUXE (4-DR)": {
      "years": [
        1986
      ]
    },
    "323 HATCHBACK GT (2-DR)": {
      "years": [
        1986
      ]
    },
    "323 HATCHBACK LUXURY (2-DR)": {
      "years": [
        1986
      ]
    },
    "323 LUXURY SEDAN": {
      "years": [
        1986
      ]
    },
    "323 2 DR HATCHBACK": {
      "years": [
        1987
      ]
    },
    "323 DELUXE 2 DR HATCHBACK": {
      "years": [
        1987
      ]
    },
    "323 DELUXE 4 DR HATCHBACK": {
      "years": [
        1987,
        1988,
        1989
      ]
    },
    "323 DELUXE 4 DR SEDAN": {
      "years": [
        1987
      ]
    },
    "323 DELUXE WAGON": {
      "years": [
        1987
      ]
    },
    "323 GT 2 DR HATCHBACK": {
      "years": [
        1987
      ]
    },
    "323 LUXURY 2 DR HATCHBACK": {
      "years": [
        1987
      ]
    },
    "323 LUXURY 4 DR SEDAN": {
      "years": [
        1987
      ]
    },
    "323 LUXURY WAGON": {
      "years": [
        1987
      ]
    },
    "323 BASE/LUXURY WAGON": {
      "years": [
        1988
      ]
    },
    "323 BASE/LUXURY/DELUXE 2 DR HATCHBACK": {
      "years": [
        1988,
        1989
      ]
    },
    "323 BASE/LUXURY/DELUXE/GT 4 DR SEDAN": {
      "years": [
        1988,
        1989
      ]
    },
    "323 GTX 2 DR HATCHBACK": {
      "years": [
        1988
      ]
    },
    "323 GTX/4WD TURBO 2 DR HATCHBACK": {
      "years": [
        1989
      ]
    },
    "323 WAGON": {
      "years": [
        1989
      ]
    },
    "323 PROTEGE BASE/LX/DX 4WD/GT 4DR SEDAN": {
      "years": [
        1990,
        1991
      ]
    },
    "323 STD/DX/LX 2DR HATCHBACK": {
      "years": [
        1990,
        1991
      ]
    },
    "323 DX/LX/SE 2DR HATCHBACK": {
      "years": [
        1992,
        1993
      ]
    },
    "323 PROTEGE LX/DX/SE 4DR SEDAN": {
      "years": [
        1992,
        1993
      ]
    },
    "323 2DR HATCHBACK BASE/SE/LX": {
      "years": [
        1994
      ]
    },
    "323 PROTEGE 4DR SEDAN DX/SE/LX": {
      "years": [
        1994
      ]
    },
    "323 2DR HATCHBACK GS": {
      "years": [
        1995
      ]
    },
    "323 2DR HATCHBACK LX": {
      "years": [
        1995
      ]
    },
    "323 2DR HATCHBACK S (OLD BODY STYLE)": {
      "years": [
        1995
      ]
    },
    "323 PROTEGE 4DR SEDAN LX/ES": {
      "years": [
        1995,
        1996
      ]
    },
    "323 PROTEGE 4DR SEDAN S (OLD BODY STYLE)": {
      "years": [
        1995,
        1996
      ]
    }
  },
  "626": {
    "626 2 DR": {
      "years": [
        1981
      ]
    },
    "626 4 DR": {
      "years": [
        1981
      ]
    },
    "626 CP": {
      "years": [
        1982
      ]
    },
    "626 SD": {
      "years": [
        1982
      ]
    },
    "626 CP DELUXE/LUXURY": {
      "years": [
        1983,
        1984
      ]
    },
    "626 LUXURY TOURING SD": {
      "years": [
        1983,
        1984
      ]
    },
    "626 SD DELUXE/LUXURY": {
      "years": [
        1983,
        1984
      ]
    },
    "626 DELUXE SPORT COUPE": {
      "years": [
        1985,
        1986
      ]
    },
    "626 DELUXE SPORT SEDAN": {
      "years": [
        1985,
        1986
      ]
    },
    "626 LUXURY TOURING SEDAN": {
      "years": [
        1985,
        1986
      ]
    },
    "626 TURBO TOURING SEDAN": {
      "years": [
        1986
      ]
    },
    "626 DELUXE 2 DR COUPE": {
      "years": [
        1987
      ]
    },
    "626 DELUXE 4 DR SEDAN": {
      "years": [
        1987
      ]
    },
    "626 LUXURY 2 DR COUPE": {
      "years": [
        1987
      ]
    },
    "626 LUXURY 4 DR HATCHBACK": {
      "years": [
        1987
      ]
    },
    "626 LUXURY 4 DR SEDAN": {
      "years": [
        1987
      ]
    },
    "626 TURBO 2 DR SEDAN": {
      "years": [
        1987
      ]
    },
    "626 TURBO 4 DR HATCHBACK": {
      "years": [
        1987
      ]
    },
    "626 TURBO 4 DR SEDAN": {
      "years": [
        1987
      ]
    },
    "626 LUXURY/DELUXE/TURBO/4WS 4 DR SEDAN": {
      "years": [
        1988
      ]
    },
    "626 LUXURY/TURBO TOURING 4 DR SEDAN": {
      "years": [
        1988,
        1989
      ]
    },
    "626 LUXURY/DELUXE/4 DR SEDAN": {
      "years": [
        1989
      ]
    },
    "626 DX/LX 4DR SEDAN": {
      "years": [
        1990
      ]
    },
    "626 LUXURY/TURBO TOURING 4DR SEDAN": {
      "years": [
        1990
      ]
    },
    "626 LX/GT TURBO TOURING 4DR SEDAN": {
      "years": [
        1991
      ]
    },
    "626 SE/LX 4DR SEDAN": {
      "years": [
        1991,
        1992
      ]
    },
    "626 CRONOS DX/LX/ES 4DR SEDAN": {
      "years": [
        1993
      ]
    },
    "626 CRONOS 4DR SEDAN DX/LX": {
      "years": [
        1994,
        1995,
        1996,
        1997,
        1998,
        1999
      ]
    },
    "626 CRONOS 4DR SEDAN LX/ES V6": {
      "years": [
        1994,
        1995,
        1996,
        1997,
        1998,
        1999
      ]
    },
    "626 4DR SEDAN LX": {
      "years": [
        2000,
        2001,
        2002
      ]
    },
    "626 4DR SEDAN LX/ES V6": {
      "years": [
        2000,
        2001,
        2002
      ]
    }
  },
  "929": {
    "929 SEDAN": {
      "years": [
        1988,
        1989
      ]
    },
    "929S 4DR SEDAN": {
      "years": [
        1990,
        1991
      ]
    },
    "929 SERENIA 4DR SEDAN": {
      "years": [
        1992,
        1993,
        1994
      ]
    }
  },
  "B-Series": {},
  "CX-3": {
    "CX-3 AWD": {
      "years": [
        2016
      ]
    },
    "CX-3 FWD": {
      "years": [
        2016
      ]
    },
    "CX-3 4DR SUV AWD": {
      "years": [
        2017,
        2018,
        2019,
        2020,
        2021,
        2022
      ]
    },
    "CX-3 4DR SUV FWD": {
      "years": [
        2017,
        2018,
        2019,
        2020,
        2021,
        2022
      ]
    }
  },
  "CX-30": {
    "CX30 4DR SUV AWD": {
      "years": [
        2020,
        2021,
        2022,
        2023,
        2024
      ]
    },
    "CX30 4DR SUV FWD": {
      "years": [
        2020,
        2021,
        2022,
        2023,
        2024
      ]
    }
  },
  "CX-5": {
    "CX-5 4DR SUV GS/GT AWD": {
      "years": [
        2013,
        2014
      ]
    },
    "CX-5 4DR SUV GS/GT FWD": {
      "years": [
        2013,
        2014
      ]
    },
    "CX-5 4DR SUV GX AWD": {
      "years": [
        2013,
        2014
      ]
    },
    "CX-5 4DR SUV GX FWD": {
      "years": [
        2013,
        2014
      ]
    },
    "CX-5 GS/GT 4DR SUV AWD": {
      "years": [
        2015,
        2016
      ]
    },
    "CX-5 GS/GT 4DR SUV FWD": {
      "years": [
        2015
      ]
    },
    "CX-5 GX 4DR SUV AWD": {
      "years": [
        2015,
        2016
      ]
    },
    "CX-5 GX 4DR SUV FWD": {
      "years": [
        2015,
        2016
      ]
    },
    "CX-5 GS 4DR SUV FWD": {
      "years": [
        2016
      ]
    },
    "CX-5 GS 4DR SUV FWD (2016.5)": {
      "years": [
        2017
      ]
    },
    "CX-5 GS/GT 4DR SUV AWD (2016.5)": {
      "years": [
        2017
      ]
    },
    "CX-5 GX 4DR SUV AWD (2016.5)": {
      "years": [
        2017
      ]
    },
    "CX-5 GX 4DR SUV FWD (2016.5)": {
      "years": [
        2017
      ]
    },
    "CX-5 2.0L FWD 4DR SUV (2017)": {
      "years": [
        2017
      ]
    },
    "CX-5 2.5L AWD 4DR SUV (2017)": {
      "years": [
        2017
      ]
    },
    "CX-5 2.5L FWD 4DR SUV (2017)": {
      "years": [
        2017
      ]
    },
    "CX-5 2.0L FWD 4DR SUV": {
      "years": [
        2018
      ]
    },
    "CX-5 2.5L AWD 4DR SUV": {
      "years": [
        2018
      ]
    },
    "CX-5 2.5L FWD 4DR SUV": {
      "years": [
        2018
      ]
    },
    "CX-5 AWD 4DR SUV": {
      "years": [
        2019,
        2020,
        2021,
        2022
      ]
    },
    "CX-5 FWD 4DR SUV": {
      "years": [
        2019,
        2020,
        2021,
        2022
      ]
    },
    "CX-5 4DR SUV": {
      "years": [
        2023,
        2024
      ]
    },
    "CX-5 TURBO 4DR SUV": {
      "years": [
        2023,
        2024
      ]
    }
  },
  "CX-50": {
    "CX50 4DR SUV": {
      "years": [
        2023,
        2024
      ]
    },
    "CX50 TURBO 4DR SUV": {
      "years": [
        2023,
        2024
      ]
    }
  },
  "CX-7": {
    "CX-7 4DR SUV FWD GS/GT": {
      "years": [
        2007,
        2008,
        2009
      ]
    },
    "CX-7 4DR SUV AWD GS/GT": {
      "years": [
        2010,
        2011,
        2012
      ]
    },
    "CX-7 4DR SUV FWD GX": {
      "years": [
        2010,
        2011,
        2012
      ]
    }
  },
  "CX-70": {},
  "CX-9": {
    "CX-9 4DR SUV FWD GS/GT": {
      "years": [
        2007,
        2008,
        2009
      ]
    },
    "CX-9 4DR SUV AWD GT": {
      "years": [
        2010,
        2011,
        2012,
        2013,
        2014
      ]
    },
    "CX-9 4DR SUV FWD GS": {
      "years": [
        2010,
        2011,
        2012,
        2013,
        2014
      ]
    },
    "CX-9 GS 4DR SUV FWD": {
      "years": [
        2015
      ]
    },
    "CX-9 GS/GT 4DR SUV AWD": {
      "years": [
        2015
      ]
    },
    "CX-9 4DR SUV AWD": {
      "years": [
        2016,
        2017,
        2018,
        2019,
        2020,
        2021,
        2022,
        2023
      ]
    },
    "CX-9 4DR SUV FWD": {
      "years": [
        2016,
        2017,
        2018,
        2019
      ]
    }
  },
  "CX-90": {
    "CX90 GS/GS-L/GT 4DR SUV": {
      "years": [
        2024,
        2025
      ]
    },
    "CX90 GT-P/SIGNATURE 4DR SUV": {
      "years": [
        2024,
        2025
      ]
    }
  },
  "GLC": {
    "GLC 2 DR": {
      "years": [
        1981,
        1982
      ]
    },
    "GLC 2 DR HB": {
      "years": [
        1981,
        1982
      ]
    },
    "GLC 4 DR": {
      "years": [
        1981,
        1982
      ]
    },
    "GLC 4 DR HB": {
      "years": [
        1981,
        1982
      ]
    },
    "GLC WAGON": {
      "years": [
        1981,
        1982
      ]
    },
    "GLC HB/DECOR 4 DR": {
      "years": [
        1983,
        1984
      ]
    },
    "GLC HB/DECOR/SPT 2 DR": {
      "years": [
        1983
      ]
    },
    "GLC SD/DECOR/LUXURY": {
      "years": [
        1983,
        1984
      ]
    },
    "GLC HB/DECOR/SPT. 2 DR": {
      "years": [
        1984
      ]
    },
    "GLC 2 DR HATCHBACK": {
      "years": [
        1985
      ]
    },
    "GLC DECOR 4 DR HATCHBACK": {
      "years": [
        1985
      ]
    },
    "GLC SEDAN DECOR": {
      "years": [
        1985
      ]
    }
  },
  "MPV": {
    "MPV/MPV LX": {
      "years": [
        1989
      ]
    },
    "MPV 4WD": {
      "years": [
        1990
      ]
    },
    "MPV/MPV LX 2WD": {
      "years": [
        1990
      ]
    },
    "MPV 4WD WAGON": {
      "years": [
        1991,
        1992,
        1993
      ]
    },
    "MPV/MPV LX 2WD WAGON": {
      "years": [
        1991,
        1992,
        1993
      ]
    },
    "MPV 3DR WAGON 2WD BASE/LX": {
      "years": [
        1994,
        1995
      ]
    },
    "MPV 3DR WAGON 2WD BASE/LX V6": {
      "years": [
        1994,
        1995
      ]
    },
    "MPV 3DR WAGON 4WD BASE/LX V6": {
      "years": [
        1994,
        1995
      ]
    },
    "MPV 4DR WAGON 2WD L/LX V6": {
      "years": [
        1996,
        1997,
        1998,
        1999
      ]
    },
    "MPV 4DR WAGON 4WD LX V6": {
      "years": [
        1996,
        1997,
        1998,
        1999
      ]
    },
    "MPV 4DR WAGON FWD DX/LX/ES": {
      "years": [
        2000,
        2001,
        2002,
        2003
      ]
    },
    "MPV 4DR WAGON FWD GX/GS/GT": {
      "years": [
        2004,
        2005,
        2006
      ]
    }
  },
  "MX-3": {
    "MX-3 PRECIDIA/GS": {
      "years": [
        1992,
        1993
      ]
    },
    "MX-3 PRECIDIA 2DR HATCHBACK GS V6": {
      "years": [
        1994,
        1995,
        1996
      ]
    },
    "MX-3 PRECIDIA 2DR HATCHBACK RS 1.6L": {
      "years": [
        1994,
        1995,
        1996
      ]
    }
  },
  "MX-30": {
    "MX-30EV 4DR SUV": {
      "years": [
        2022,
        2023,
        2024
      ]
    }
  },
  "MX-5": {
    "MX-5 MIATA CONVERTIBLE": {
      "years": [
        1990,
        1991,
        1992,
        1993,
        1994,
        1995,
        1996,
        1997,
        1998,
        1999
      ]
    },
    "MX-5 MIATA 2DR CONVERTIBLE": {
      "years": [
        2000,
        2001,
        2002,
        2003
      ]
    },
    "MX-5 MIATA 2DR CONVERTIBLE RWD /GX/GS/GT": {
      "years": [
        2004,
        2005,
        2006
      ]
    },
    "MX-5 2DR CONVERTIBLE RWD /GX/GS/GT": {
      "years": [
        2007,
        2008,
        2009
      ]
    },
    "MX-5 2DR CONVERTIBLE RWD GX/GS/GT": {
      "years": [
        2010,
        2011,
        2012
      ]
    },
    "MX-5 2DR CONVERTIBLE RWD GX/GS/GT (retractabl": {
      "years": [
        2013
      ]
    },
    "MX-5 2DR CONVERTIBLE RWD GX/GS/GT (soft top)": {
      "years": [
        2013,
        2014,
        2015
      ]
    },
    "MX-5 2DR CONVERTIBLE RWD GX/GS/GT (hard top)": {
      "years": [
        2014,
        2015
      ]
    },
    "MX-5 2DR CONVERTIBLE": {
      "years": [
        2016,
        2017,
        2018,
        2019,
        2020,
        2021,
        2022,
        2023,
        2024
      ]
    },
    "MX-5 RF 2DR COUPE": {
      "years": [
        2017,
        2018,
        2019,
        2020,
        2021,
        2022,
        2023,
        2024
      ]
    }
  },
  "MX-6": {
    "MX-6 DELUXE/LUXURY/GT TURBO SPORT COUPE": {
      "years": [
        1988
      ]
    },
    "MX-6 DELUXE/LUXURY/GT/GT-4WS COUPE": {
      "years": [
        1989
      ]
    },
    "MX-6 4WS 2DR COUPE": {
      "years": [
        1990
      ]
    },
    "MX-6 DX 2DR COUPE": {
      "years": [
        1990
      ]
    },
    "MX-6 GT 2DR COUPE": {
      "years": [
        1990,
        1991,
        1992
      ]
    },
    "MX-6 LX 2DR COUPE": {
      "years": [
        1990,
        1991,
        1992
      ]
    },
    "MX-6 SE 2DR COUPE": {
      "years": [
        1991,
        1992
      ]
    },
    "MX-6 MYSTERE RS/LS 2DR COUPE": {
      "years": [
        1993
      ]
    },
    "MX-6 MYSTERE 2DR COUPE LS V6": {
      "years": [
        1994,
        1995,
        1996,
        1997
      ]
    },
    "MX-6 MYSTERE 2DR COUPE RS 2.0L": {
      "years": [
        1994,
        1995,
        1996,
        1997
      ]
    }
  },
  "Mazda2": {
    "MAZDA2 4 DR HATCHBACK": {
      "years": [
        2011
      ]
    },
    "MAZDA2 4 DR HATCHBACK GX/GS": {
      "years": [
        2012,
        2013,
        2014
      ]
    },
    "MAZDA2 4DR HATCHBACK GX/GS": {
      "years": [
        2015
      ]
    }
  },
  "Mazda3": {
    "MAZDA 3 4DR SEDAN FWE GX/GS/GT": {
      "years": [
        2004
      ]
    },
    "MAZDA 3 SPORT 4DR HATCH FWD GS/GT": {
      "years": [
        2004
      ]
    },
    "MAZDA3 4DR SEDAN FWD /GX/GS/GT": {
      "years": [
        2005,
        2006,
        2007,
        2008,
        2009
      ]
    },
    "MAZDA3 SPORT 4DR HATCH FWD /GS/GT": {
      "years": [
        2005,
        2006,
        2007
      ]
    },
    "MAZDA3 SPORT 4DR HATCH FWD GX/GS/GT": {
      "years": [
        2008,
        2009
      ]
    },
    "MAZDA3 4DR HATCH FWD GS/GT": {
      "years": [
        2010,
        2011,
        2012
      ]
    },
    "MAZDA3 4DR HATCH FWD GX": {
      "years": [
        2010,
        2011
      ]
    },
    "MAZDA3 4DR SEDAN FWD GT": {
      "years": [
        2010,
        2011,
        2012,
        2013
      ]
    },
    "MAZDA3 4DR SEDAN FWD GX/GS": {
      "years": [
        2010,
        2011
      ]
    },
    "MAZDA3 SPEED 4DR HATCH FWD": {
      "years": [
        2010
      ]
    },
    "MAZDA3 MAZDASPEED3 4DR HATCH FWD": {
      "years": [
        2011,
        2012,
        2013
      ]
    },
    "MAZDA3 4DR HATCH FWD GX/GS-SKY": {
      "years": [
        2012
      ]
    },
    "MAZDA3 4DR SEDAN FWD GX/GS/GS-SKY": {
      "years": [
        2012
      ]
    },
    "MAZDA3 4DR SEDAN FWD GX/GS-SKY": {
      "years": [
        2013
      ]
    },
    "MAZDA3 SPORT 4DR HATCH FWD GT": {
      "years": [
        2013
      ]
    },
    "MAZDA3 SPORT 4DR HATCH FWD GX/GS-SKY": {
      "years": [
        2013
      ]
    },
    "MAZDA3 GT SEDAN": {
      "years": [
        2014
      ]
    },
    "MAZDA3 GX/GS SEDAN": {
      "years": [
        2014
      ]
    },
    "MAZDA3 SPORT GT HATCBACK": {
      "years": [
        2014
      ]
    },
    "MAZDA3 SPORT GX/GS HATCBACK": {
      "years": [
        2014
      ]
    },
    "MAZDA3 GT 4DR SEDAN": {
      "years": [
        2015,
        2016,
        2017,
        2018
      ]
    },
    "MAZDA3 GX/GS 4DR SEDAN": {
      "years": [
        2015,
        2016,
        2017,
        2018
      ]
    },
    "MAZDA3 SPORT GT 4DR HATCBACK": {
      "years": [
        2015,
        2016,
        2017,
        2018
      ]
    },
    "MAZDA3 SPORT GX/GS 4DR HATCBACK": {
      "years": [
        2015,
        2016,
        2017,
        2018
      ]
    },
    "MAZDA3 2.0L FWD 4DR HATCH": {
      "years": [
        2019,
        2020,
        2021,
        2022,
        2023,
        2024
      ]
    },
    "MAZDA3 2.0L FWD 4DR SEDAN": {
      "years": [
        2019,
        2020,
        2021,
        2022,
        2023,
        2024
      ]
    },
    "MAZDA3 2.5L AWD 4DR HATCH": {
      "years": [
        2019,
        2020,
        2021,
        2022,
        2023,
        2024
      ]
    },
    "MAZDA3 2.5L AWD 4DR SEDAN": {
      "years": [
        2019,
        2020,
        2021,
        2022,
        2023,
        2024
      ]
    },
    "MAZDA3 2.5L FWD 4DR HATCH": {
      "years": [
        2019,
        2020,
        2021,
        2022,
        2023,
        2024
      ]
    },
    "MAZDA3 2.5L FWD 4DR SEDAN": {
      "years": [
        2019,
        2020,
        2021,
        2022,
        2023,
        2024
      ]
    }
  },
  "Mazda5": {
    "MAZDA5 4DR WAGON FWD GS/GT": {
      "years": [
        2006,
        2007,
        2010
      ]
    },
    "MAZDA5 4DR WAGON FWD SPORT/GS/GT": {
      "years": [
        2008,
        2009
      ]
    },
    "MAZDA5 4DR MINIVAN GS/GT": {
      "years": [
        2013,
        2014
      ]
    },
    "MAZDA5 GS/GT 4DR MINIVAN": {
      "years": [
        2015
      ]
    },
    "MAZDA5 4DR MINIVAN": {
      "years": [
        2016,
        2017,
        2018
      ]
    }
  },
  "Mazda6": {
    "MAZDA 6 GS-I4/GT-I4": {
      "years": [
        2003
      ]
    },
    "MAZDA 6 GS-V6/GT-V6": {
      "years": [
        2003
      ]
    },
    "MAZDA 6 4DR SEDAN FWD / GS-I4/GT-I4": {
      "years": [
        2004
      ]
    },
    "MAZDA 6 4DR SEDAN FWD /GS-V6/GT-V6": {
      "years": [
        2004
      ]
    },
    "MAZDA 6 SPORT HATCH": {
      "years": [
        2004
      ]
    },
    "MAZDA 6 SPORT WAGON": {
      "years": [
        2004
      ]
    },
    "MAZDA6 4DR SEDAN FWD  /GS-I4/GT-I4": {
      "years": [
        2005,
        2006,
        2007
      ]
    },
    "MAZDA6 4DR SEDAN FWD /GS-V6/GT-V6": {
      "years": [
        2005,
        2006,
        2007
      ]
    },
    "MAZDA6 SPORT 4DR HATCH  /GS-I4/GT-I4": {
      "years": [
        2005,
        2006,
        2007
      ]
    },
    "MAZDA6 SPORT 4DR HATCH  /GS-V6/GT-V6": {
      "years": [
        2005,
        2006,
        2007
      ]
    },
    "MAZDA6 SPORT WAGON 4DR WAGON FWD /GS/GT": {
      "years": [
        2005,
        2006,
        2007
      ]
    },
    "MAZDA6 4DR SEDAN FWD  GS-L4/GT-L4": {
      "years": [
        2008
      ]
    },
    "MAZDA6 4DR SEDAN FWD GS-V6/GT-V6": {
      "years": [
        2008
      ]
    },
    "MAZDA6 SPORT 4DR HATCH  GS-L4/GT-L4": {
      "years": [
        2008,
        2009
      ]
    },
    "MAZDA6 SPORT 4DR HATCH  GS-V6/GT-V6": {
      "years": [
        2008,
        2009
      ]
    },
    "MAZDA6 4DR SEDAN FWD /GS/GT": {
      "years": [
        2009
      ]
    },
    "MAZDA6 4DR SEDAN FWD GS/GT L4": {
      "years": [
        2010,
        2011
      ]
    },
    "MAZDA6 4DR SEDAN FWD GS/GT V6": {
      "years": [
        2010,
        2011,
        2012,
        2013
      ]
    },
    "MAZDA6 4DR SEDAN FWD GS/GX-L/GT I4": {
      "years": [
        2012
      ]
    },
    "MAZDA6 4DR SEDAN FWD GS//GT I4": {
      "years": [
        2013
      ]
    },
    "MAZDA6 4DR SEDAN GX/GS/GT": {
      "years": [
        2014
      ]
    },
    "MAZDA6 GX/GS/GT 4DR SEDAN": {
      "years": [
        2015
      ]
    },
    "MAZDA6 4DR SEDAN": {
      "years": [
        2016,
        2017,
        2018,
        2019,
        2020,
        2021,
        2022
      ]
    }
  },
  "Millenia": {
    "MILLENIA 4DR SEDAN BASE/S": {
      "years": [
        1994,
        1995,
        1996
      ]
    },
    "MILLENIA 4DR SEDAN BASE V6": {
      "years": [
        1997,
        1998,
        1999
      ]
    },
    "MILLENIA 4DR SEDAN S V6 MILLER CYCLE": {
      "years": [
        1997,
        1998,
        1999,
        2001,
        2002
      ]
    },
    "MILLENIA 4DR SEDAN S/SE V6 MILLER CYCLE": {
      "years": [
        2000
      ]
    }
  },
  "Navajo": {},
  "Protege": {
    "PROTEGE 4DR SEDAN SE/LX": {
      "years": [
        1997
      ]
    },
    "PROTEGE 4DR SEDAN LX": {
      "years": [
        1998,
        1999,
        2000
      ]
    },
    "PROTEGE 4DR SEDAN SE": {
      "years": [
        1998
      ]
    },
    "PROTEGE 4DR SEDAN DX/SE": {
      "years": [
        1999,
        2000
      ]
    },
    "PROTEGE 4DR SEDAN LX/ES 2.0L": {
      "years": [
        2001,
        2002,
        2003
      ]
    },
    "PROTEGE 4DR SEDAN SE 1.6L": {
      "years": [
        2001,
        2002,
        2003
      ]
    },
    "PROTEGE5 4DR WAGON FWD": {
      "years": [
        2002,
        2003
      ]
    },
    "MAZDASPEED PROTEGE 4DR SEDAN FWD": {
      "years": [
        2003
      ]
    }
  },
  "RX-7": {
    "RX 7": {
      "years": [
        1981,
        1982
      ]
    },
    "RX-7  GSL/SE": {
      "years": [
        1983,
        1984
      ]
    },
    "RX-7  S/GS/GSL": {
      "years": [
        1983,
        1984
      ]
    },
    "RX-7 GSL SE": {
      "years": [
        1985,
        1986
      ]
    },
    "RX-7 S/GS/GSL": {
      "years": [
        1985
      ]
    },
    "RX-7 2+2 GX/GXL": {
      "years": [
        1986
      ]
    },
    "RX-7 BASE/GX/GXL": {
      "years": [
        1986
      ]
    },
    "RX-7 2+2 GX/GXL 2 DR HATCHBACK": {
      "years": [
        1987,
        1988,
        1989
      ]
    },
    "RX-7 BASE/GX/GXL 2 DR HATCHBACK": {
      "years": [
        1987
      ]
    },
    "RX-7 TURBO 2 DR HATCHBACK": {
      "years": [
        1987
      ]
    },
    "RX-7 BASE/GX/GXL/TURBO 2 DR HATCHBACK": {
      "years": [
        1988,
        1989
      ]
    },
    "RX-7 CONVERTIBLE": {
      "years": [
        1988,
        1989,
        1990,
        1991
      ]
    },
    "RX-7 2+2 GXL 2DR COUPE": {
      "years": [
        1990
      ]
    },
    "RX-7 BASE/GX/GXL/TURBO 2DR COUPE": {
      "years": [
        1990
      ]
    },
    "RX-7 COUPE/TURBO 2DR COUPE": {
      "years": [
        1991
      ]
    },
    "RX-7 2DR COUPE": {
      "years": [
        1992,
        1993,
        1994,
        1995,
        1996
      ]
    }
  },
  "RX-8": {
    "RX-8 2DR COUPE RWD GS/GT": {
      "years": [
        2004
      ]
    },
    "RX-8 2DR COUPE RWD /GS/GT": {
      "years": [
        2005,
        2006,
        2007,
        2008
      ]
    },
    "RX-8 2DR COUPE RWD GS/R3/GT": {
      "years": [
        2009
      ]
    },
    "RX-8 2DR COUPE RWD R3/GT": {
      "years": [
        2010,
        2011
      ]
    }
  },
  "Tribute": {
    "TRIBUTE 4DR SUV 2WD DX/DX V6": {
      "years": [
        2001,
        2002
      ]
    },
    "TRIBUTE 4DR SUV 2WD LX V6": {
      "years": [
        2001,
        2002
      ]
    },
    "TRIBUTE 4DR SUV 4WD DX/DX V6": {
      "years": [
        2001,
        2002
      ]
    },
    "TRIBUTE 4DR SUV 4WD LX V6/ES V6": {
      "years": [
        2001,
        2002
      ]
    },
    "TRIBUTE 4DR SUV 2WD DX": {
      "years": [
        2003,
        2004,
        2005
      ]
    },
    "TRIBUTE 4DR SUV 2WD LX/DX V6": {
      "years": [
        2003,
        2004,
        2005
      ]
    },
    "TRIBUTE 4DR SUV 4WD DX": {
      "years": [
        2003,
        2004,
        2005
      ]
    },
    "TRIBUTE 4DR SUV 4WD ES V6": {
      "years": [
        2003,
        2004,
        2005
      ]
    },
    "TRIBUTE 4DR SUV 4WD LX/DX V6": {
      "years": [
        2003,
        2004,
        2005
      ]
    },
    "TRIBUTE 4DR SUV 2WD GS": {
      "years": [
        2006
      ]
    },
    "TRIBUTE 4DR SUV 2WD GX": {
      "years": [
        2006
      ]
    },
    "TRIBUTE 4DR SUV 2WD GX-V6/GS": {
      "years": [
        2006
      ]
    },
    "TRIBUTE 4DR SUV 4WD GT": {
      "years": [
        2006
      ]
    },
    "TRIBUTE GS 4DR SUV FWD": {
      "years": [
        2008,
        2009
      ]
    },
    "TRIBUTE GT 4DR SUV AWD": {
      "years": [
        2008,
        2009
      ]
    },
    "TRIBUTE GX 4DR SUV FWD": {
      "years": [
        2008,
        2009
      ]
    },
    "TRIBUTE GS 4DR SUV V6 FWD": {
      "years": [
        2010,
        2011
      ]
    },
    "TRIBUTE GS/GX/GT 4DR SUV V6 AWD": {
      "years": [
        2010,
        2011
      ]
    },
    "TRIBUTE GX 4DR SUV L4 AWD": {
      "years": [
        2010,
        2011
      ]
    },
    "TRIBUTE GX 4DR SUV L4 FWD": {
      "years": [
        2010,
        2011
      ]
    }
  }
}