{
  "540C": {},
  "570GT": {},
  "570S": {
    "570S / 540C 2DR COUPE": {
      "years": [
        2016,
        2017,
        2018
      ]
    },
    "570S / 570GT / 540C 2DR COUPE": {
      "years": [
        2019,
        2020,
        2021,
        2022
      ]
    },
    "570S SPIDER": {
      "years": [
        2019,
        2020,
        2021,
        2022
      ]
    }
  },
  "600LT": {
    "600LT 2DR COUPE": {
      "years": [
        2019,
        2020,
        2021,
        2022
      ]
    },
    "600LT SPIDER 2DR CONVERTIBLE": {
      "years": [
        2019,
        2020,
        2021,
        2022
      ]
    }
  },
  "620R": {},
  "625C": {},
  "650S": {
    "650S 2DR COUPE": {
      "years": [
        2015,
        2016,
        2017,
        2018
      ]
    },
    "650S SPIDER 2DR CONVERTIBLE": {
      "years": [
        2015,
        2016,
        2017,
        2018
      ]
    }
  },
  "675LT": {
    "675LT 2DR COUPE": {
      "years": [
        2016,
        2017,
        2018
      ]
    },
    "675LT SPIDER 2DR CONVERTIBLE": {
      "years": [
        2016,
        2017,
        2018
      ]
    }
  },
  "720S": {
    "720S 2DR COUPE": {
      "years": [
        2018
      ]
    },
    "720S 2DR COUPE / SPIDER": {
      "years": [
        2019,
        2020,
        2021,
        2022,
        2023
      ]
    }
  },
  "750S": {
    "750S 2DR COUPE": {
      "years": [
        2024,
        2025
      ]
    },
    "750S 2DR SPIDER": {
      "years": [
        2024,
        2025
      ]
    }
  },
  "765LT": {
    "765LT 2DR COUPE": {
      "years": [
        2020,
        2021,
        2022,
        2023
      ]
    }
  },
  "ARTURA": {
    "ARTURA 2DR COUPE": {
      "years": [
        2022,
        2023,
        2024
      ]
    },
    "ARTURA 2DR SPIDER": {
      "years": [
        2024
      ]
    }
  },
  "ELVA": {
    "ELVA": {
      "years": [
        2021,
        2022,
        2023,
        2024
      ]
    }
  },
  "GT": {
    "GT 2DR COUPE": {
      "years": [
        2020,
        2021,
        2022,
        2023,
        2024
      ]
    }
  },
  "GTS": {
    "GTS 2 DR COUPE": {
      "years": [
        2024,
        2025
      ]
    }
  },
  "MP4-12C": {
    "MP4-12C": {
      "years": [
        2012,
        2013,
        2014
      ]
    },
    "MP4-12C SPIDER": {
      "years": [
        2013,
        2014
      ]
    },
    "MP4-12C 2DR COUPE": {
      "years": [
        2015
      ]
    },
    "MP4-12C SPIDER 2DR CONVERTIBLE": {
      "years": [
        2015
      ]
    }
  },
  "P1": {
    "P1": {
      "years": [
        2014
      ]
    },
    "P1 2DR COUPE": {
      "years": [
        2015,
        2016,
        2017,
        2018,
        2019
      ]
    }
  },
  "SENNA": {
    "SENNA": {
      "years": [
        2019,
        2020,
        2021,
        2022,
        2023,
        2024
      ]
    }
  },
  "SENNA GTR": {}
}