{
  "Capri": {
    "CAPRI": {
      "years": [
        1981,
        1982
      ]
    },
    "CAPRI GS": {
      "years": [
        1983,
        1984,
        1985,
        1986
      ]
    },
    "CAPRI RS": {
      "years": [
        1983,
        1984,
        1985,
        1986
      ]
    },
    "CAPRI RS TURBO": {
      "years": [
        1983,
        1984
      ]
    }
  },
  "Cougar": {
    "COUGAR 2 DR": {
      "years": [
        1981,
        1982
      ]
    },
    "COUGAR 4 DR": {
      "years": [
        1981,
        1982
      ]
    },
    "COUGAR XR7": {
      "years": [
        1981
      ]
    },
    "COUGAR WAGON": {
      "years": [
        1982
      ]
    },
    "COUGAR XR 7": {
      "years": [
        1982
      ]
    },
    "COUGAR & COUGAR LS": {
      "years": [
        1983,
        1984
      ]
    },
    "COUGAR XR-7 TURBO": {
      "years": [
        1984
      ]
    },
    "COUGAR BASE": {
      "years": [
        1985,
        1986
      ]
    },
    "COUGAR LS": {
      "years": [
        1985,
        1986
      ]
    },
    "COUGAR XR-7": {
      "years": [
        1985,
        1986
      ]
    },
    "COUGAR LS 2 DR COUPE": {
      "years": [
        1987,
        1988,
        1989
      ]
    },
    "COUGAR XR-7 2 DR COUPE": {
      "years": [
        1987,
        1988,
        1989
      ]
    },
    "COUGAR LS/XR7 2DR COUPE": {
      "years": [
        1990,
        1991,
        1992,
        1993
      ]
    },
    "COUGAR 2DR COUPE XR7": {
      "years": [
        1994,
        1995,
        1996,
        1997
      ]
    },
    "COUGAR 2DR HATCHBACK": {
      "years": [
        1999
      ]
    },
    "COUGAR 2DR HATCHBACK V6": {
      "years": [
        1999
      ]
    }
  },
  "Grand Marquis": {
    "GRAND MARQUIS 2 DR & 4 DR": {
      "years": [
        1983,
        1984
      ]
    },
    "GRAND MARQUIS STAT. WAGON": {
      "years": [
        1983,
        1984
      ]
    },
    "GRAND MARQUIS WAGON": {
      "years": [
        1985,
        1986,
        1987
      ]
    },
    "GRAND MARQUIS 2 DR COUPE": {
      "years": [
        1987
      ]
    },
    "GRAND MARQUIS 4 DR SEDAN": {
      "years": [
        1987
      ]
    },
    "GRAND MARQUIS COLONY PARK GS/LS WAGON": {
      "years": [
        1988,
        1990,
        1991
      ]
    },
    "GRAND MARQUIS GS/LS 4 DR SEDAN": {
      "years": [
        1988,
        1989
      ]
    },
    "GRAND MARQUIS GS/LS WAGON": {
      "years": [
        1989
      ]
    },
    "GRAND MARQUIS GS/LS SEDAN": {
      "years": [
        1990,
        1991,
        1992,
        1993
      ]
    },
    "GRAND MARQUIS 4DR SEDAN GS/LS": {
      "years": [
        1994,
        1995,
        1996,
        1997,
        1998,
        1999
      ]
    },
    "GRAND MARQUIS 4DR SEDAN RWD LS ULTIMATE": {
      "years": [
        2009
      ]
    }
  },
  "Lynx": {
    "LYNX 3 DR": {
      "years": [
        1981,
        1982
      ]
    },
    "LYNX 5 DR": {
      "years": [
        1981,
        1982
      ]
    },
    "LYNX WAGON": {
      "years": [
        1981,
        1982,
        1983,
        1984
      ]
    },
    "LYNX L HB 4 DR": {
      "years": [
        1983,
        1984
      ]
    },
    "LYNX L-FS & L HB 2 DR": {
      "years": [
        1983,
        1984
      ]
    },
    "LYNX RS & RS TURBO": {
      "years": [
        1983,
        1984
      ]
    },
    "LYNX GS 2 DR": {
      "years": [
        1985,
        1986
      ]
    },
    "LYNX GS 4 DR": {
      "years": [
        1985,
        1986
      ]
    },
    "LYNX GS WAGON": {
      "years": [
        1985,
        1986
      ]
    },
    "LYNX L 2 DR": {
      "years": [
        1985,
        1986
      ]
    },
    "LYNX L 4 DR": {
      "years": [
        1985,
        1986
      ]
    },
    "LYNX L WAGON": {
      "years": [
        1985,
        1986
      ]
    }
  },
  "MARQUIS": {
    "MARQUIS 2 DR": {
      "years": [
        1981,
        1982
      ]
    },
    "MARQUIS 4 DR": {
      "years": [
        1981,
        1982
      ]
    },
    "MARQUIS WAGON": {
      "years": [
        1982
      ]
    },
    "MARQUIS": {
      "years": [
        1983,
        1984
      ]
    },
    "MARQUIS STATION WAGON": {
      "years": [
        1983,
        1984,
        1985,
        1986
      ]
    },
    "GRAND 2 DR MARQUIS": {
      "years": [
        1985,
        1986
      ]
    },
    "GRAND 4 DR MARQUIS": {
      "years": [
        1985,
        1986
      ]
    },
    "MARQUIS BASE 4 DR": {
      "years": [
        1985
      ]
    },
    "MARQUIS LTS 4 DR": {
      "years": [
        1985
      ]
    },
    "MARQUIS BASE/BROUGHAM 4 DR": {
      "years": [
        1986
      ]
    }
  },
  "Marauder": {},
  "Mariner": {},
  "Milan": {},
  "Montego": {},
  "Monterey": {},
  "Mountaineer": {},
  "Mystique": {
    "MYSTIQUE 4DR SEDAN GS/LS": {
      "years": [
        1995,
        1996,
        1997,
        1998,
        1999
      ]
    }
  },
  "Sable": {
    "SABLE GS/LS SEDAN": {
      "years": [
        1986
      ]
    },
    "SABLE GS/LS WAGON": {
      "years": [
        1986,
        1987,
        1988,
        1989,
        1990,
        1991,
        1992,
        1993
      ]
    },
    "SABLE GS/LS 4 DR SEDAN": {
      "years": [
        1987,
        1988,
        1989
      ]
    },
    "SABLE GS/LS 4DR SEDAN": {
      "years": [
        1990,
        1991,
        1992,
        1993
      ]
    },
    "SABLE 4DR SEDAN GS/LS": {
      "years": [
        1994,
        1997,
        1998,
        1999
      ]
    },
    "SABLE 4DR WAGON GS/LS": {
      "years": [
        1994,
        1995,
        1996,
        1997,
        1998
      ]
    },
    "SABLE 4DR SEDAN GS/LS/LTS": {
      "years": [
        1995,
        1996
      ]
    },
    "SABLE 4DR WAGON LS": {
      "years": [
        1999
      ]
    }
  },
  "Topaz": {
    "TOPAZ L & ES & LS 4 DR": {
      "years": [
        1984
      ]
    },
    "TOPAZ L & GS & L 2 DR": {
      "years": [
        1984
      ]
    },
    "TOPAZ GS 2 DR": {
      "years": [
        1985,
        1986
      ]
    },
    "TOPAZ GS 4 DR": {
      "years": [
        1985,
        1986
      ]
    },
    "TOPAZ L 2 DR": {
      "years": [
        1985,
        1986
      ]
    },
    "TOPAZ L 4 DR": {
      "years": [
        1985,
        1986
      ]
    },
    "TOPAZ LS 2 DR": {
      "years": [
        1985,
        1986
      ]
    },
    "TOPAZ LS 4 DR": {
      "years": [
        1985,
        1986
      ]
    },
    "TOPAZ GS 2 DR COUPE": {
      "years": [
        1987
      ]
    },
    "TOPAZ GS 4 DR SEDAN": {
      "years": [
        1987
      ]
    },
    "TOPAZ L 2 DR COUPE": {
      "years": [
        1987
      ]
    },
    "TOPAZ L 4 DR SEDAN": {
      "years": [
        1987
      ]
    },
    "TOPAZ LS 4 DR SEDAN": {
      "years": [
        1987
      ]
    },
    "TOPAZ L/GS/LS/LTS 4 DR SEDAN": {
      "years": [
        1988,
        1989
      ]
    },
    "TOPAZ L/GS/XR5 2 DR COUPE": {
      "years": [
        1988,
        1989
      ]
    },
    "TOPAZ L/GS/LS/LTS 4DR SEDAN": {
      "years": [
        1990,
        1991
      ]
    },
    "TOPAZ L/GS/XR5 2DR SEDAN": {
      "years": [
        1990,
        1991
      ]
    },
    "TOPAZ GS/LS/LTS 4DR SEDAN": {
      "years": [
        1992
      ]
    },
    "TOPAZ GS/XR5 2DR SEDAN": {
      "years": [
        1992
      ]
    },
    "TOPAZ GS 2DR SEDAN": {
      "years": [
        1993
      ]
    },
    "TOPAZ GS/LS 4DR SEDAN": {
      "years": [
        1993
      ]
    },
    "TOPAZ 2DR COUPE GS": {
      "years": [
        1994
      ]
    },
    "TOPAZ 4DR SEDAN GS/LS": {
      "years": [
        1994
      ]
    }
  },
  "Tracer": {
    "TRACER GS/LS 4 DR HATCHBACK": {
      "years": [
        1987,
        1988
      ]
    },
    "TRACER LS/GS/LS 2 DR HATCHBACK": {
      "years": [
        1987
      ]
    },
    "TRACER L/LS/GS 2 DR HATCHBACK": {
      "years": [
        1988
      ]
    },
    "TRACER LS WAGON": {
      "years": [
        1988
      ]
    },
    "TRACER 2 DR HATCHBACK": {
      "years": [
        1989
      ]
    },
    "TRACER 4 DR HATCHBACK": {
      "years": [
        1989
      ]
    },
    "TRACER WAGON": {
      "years": [
        1989
      ]
    },
    "TRACER BASE/LTS 4DR SEDAN": {
      "years": [
        1990,
        1991,
        1992,
        1993
      ]
    }
  },
  "Villager": {},
  "Zephyr": {
    "ZEPHYR  Z-7": {
      "years": [
        1981
      ]
    },
    "ZEPHYR 4 DR": {
      "years": [
        1981,
        1982
      ]
    },
    "ZEPHYR WAGON": {
      "years": [
        1981
      ]
    },
    "ZEPHYR Z-7": {
      "years": [
        1982
      ]
    }
  }
}