{
  "3000GT": {},
  "Cordia": {},
  "Diamante": {
    "DIAMANTE ES": {
      "years": [
        2002
      ]
    },
    "DIAMANTE LS": {
      "years": [
        2002
      ]
    },
    "DIAMANTE 4DR SEDAN FWD ES/LS/VR-X": {
      "years": [
        2004
      ]
    }
  },
  "Eclipse": {
    "ECLIPSE RS MT/GS MT/GT MT": {
      "years": [
        2002
      ]
    },
    "ECLIPSE SPYDER GS MT/GT MT": {
      "years": [
        2002
      ]
    },
    "ECLIPSE COUPE 2DR COUPE GT/GT PREMIUM": {
      "years": [
        2003,
        2004,
        2005
      ]
    },
    "ECLIPSE COUPE 2DR COUPE RS/GS": {
      "years": [
        2003,
        2004,
        2005
      ]
    },
    "ECLIPSE SPYDER 2DR CONV GS": {
      "years": [
        2003,
        2007,
        2008,
        2009,
        2010,
        2011,
        2012
      ]
    },
    "ECLIPSE SPYDER 2DR CONV GT PREMIUM": {
      "years": [
        2003
      ]
    },
    "ECLIPSE SPYDER 2DR CONV FWD /GS": {
      "years": [
        2004,
        2005
      ]
    },
    "ECLIPSE SPYDER 2DR CONV FWD /GT PREMIUM": {
      "years": [
        2004,
        2005
      ]
    },
    "ECLIPSE COUPE 2DR COUPE GS": {
      "years": [
        2006
      ]
    },
    "ECLIPSE COUPE 2DR COUPE GT": {
      "years": [
        2006
      ]
    },
    "ECLIPSE SPYDER 2DR CONV GT-P": {
      "years": [
        2007,
        2008,
        2009,
        2010,
        2011,
        2012
      ]
    },
    "ECLIPSE GS 2DR COUPE": {
      "years": [
        2008,
        2009,
        2010,
        2011,
        2012
      ]
    },
    "ECLIPSE GT-P 2DR COUPE": {
      "years": [
        2008,
        2009,
        2010,
        2011,
        2012
      ]
    }
  },
  "Eclipse Cross": {
    "ECLIPSE CROSS 4DR SUV": {
      "years": [
        2018,
        2019,
        2020,
        2021,
        2022,
        2023,
        2024
      ]
    }
  },
  "Endeavor": {
    "ENDEAVOR 4DR SUV AWD LIMITED": {
      "years": [
        2004,
        2005,
        2006,
        2007
      ]
    },
    "ENDEAVOR 4DR SUV FWD LS/XLS": {
      "years": [
        2004,
        2005
      ]
    },
    "ENDEAVOR 4DR SUV FWD LS": {
      "years": [
        2006,
        2007
      ]
    },
    "ENDEAVOR 4DR SUV AWD LTD": {
      "years": [
        2008,
        2009
      ]
    },
    "ENDEAVOR 4DR SUV FWD BASE": {
      "years": [
        2008,
        2009
      ]
    },
    "ENDEAVOR 4DR SUV FWD SE": {
      "years": [
        2008,
        2009
      ]
    },
    "ENDEAVOR 4DR SUV AWD SE": {
      "years": [
        2010,
        2011,
        2012
      ]
    }
  },
  "Expo": {},
  "Galant": {
    "GALANT 4DR SEDAN FWD /DE/ES": {
      "years": [
        2003,
        2004,
        2005,
        2006
      ]
    },
    "GALANT 4DR SEDAN FWD /ES V6/ LS V6/ GTZ": {
      "years": [
        2003
      ]
    },
    "GALANT 4DR SEDAN FWD /GTS-V6": {
      "years": [
        2004,
        2005,
        2006
      ]
    },
    "GALANT 4DR SEDAN FWD /LS-V6": {
      "years": [
        2004,
        2005,
        2006,
        2007
      ]
    },
    "GALANT 4DR SEDAN FWD /ES": {
      "years": [
        2007
      ]
    },
    "GALANT 4DR SEDAN FWD /RALLIART-V6": {
      "years": [
        2007
      ]
    },
    "GALANT 4DR SEDAN FWD ES": {
      "years": [
        2008,
        2009,
        2010
      ]
    },
    "GALANT 4DR SEDAN FWD LS": {
      "years": [
        2008,
        2009
      ]
    },
    "GALANT 4DR SEDAN FWD RALLIART": {
      "years": [
        2008,
        2009
      ]
    }
  },
  "Lancer": {
    "LANCER ES MT/ ES AT": {
      "years": [
        2002
      ]
    },
    "LANCER LS AT/ OZ MT/ OZ RALLY": {
      "years": [
        2002
      ]
    },
    "LANCER ES 4DR SEDAN FWD": {
      "years": [
        2003
      ]
    },
    "LANCER LS/OZ RALLY 4DR SEDAN FWD": {
      "years": [
        2003
      ]
    },
    "LANCER 4DR SEDAN FWD /ES/LS": {
      "years": [
        2004
      ]
    },
    "LANCER 4DR SEDAN FWD /OZ RALLY/RALLIART": {
      "years": [
        2004,
        2005
      ]
    },
    "LANCER 4DR SEDAN FWD /ES": {
      "years": [
        2005
      ]
    },
    "LANCER 4DR SEDAN FWD ES": {
      "years": [
        2006
      ]
    },
    "LANCER 4DR SEDAN FWD OZ RALLY": {
      "years": [
        2006
      ]
    },
    "LANCER 4DR SEDAN FWD RALLIART": {
      "years": [
        2006
      ]
    },
    "LANCER 4DR SEDAN FWD DE": {
      "years": [
        2007
      ]
    },
    "LANCER 4DR SEDAN FWD EZ": {
      "years": [
        2007
      ]
    },
    "LANCER 4DR SEDAN FWD GTS": {
      "years": [
        2007,
        2008,
        2009,
        2010
      ]
    },
    "LANCER 4DR SEDAN FWD DE/ES/SE": {
      "years": [
        2008,
        2009
      ]
    },
    "LANCER EVO X 4DR SEDAN AWD GSR/MR": {
      "years": [
        2008,
        2009,
        2010,
        2011,
        2012,
        2013,
        2014,
        2015
      ]
    },
    "LANCER RALLIART 4DR SEDAN AWD": {
      "years": [
        2009,
        2010,
        2011,
        2012,
        2013,
        2014,
        2015
      ]
    },
    "LANCER 4DR SEDAN FWD DE/SE": {
      "years": [
        2010
      ]
    },
    "LANCER 4DR SEDAN FWD DE/SE/GT": {
      "years": [
        2011,
        2012,
        2013,
        2015,
        2016
      ]
    },
    "LANCER 4DR SEDAN AWD SE-AWD": {
      "years": [
        2012
      ]
    },
    "LANCER 4DR SEDAN AWD SE-AWD/GT-AWD": {
      "years": [
        2013,
        2014,
        2015,
        2016
      ]
    },
    "LANCER 4DR SEDAN FWD DE/SE/LIMITED EDITION/GT": {
      "years": [
        2014
      ]
    },
    "LANCER 4DR SEDAN AWD ES/SE LTD/GTS AWC": {
      "years": [
        2017,
        2018
      ]
    },
    "LANCER 4DR SEDAN FWD ES/SE LTD/GTS": {
      "years": [
        2017,
        2018
      ]
    }
  },
  "Lancer Evolution": {},
  "Lancer SportBack": {
    "LANCER SPORTBACK 4DR WAGON FWD LS/RALLIART": {
      "years": [
        2004
      ]
    },
    "LANCER SPORTBACK GTS 4DR FWD": {
      "years": [
        2010
      ]
    },
    "LANCER SPORTBACK RALLIART 4DR AWD": {
      "years": [
        2010,
        2011
      ]
    },
    "LANCER SPORTBACK 4DR HATCH SE/GT FWD": {
      "years": [
        2011,
        2012,
        2013,
        2014,
        2015,
        2016,
        2017,
        2018
      ]
    }
  },
  "Mighty Max": {},
  "Mirage": {
    "MIRAGE COUPE": {
      "years": [
        2002
      ]
    },
    "MIRAGE 4DR HATCHBACK ES/SE": {
      "years": [
        2014,
        2015
      ]
    },
    "MIRAGE 5DR HATCH": {
      "years": [
        2017,
        2018,
        2019,
        2020,
        2021,
        2022,
        2023,
        2024
      ]
    }
  },
  "Mirage G4": {
    "MIRAGE G4 SEDAN": {
      "years": [
        2017,
        2018,
        2019,
        2020
      ]
    }
  },
  "Montero": {
    "MONTERO XLS/LIMITED": {
      "years": [
        2002,
        2003,
        2004,
        2005
      ]
    },
    "MONTERO LIMITED": {
      "years": [
        2006
      ]
    }
  },
  "Montero Sport": {
    "MONTERO SPORT ES/LS": {
      "years": [
        2002
      ]
    },
    "MONTERO SPORT XLS/LTD": {
      "years": [
        2002
      ]
    },
    "MONTERO SPORT ES": {
      "years": [
        2003
      ]
    },
    "MONTERO SPORT LS/XLS/LTD": {
      "years": [
        2003
      ]
    }
  },
  "Outlander": {
    "OUTLANDER LS 4DR SUV RWD": {
      "years": [
        2003,
        2004,
        2005,
        2006
      ]
    },
    "OUTLANDER XLS 4DR SUV AWD": {
      "years": [
        2003,
        2004,
        2005
      ]
    },
    "OUTLANDER SE/LIMITED 4DR SUV AWD": {
      "years": [
        2006
      ]
    },
    "OUTLANDER 4DR SUV AWD XLS": {
      "years": [
        2007,
        2008,
        2009
      ]
    },
    "OUTLANDER 4DR SUV FWD LS": {
      "years": [
        2007,
        2008,
        2009
      ]
    },
    "OUTLANDER 4DR SUV FWD ES": {
      "years": [
        2008,
        2009,
        2010,
        2011,
        2012,
        2013,
        2014,
        2015
      ]
    },
    "OUTLANDER 4DR SUV AWD ES": {
      "years": [
        2010,
        2011,
        2012,
        2013,
        2014,
        2015
      ]
    },
    "OUTLANDER 4DR SUV AWD LS/XLS": {
      "years": [
        2010,
        2011
      ]
    },
    "OUTLANDER 4DR SUV AWD LS/XLS S-AWC": {
      "years": [
        2012,
        2013
      ]
    },
    "OUTLANDER 4DR SUV AWD SE/GT": {
      "years": [
        2014,
        2015
      ]
    },
    "OUTLANDER 4DR SUV ES AWC": {
      "years": [
        2016,
        2017,
        2018,
        2019,
        2020,
        2021
      ]
    },
    "OUTLANDER 4DR SUV ES FWD": {
      "years": [
        2016,
        2017
      ]
    },
    "OUTLANDER 4DR SUV SE/GT S AWC": {
      "years": [
        2016,
        2017,
        2018,
        2019,
        2020,
        2021
      ]
    },
    "OUTLANDER PHEV 4DR SUV": {
      "years": [
        2018,
        2019,
        2020,
        2021,
        2022,
        2023,
        2024,
        2025
      ]
    },
    "OUTLANDER 4DR SUV": {
      "years": [
        2022,
        2023,
        2024
      ]
    }
  },
  "Outlander Sport": {},
  "Precis": {},
  "RVR": {
    "RVR 4 DR SUV ES 2WD/SE 2WD": {
      "years": [
        2011,
        2012,
        2013,
        2014
      ]
    },
    "RVR 4 DR SUV SE 4WD/GT 4WD": {
      "years": [
        2011,
        2012,
        2013
      ]
    },
    "RVR 4 DR SUV SE AWD/GT AWD": {
      "years": [
        2014
      ]
    },
    "RVR 4DR SUV ES 2WD/SE 2WD": {
      "years": [
        2015,
        2016
      ]
    },
    "RVR 4DR SUV SE AWD/GT AWD": {
      "years": [
        2015
      ]
    },
    "RVR 4DR SUV SE/GT AWC": {
      "years": [
        2016,
        2017,
        2018,
        2019,
        2020,
        2021,
        2022,
        2023,
        2024
      ]
    },
    "RVR 4DR SUV ES/SE FWD": {
      "years": [
        2017,
        2018,
        2019,
        2020,
        2021,
        2022,
        2023,
        2024
      ]
    }
  },
  "Raider": {},
  "SP": {},
  "SPX": {},
  "Sigma": {},
  "Space Wagon": {},
  "Starion": {},
  "Tredia": {},
  "Van": {},
  "Wagon": {},
  "i-MiEV": {
    "iMiEV": {
      "years": [
        2012,
        2013
      ]
    },
    "iMiEV 4DR HATCHBACK ES": {
      "years": [
        2014,
        2015,
        2016,
        2017,
        2018
      ]
    }
  }
}