{
  "Achieva": {
    "ACHIEVA S/SL 2DR COUPE": {
      "years": [
        1992,
        1993
      ]
    },
    "ACHIEVA S/SL 4DR SEDAN": {
      "years": [
        1992,
        1993
      ]
    },
    "ACHIEVA 2DR COUPE S/SC": {
      "years": [
        1994
      ]
    },
    "ACHIEVA 4DR SEDAN S/SL": {
      "years": [
        1994
      ]
    },
    "ACHIEVA 2DR COUPE S": {
      "years": [
        1995
      ]
    },
    "ACHIEVA 4DR SEDAN S": {
      "years": [
        1995
      ]
    },
    "ACHIEVA 2DR COUPE SC": {
      "years": [
        1996,
        1997
      ]
    },
    "ACHIEVA 4DR SEDAN SL": {
      "years": [
        1996,
        1997,
        1998
      ]
    }
  },
  "Alero": {
    "ALERO 2DR COUPE GX/GL/GLS": {
      "years": [
        1999,
        2000,
        2001,
        2002,
        2003
      ]
    },
    "ALERO 4DR SEDAN GX/GL/GLS": {
      "years": [
        1999,
        2000,
        2001,
        2002,
        2003
      ]
    },
    "ALERO 2DR COUPE GX/GL": {
      "years": [
        2004
      ]
    },
    "ALERO 4DR SEDAN GX/GL": {
      "years": [
        2004
      ]
    }
  },
  "Aurora": {
    "AURORA 4DR SEDAN": {
      "years": [
        1995,
        1996,
        1997,
        1998,
        1999
      ]
    },
    "AURORA 4DR SEDAN (1999)": {
      "years": [
        2000
      ]
    },
    "AURORA 4DR SEDAN 3.5L": {
      "years": [
        2001,
        2002
      ]
    },
    "AURORA 4DR SEDAN 4.0L": {
      "years": [
        2001,
        2002,
        2003
      ]
    }
  },
  "Bravada": {
    "BRAVADA 4DR SUV": {
      "years": [
        2002
      ]
    },
    "BRAVADA 4DR SUV AWD": {
      "years": [
        2003,
        2004
      ]
    }
  },
  "Custom Cruiser": {
    "CUSTOM CRUISER": {
      "years": [
        1983,
        1984
      ]
    },
    "CUSTOM CRUISER WAGON": {
      "years": [
        1985,
        1986,
        1987,
        1988,
        1989,
        1990
      ]
    }
  },
  "Cutlass": {
    "CUTLASS 2 DR CP": {
      "years": [
        1981,
        1982
      ]
    },
    "CUTLASS 4 DR SD": {
      "years": [
        1981,
        1982
      ]
    },
    "CUTLASS SUP 2 DR CP": {
      "years": [
        1981
      ]
    },
    "CUTLASS SUP 4 DR SD": {
      "years": [
        1981
      ]
    },
    "CUTLASS WAGON": {
      "years": [
        1981
      ]
    },
    "CUTLASS SUPER WD 2 DR CP": {
      "years": [
        1982
      ]
    },
    "CUTLASS SUP. & SUP. BROUGH. CP": {
      "years": [
        1983,
        1984
      ]
    },
    "CUTLASS SUP. & SUP. BROUGH. SD": {
      "years": [
        1983,
        1984
      ]
    },
    "CUTLASS 2 DR CIERA LS COUPE": {
      "years": [
        1985,
        1986
      ]
    }
  },
  "Cutlass Calais": {
    "CUTLASS CALAIS 2 DR": {
      "years": [
        1982
      ]
    },
    "CUTLASS CALAIS CP": {
      "years": [
        1983,
        1984
      ]
    },
    "CUTLASS CALAIS 2 DR COUPE": {
      "years": [
        1988
      ]
    },
    "CUTLASS CALAIS BASE/SL 4 DR SEDAN": {
      "years": [
        1988
      ]
    },
    "CUTLASS CALAIS INT'L SERIES 2DR COUPE": {
      "years": [
        1988,
        1989
      ]
    },
    "CUTLASS CALAIS INT'L SERIES 4DR SEDAN": {
      "years": [
        1988,
        1989
      ]
    },
    "CUTLASS CALAIS S 2 DR COUPE": {
      "years": [
        1989
      ]
    },
    "CUTLASS CALAIS S/SL 4 DR SEDAN": {
      "years": [
        1989
      ]
    },
    "CUTLASS CALAIS S/INTERNAT'L SERIES COUPE": {
      "years": [
        1990
      ]
    },
    "CUTLASS CALAIS S/SL 4DR SEDAN": {
      "years": [
        1990
      ]
    },
    "CUTLASS CALAIS S/INT'L SER/QUAD442 COUPE": {
      "years": [
        1991,
        1992
      ]
    },
    "CUTLASS CALAIS S/SL/INT'L SER 4DR SEDAN": {
      "years": [
        1991,
        1992
      ]
    }
  },
  "Cutlass Ciera": {
    "CUTLASS CIERA": {
      "years": [
        1982
      ]
    },
    "CUTLASS CIERA LS & BROUGH. CP": {
      "years": [
        1983,
        1984
      ]
    },
    "CUTLASS CIERA LS & BROUGH. SD": {
      "years": [
        1983,
        1984
      ]
    },
    "CUTLASS CIERA CRUISER WAGON": {
      "years": [
        1984
      ]
    },
    "CUTLASS CIERA BROUGHAM COUPE": {
      "years": [
        1985,
        1986
      ]
    },
    "CUTLASS CIERA BROUGHAM SEDAN": {
      "years": [
        1985,
        1986
      ]
    },
    "CUTLASS CIERA LS SEDAN 4 DR": {
      "years": [
        1985,
        1986
      ]
    },
    "CUTLASS CIERA WAGON": {
      "years": [
        1985,
        1986
      ]
    },
    "CUTLASS CIERA 4 DR SEDAN": {
      "years": [
        1987
      ]
    },
    "CUTLASS CIERA BROUGHAM 4 DR SEDAN": {
      "years": [
        1987
      ]
    },
    "CUTLASS CIERA GT 2 DR COUPE": {
      "years": [
        1987
      ]
    },
    "CUTLASS CIERA GT 4 DR SEDAN": {
      "years": [
        1987
      ]
    },
    "CUTLASS CIERA S 2 DR COUPE": {
      "years": [
        1987
      ]
    },
    "CUTLASS CIERA SL 2 DR COUPE": {
      "years": [
        1987
      ]
    },
    "CUTLASS CIERA 2 DR COUPE": {
      "years": [
        1988
      ]
    },
    "CUTLASS CIERA BASE/BROUGHAM 4 DR SEDAN": {
      "years": [
        1988
      ]
    },
    "CUTLASS CIERA INT'L SERIES 2DR COUPE": {
      "years": [
        1988,
        1989
      ]
    },
    "CUTLASS CIERA INT'L SERIES 4DR SEDAN": {
      "years": [
        1988,
        1989
      ]
    },
    "CUTLASS CIERA BASE 2 DR COUPE": {
      "years": [
        1989
      ]
    },
    "CUTLASS CIERA BASE 4 DR SEDAN": {
      "years": [
        1989
      ]
    },
    "CUTLASS CIERA BASE/SL 4 DR SEDAN": {
      "years": [
        1990
      ]
    },
    "CUTLASS CIERA INTERNAT'L SERIES SEDAN": {
      "years": [
        1990
      ]
    },
    "CUTLASS CIERA S/SL 4 DR SEDAN": {
      "years": [
        1991,
        1992,
        1993
      ]
    },
    "CUTLASS CIERA 4DR SEDAN S/SL": {
      "years": [
        1994,
        1995,
        1996
      ]
    },
    "CUTLASS CIERA 4DR WAGON S/SL": {
      "years": [
        1996
      ]
    }
  },
  "Cutlass Cruiser": {
    "CUTLASS CRUISER WAGON": {
      "years": [
        1982,
        1987
      ]
    },
    "CUTLASS CRUISER BROUGHAM WAGON": {
      "years": [
        1987
      ]
    },
    "CUTLASS CRUISER BASE/BROUGHAM WAGON": {
      "years": [
        1988
      ]
    },
    "CUTLASS CRUISER BASE/SL WAGON": {
      "years": [
        1989,
        1990,
        1991,
        1992,
        1993
      ]
    },
    "CUTLASS CRUISER 4DR WAGON S/SL": {
      "years": [
        1994,
        1995
      ]
    }
  },
  "Cutlass Salon": {},
  "Cutlass Supreme": {
    "CUTLASS SUPREME 4 DR SD": {
      "years": [
        1982
      ]
    },
    "CUTLASS SUPREME BROUGHAM COUPE": {
      "years": [
        1985,
        1986
      ]
    },
    "CUTLASS SUPREME BROUGHAM SEDAN": {
      "years": [
        1985,
        1986
      ]
    },
    "CUTLASS SUPREME COUPE": {
      "years": [
        1985
      ]
    },
    "CUTLASS SUPREME SALON COUPE": {
      "years": [
        1985,
        1986
      ]
    },
    "CUTLASS SUPREME SEDAN": {
      "years": [
        1985,
        1986
      ]
    },
    "CUTLASS SUPREME 4 DR SEDAN": {
      "years": [
        1987
      ]
    },
    "CUTLASS SUPREME BROUGHAM 2 DR COUPE": {
      "years": [
        1987
      ]
    },
    "CUTLASS SUPREME BROUGHAM 4 DR SEDAN": {
      "years": [
        1987
      ]
    },
    "CUTLASS SUPREME SALON 2 DR COUPE": {
      "years": [
        1987
      ]
    },
    "CUTLASS SUPREME BASE/SL COUPE": {
      "years": [
        1988
      ]
    },
    "CUTLASS SUPREME CLASSIC 2 DR COUPE": {
      "years": [
        1988
      ]
    },
    "CUTLASS SUPREME CLASSIC BROUGHAM 2 DR": {
      "years": [
        1988
      ]
    },
    "CUTLASS SUPREME INT'L SERIES 2DR COUPE": {
      "years": [
        1988,
        1989
      ]
    },
    "CUTLASS SUPREME BASE/SL": {
      "years": [
        1989
      ]
    },
    "CUTLASS SUPREME CONVERTIBLE": {
      "years": [
        1990,
        1991,
        1992,
        1993
      ]
    },
    "CUTLASS SUPREME INTERNAT'L SERIES COUPE": {
      "years": [
        1990,
        1991,
        1992
      ]
    },
    "CUTLASS SUPREME INTERNAT'L SERIES SEDAN": {
      "years": [
        1990,
        1991,
        1992
      ]
    },
    "CUTLASS SUPREME BASE/SL 2DR COUPE": {
      "years": [
        1990,
        1991,
        1992
      ]
    },
    "CUTLASS SUPREME BASE/SL 4DR SEDAN": {
      "years": [
        1990,
        1991,
        1992
      ]
    },
    "CUTLASS SUPREME/INTERNATIONAL 2DR COUPE": {
      "years": [
        1993
      ]
    },
    "CUTLASS SUPREME/INTERNATIONAL 4DR SEDAN": {
      "years": [
        1993
      ]
    },
    "CUTLASS SUPREME 2DR CONVERTIBLE": {
      "years": [
        1994,
        1995
      ]
    },
    "CUTLASS SUPREME 2DR COUPE S/SL": {
      "years": [
        1994,
        1995,
        1996,
        1997
      ]
    },
    "CUTLASS SUPREME 4DR SEDAN S/SL": {
      "years": [
        1994,
        1995,
        1996,
        1997
      ]
    }
  },
  "Delta 88": {
    "DELTA 88 4 DR SD": {
      "years": [
        1981,
        1982
      ]
    },
    "DELTA 88 R.BROUGH. 2 DR": {
      "years": [
        1981
      ]
    },
    "DELTA 88 R.BROUGH. 4 DR WAGON": {
      "years": [
        1981
      ]
    },
    "DELTA 88 ROYAL 2 DR": {
      "years": [
        1981,
        1982
      ]
    },
    "DELTA 88 ROYAL 4 DR": {
      "years": [
        1981,
        1982
      ]
    },
    "DELTA 88 ROYAL BROUGH. 2 DR": {
      "years": [
        1982
      ]
    },
    "DELTA 88 ROYAL BROUGH. 4 DR": {
      "years": [
        1982
      ]
    },
    "DELTA 88 ROYALE & ROY. BROU. CP": {
      "years": [
        1983,
        1984
      ]
    },
    "DELTA 88 ROYALE & ROY. BROU. SD": {
      "years": [
        1983,
        1984
      ]
    },
    "DELTA 88 ROYALE BROUGHAM COUPE": {
      "years": [
        1985,
        1986
      ]
    },
    "DELTA 88 ROYALE BROUGHAM SEDAN": {
      "years": [
        1985,
        1986
      ]
    },
    "DELTA 88 ROYALE COUPE": {
      "years": [
        1985,
        1986
      ]
    },
    "DELTA 88 ROYALE LS SEDAN": {
      "years": [
        1985,
        1986
      ]
    },
    "DELTA 88 ROYALE SEDAN": {
      "years": [
        1985,
        1986
      ]
    },
    "DELTA 88 ROYALE BASE COUPE": {
      "years": [
        1986
      ]
    },
    "DELTA 88 ROYALE BASE SEDAN": {
      "years": [
        1986
      ]
    },
    "DELTA 88 ROYALE 2 DR COUPE": {
      "years": [
        1987
      ]
    },
    "DELTA 88 ROYALE 4 DR SEDAN": {
      "years": [
        1987
      ]
    },
    "DELTA 88 ROYALE BROUGHAM 2 DR COUPE": {
      "years": [
        1987,
        1988,
        1989
      ]
    },
    "DELTA 88 ROYALE BROUGHAM 4 DR SEDAN": {
      "years": [
        1987
      ]
    },
    "DELTA 88 ROYALE BASE/BROUGHAM 4 DR SEDAN": {
      "years": [
        1988
      ]
    },
    "DELTA 88 ROYALE BASE/BROUGHAM 4 DR": {
      "years": [
        1989
      ]
    }
  },
  "Eighty Eight (88)": {},
  "Firenza": {
    "FIRENZA 2 DR": {
      "years": [
        1982
      ]
    },
    "FIRENZA 4 DR": {
      "years": [
        1982
      ]
    },
    "FIRENZA & LX SD": {
      "years": [
        1983,
        1984
      ]
    },
    "FIRENZA & LX WAGON": {
      "years": [
        1983,
        1984
      ]
    },
    "FIRENZA SX HB CP": {
      "years": [
        1983,
        1984
      ]
    },
    "FIRENZA (BASE) SEDAN 4 DR": {
      "years": [
        1985,
        1986
      ]
    },
    "FIRENZA (BASE) WAGON": {
      "years": [
        1985
      ]
    },
    "FIRENZA 4 DR LX SEDAN": {
      "years": [
        1985,
        1986
      ]
    },
    "FIRENZA LX CRUISER WAGON": {
      "years": [
        1985,
        1986
      ]
    },
    "FIRENZA S COUPE HB": {
      "years": [
        1985
      ]
    },
    "FIRENZA SX COUPE HB": {
      "years": [
        1985
      ]
    },
    "FIRENZA COUPE BASE": {
      "years": [
        1986
      ]
    },
    "FIRENZA LC COUPE": {
      "years": [
        1986
      ]
    },
    "FIRENZA S/GT HATCHBACK (2-DR)": {
      "years": [
        1986
      ]
    },
    "FIRENZA 2 DR COUPE": {
      "years": [
        1987,
        1988
      ]
    },
    "FIRENZA 4 DR SEDAN": {
      "years": [
        1987,
        1988
      ]
    },
    "FIRENZA CRUISER WAGON": {
      "years": [
        1987
      ]
    },
    "FIRENZA GT 2 DR HATCHBACK": {
      "years": [
        1987
      ]
    },
    "FIRENZA LC 2 DR COUPE": {
      "years": [
        1987
      ]
    },
    "FIRENZA LX 4 DR SEDAN": {
      "years": [
        1987
      ]
    },
    "FIRENZA S 2 DR HATCHBACK": {
      "years": [
        1987
      ]
    },
    "FIRENZA WAGON": {
      "years": [
        1988
      ]
    }
  },
  "Intrigue": {
    "INTRIGUE 4DR SEDAN BASE/GL": {
      "years": [
        1998
      ]
    },
    "INTRIGUE 4DR SEDAN GX/GL/GLS": {
      "years": [
        1999,
        2000,
        2001,
        2002
      ]
    }
  },
  "LSS": {
    "88 ROYALE 4DR SEDAN BASE/LS/LSS": {
      "years": [
        1994,
        1995
      ]
    },
    "88 4DR SEDAN BASE/LS/LSS": {
      "years": [
        1996,
        1997,
        1998,
        1999
      ]
    }
  },
  "Ninety Eight (98)": {},
  "Omega": {
    "OMEGA 2 DR CP": {
      "years": [
        1981,
        1982
      ]
    },
    "OMEGA 4 DR SD": {
      "years": [
        1981,
        1982
      ]
    },
    "OMEGA BROUGH. 2 DR CP": {
      "years": [
        1981,
        1982
      ]
    },
    "OMEGA BROUGH. 4 DR SD": {
      "years": [
        1981,
        1982
      ]
    },
    "OMEGA & BROUGHAM CP": {
      "years": [
        1983,
        1984
      ]
    },
    "OMEGA & BROUGHAM SD": {
      "years": [
        1983,
        1984
      ]
    }
  },
  "Regency": {
    "NINETY-EIGHT REGENCY & REG. BROU. SD": {
      "years": [
        1983,
        1984
      ]
    },
    "NINETY-EIGHT REGENCY CP": {
      "years": [
        1983,
        1984
      ]
    },
    "98 REGENCY COUPE": {
      "years": [
        1985
      ]
    },
    "NINETY-EIGHT REGENCY SEDAN": {
      "years": [
        1985,
        1986
      ]
    },
    "98 REGENCY COUPE (BASE)": {
      "years": [
        1986
      ]
    },
    "NINETY-EIGHT REGENCY 4 DR SEDAN": {
      "years": [
        1987,
        1988,
        1989
      ]
    },
    "NINETY-EIGHT REGENCY BROUGHAM 2 DR COUPE": {
      "years": [
        1987
      ]
    },
    "NINETY EIGHT REGENCY TOURING SEDAN": {
      "years": [
        1988,
        1989
      ]
    },
    "NINETY-EIGHT REGENCY BROUGHAM 4 DR SEDAN": {
      "years": [
        1988
      ]
    },
    "NINETY-EIGHT REGENCY BROUGHAM 4 DR": {
      "years": [
        1989
      ]
    },
    "98 REGENCY BROUGHAM/TOURING 4DR SEDAN": {
      "years": [
        1990
      ]
    },
    "98 REGENCY ELITE/TOURING 4DR SEDAN": {
      "years": [
        1991,
        1992,
        1993
      ]
    },
    "98 REGENCY 4DR SEDAN ELITE": {
      "years": [
        1994,
        1995,
        1996
      ]
    }
  },
  "Silhouette": {
    "SILHOUETTE GS/GL/GLS": {
      "years": [
        1998,
        1999
      ]
    },
    "SILHOUETTE GS/GL/GLS EXTENDED W/B": {
      "years": [
        1998,
        1999,
        2000
      ]
    },
    "SILHOUETTE GL/GLS/PREMIERE": {
      "years": [
        2001,
        2002,
        2003
      ]
    },
    "SILHOUETTE GL/GLS/PREMIERE EDITION": {
      "years": [
        2004
      ]
    }
  },
  "Toronado": {
    "TORONADO": {
      "years": [
        1981
      ]
    },
    "TORONADO BROUGHAM": {
      "years": [
        1983,
        1984,
        1985,
        1986
      ]
    },
    "TORONADO BROUGHAM 2 DR COUPE": {
      "years": [
        1987
      ]
    },
    "TORONADO BASE/TROFEO 2 DR COUPE": {
      "years": [
        1988,
        1989
      ]
    },
    "TORONADO BASE/TROFEO 2DR COUPE": {
      "years": [
        1990,
        1991,
        1992
      ]
    }
  }
}