{
  "200": {},
  "210": {},
  "220": {},
  "310": {},
  "320": {},
  "325": {},
  "330": {},
  "335": {},
  "337": {},
  "340": {},
  "348": {},
  "349": {},
  "352": {},
  "353": {},
  "357": {},
  "359": {},
  "362": {},
  "363": {},
  "365": {},
  "367": {},
  "372": {},
  "375": {},
  "376": {},
  "377": {},
  "378": {},
  "379": {},
  "382": {},
  "384": {},
  "385": {},
  "386": {},
  "387": {},
  "388": {},
  "389": {},
  "397": {},
  "476": {},
  "477": {},
  "520": {},
  "535": {},
  "536": {},
  "537": {},
  "548": {},
  "567": {},
  "579": {},
  "587": {},
  "589": {},
  "Medium Duty COE": {}
}