{
  "405": {
    "405 DL/S SEDAN": {
      "years": [
        1989
      ]
    },
    "405 Mi 16 SEDAN": {
      "years": [
        1989
      ]
    },
    "405 DL/S/Mi 16 SEDAN": {
      "years": [
        1990,
        1991,
        1992
      ]
    }
  },
  "504": {
    "504 WAGON": {
      "years": [
        1981,
        1982
      ]
    }
  },
  "505": {
    "505": {
      "years": [
        1981,
        1982
      ]
    },
    "505 GL": {
      "years": [
        1983,
        1984
      ]
    },
    "505 S": {
      "years": [
        1983,
        1984
      ]
    },
    "505 STI": {
      "years": [
        1983,
        1984
      ]
    },
    "505 WAGON": {
      "years": [
        1983,
        1984
      ]
    },
    "505 GL 4 DR TURBO SEDAN": {
      "years": [
        1985,
        1986
      ]
    },
    "505 GL WAGON": {
      "years": [
        1985,
        1986,
        1987
      ]
    },
    "505 GL 4 DR SEDAN": {
      "years": [
        1987
      ]
    },
    "505 GLS 4 DR SEDAN": {
      "years": [
        1987
      ]
    },
    "505 GLS WAGON": {
      "years": [
        1987
      ]
    },
    "505 STI 4 DR SEDAN": {
      "years": [
        1987
      ]
    },
    "505 STX (V6) 4 DR SEDAN": {
      "years": [
        1987
      ]
    },
    "505 TURBO 4 DR SEDAN": {
      "years": [
        1987
      ]
    },
    "505 TURBO S, WAGON": {
      "years": [
        1987
      ]
    },
    "505 GL/GLX/STX/TURBO 4 DR SEDAN": {
      "years": [
        1988
      ]
    },
    "505 TURBO STATION WAGON": {
      "years": [
        1988
      ]
    }
  },
  "604": {
    "604": {
      "years": [
        1981,
        1982
      ]
    }
  }
}