{
  "Acclaim": {
    "ACCLAIME BASE/LE/LX 4 DR": {
      "years": [
        1989
      ]
    },
    "ACCLAIM BASE/LE/LX 4DR SEDAN": {
      "years": [
        1990,
        1991,
        1992,
        1993,
        1994,
        1995
      ]
    }
  },
  "Arrow": {},
  "Breeze": {
    "BREEZE 4DR SEDAN": {
      "years": [
        1996,
        1997,
        1998,
        1999
      ]
    }
  },
  "CARAVELLE": {
    "CARAVELLE": {
      "years": [
        1981,
        1982
      ]
    },
    "CARAVELLE 2 DR": {
      "years": [
        1983,
        1984,
        1985,
        1986
      ]
    },
    "CARAVELLE 4 DR": {
      "years": [
        1983,
        1984,
        1985
      ]
    },
    "CARAVELLE SALON": {
      "years": [
        1983,
        1984,
        1985,
        1986
      ]
    },
    "CARAVELLE BASE/SE (4-DR)": {
      "years": [
        1986
      ]
    },
    "CARAVELLE 4 DR SEDAN": {
      "years": [
        1987,
        1988
      ]
    },
    "CARAVELLE SALON 4 DR SEDAN": {
      "years": [
        1987,
        1988,
        1989
      ]
    },
    "CARAVELLE SE 4 DR SEDAN": {
      "years": [
        1987,
        1988
      ]
    }
  },
  "CONQUEST": {},
  "Champ": {},
  "Colt": {
    "COLT 2 DR HB": {
      "years": [
        1981,
        1982
      ]
    },
    "COLT E & DL HB 2 DR": {
      "years": [
        1983,
        1984
      ]
    },
    "COLT E & DL HB 4 DR": {
      "years": [
        1983,
        1984
      ]
    },
    "COLT 2DR COUPE GL": {
      "years": [
        1995,
        1996
      ]
    }
  },
  "GRAN FURY": {},
  "Grand Voyager": {
    "GRAND VOYAGER LE": {
      "years": [
        1988,
        1989
      ]
    },
    "GRAND VOYAGER SE": {
      "years": [
        1988,
        1989
      ]
    },
    "GRAND VOYAGER SE/LE WAGON": {
      "years": [
        1990,
        1991,
        1992,
        1993
      ]
    },
    "GRAND VOYAGER SE/LE AWD WAGON": {
      "years": [
        1991,
        1992,
        1993
      ]
    },
    "GRAND VOYAGER 3DR WAGON AWD SE/LE": {
      "years": [
        1994,
        1996
      ]
    },
    "GRAND VOYAGER 3DR WAGON BASE/SE/LE": {
      "years": [
        1994,
        1996
      ]
    },
    "GRAND VOYAGER 3DR WAGON AWD SE/LE/ES": {
      "years": [
        1995
      ]
    },
    "GRAND VOYAGER 3DR WAGON BASE/SE/LE/ES": {
      "years": [
        1995
      ]
    },
    "GRAND VOYAGER AWD SE/LE": {
      "years": [
        1997,
        1998,
        1999
      ]
    },
    "GRAND VOYAGER BASE/SE/LE": {
      "years": [
        1997,
        1998,
        1999
      ]
    }
  },
  "HORIZON": {
    "HORIZON 4 DR": {
      "years": [
        1981,
        1982
      ]
    },
    "HORIZON TC-3": {
      "years": [
        1981,
        1982
      ]
    },
    "HORIZON TYPE E": {
      "years": [
        1981
      ]
    },
    "HORIZON TYPE-E": {
      "years": [
        1982
      ]
    },
    "HORIZON & HORIZON SE": {
      "years": [
        1983,
        1984
      ]
    },
    "HORIZON SE": {
      "years": [
        1985,
        1986
      ]
    },
    "HORIZON BASE": {
      "years": [
        1986
      ]
    },
    "HORIZON 4DR HATCHBACK": {
      "years": [
        1990
      ]
    }
  },
  "Laser": {
    "LASER BASE/RS 2DR HATCHBACK": {
      "years": [
        1990
      ]
    },
    "LASER SPORTS COUPE/RS/RS TURBO": {
      "years": [
        1991
      ]
    },
    "LASER SPORTS COUPE/RS/RS TURBO/RS AWD": {
      "years": [
        1992,
        1993
      ]
    },
    "LASER 2DR HATCHBACK": {
      "years": [
        1994
      ]
    },
    "LASER 2DR HATCHBACK RS": {
      "years": [
        1994
      ]
    },
    "LASER 2DR HATCHBACK RS TURBO AWD": {
      "years": [
        1994
      ]
    }
  },
  "Neon": {
    "NEON 4DR SEDAN": {
      "years": [
        1994,
        1995,
        1996,
        1997,
        1998
      ]
    },
    "NEON 2DR COUPE": {
      "years": [
        1995,
        1996,
        1997,
        1998
      ]
    },
    "NEON 2DR COUPE BASE/EX/EXPRESSO": {
      "years": [
        1999
      ]
    },
    "NEON 4DR SEDAN BASE/EX/EXPRESSO/STYLE": {
      "years": [
        1999
      ]
    }
  },
  "Prowler": {
    "PROWLER 2DR CONVERTIBLE": {
      "years": [
        1997,
        1998,
        1999
      ]
    }
  },
  "RELIANT": {
    "RELIANT K SD 2 DR": {
      "years": [
        1981
      ]
    },
    "RELIANT K SD 4 DR": {
      "years": [
        1981
      ]
    },
    "RELIANT K WAGON": {
      "years": [
        1981,
        1982
      ]
    },
    "RELIANT K 2 DR SD": {
      "years": [
        1982
      ]
    },
    "RELIANT K 4 DR SD": {
      "years": [
        1982
      ]
    },
    "RELIANT & RELIANT SE 2 DR": {
      "years": [
        1983,
        1984
      ]
    },
    "RELIANT & RELIANT SE 4 DR": {
      "years": [
        1983,
        1984
      ]
    },
    "RELIANT CUST. & SE STAT. WAGON": {
      "years": [
        1983,
        1984
      ]
    },
    "RELIANT (BASE) 2 DR": {
      "years": [
        1985,
        1986
      ]
    },
    "RELIANT (BASE) 4 DR": {
      "years": [
        1985,
        1986
      ]
    },
    "RELIANT LE 2 DR": {
      "years": [
        1985,
        1986
      ]
    },
    "RELIANT LE WAGON": {
      "years": [
        1985,
        1986
      ]
    },
    "RELIANT SE 2 DR": {
      "years": [
        1985,
        1985,
        1986
      ]
    },
    "RELIANT SE 4 DR": {
      "years": [
        1985,
        1986
      ]
    },
    "RELIANT SE WAGON": {
      "years": [
        1985,
        1986
      ]
    },
    "RELIANT LE 4 DR": {
      "years": [
        1986
      ]
    },
    "RELIANT CANADA-K 2 DR SEDAN": {
      "years": [
        1987,
        1988,
        1989
      ]
    },
    "RELIANT CANADA-K 4 DR SEDAN": {
      "years": [
        1987,
        1988,
        1989
      ]
    },
    "RELIANT CANADA-K WAGON": {
      "years": [
        1987,
        1988
      ]
    }
  },
  "SAPPORO": {
    "SAPPORO": {
      "years": [
        1981,
        1982
      ]
    }
  },
  "Scamp": {},
  "Sundance": {
    "SUNDANCE 2 DR HATCHBACK": {
      "years": [
        1987,
        1988
      ]
    },
    "SUNDANCE 4 DR HATCHBACK": {
      "years": [
        1987,
        1988
      ]
    },
    "SUNDANCE 2 DR": {
      "years": [
        1989
      ]
    },
    "SUNDANCE 4 DR": {
      "years": [
        1989
      ]
    },
    "SUNDANCE 2DR HATCHBACK": {
      "years": [
        1990
      ]
    },
    "SUNDANCE 4DR HATCHBACK": {
      "years": [
        1990
      ]
    },
    "SUNDANCE 3DR HATCHBACK": {
      "years": [
        1991,
        1992
      ]
    },
    "SUNDANCE 5DR HATCHBACK": {
      "years": [
        1991,
        1992
      ]
    },
    "SUNDANCE/DUSTER 3DR HATCHBACK": {
      "years": [
        1993,
        1994
      ]
    },
    "SUNDANCE/DUSTER 5DR HATCHBACK": {
      "years": [
        1993,
        1994
      ]
    }
  },
  "TURISMO": {
    "TURISMO": {
      "years": [
        1982,
        1983,
        1984
      ]
    },
    "TURISMO 2.2": {
      "years": [
        1983,
        1984,
        1985,
        1986
      ]
    },
    "TURISMO (BASE)": {
      "years": [
        1985,
        1986
      ]
    },
    "TURISMO 2 DR HATCHBACK": {
      "years": [
        1987
      ]
    }
  },
  "Trailduster": {},
  "Voyager": {
    "VOYAGER & SE LIMITED": {
      "years": [
        1984
      ]
    },
    "VOYAGER": {
      "years": [
        1985,
        1988,
        1989
      ]
    },
    "VOYAGER BASE/SE/LE": {
      "years": [
        1986,
        1997,
        1998,
        1999
      ]
    },
    "VOYAGER (VAN)": {
      "years": [
        1987
      ]
    },
    "VOYAGER EXTENDED BODY LE VAN": {
      "years": [
        1987
      ]
    },
    "VOYAGER EXTENDED BODY SE VAN": {
      "years": [
        1987
      ]
    },
    "VOYAGER LE VAN": {
      "years": [
        1987
      ]
    },
    "VOYAGER SE VAN": {
      "years": [
        1987
      ]
    },
    "VOYAGER LE": {
      "years": [
        1988,
        1989
      ]
    },
    "VOYAGER SE": {
      "years": [
        1988,
        1989
      ]
    },
    "VOYAGER BASE/SE/LE WAGON": {
      "years": [
        1990,
        1991
      ]
    },
    "VOYAGER SE/LE AWD WAGON": {
      "years": [
        1991
      ]
    },
    "VOYAGER SE/LE/LX AWD WAGON": {
      "years": [
        1992,
        1993
      ]
    },
    "VOYAGER SE/LE/LX WAGON": {
      "years": [
        1992
      ]
    },
    "VOYAGER LE/LX WAGON": {
      "years": [
        1993
      ]
    },
    "VOYAGER SE WAGON": {
      "years": [
        1993
      ]
    },
    "VOYAGER 3DR WAGON AWD SE/LE": {
      "years": [
        1994
      ]
    },
    "VOYAGER 3DR WAGON BASE/SE/LE/LX": {
      "years": [
        1994
      ]
    },
    "VOYAGER 3DR WAGON BASE/SE/LE/ES": {
      "years": [
        1995
      ]
    },
    "VOYAGER 3DR WAGON BASE/SE/LE": {
      "years": [
        1996
      ]
    }
  }
}