{
  "6000": {
    "6000 2 DR CP": {
      "years": [
        1982
      ]
    },
    "6000 4 DR SD": {
      "years": [
        1982
      ]
    },
    "6000 LE 2 DR CP": {
      "years": [
        1982
      ]
    },
    "6000 LE 4 DR SD": {
      "years": [
        1982
      ]
    },
    "6000 & 6000 LE CP": {
      "years": [
        1983,
        1984
      ]
    },
    "6000 & 6000 STE SD": {
      "years": [
        1983,
        1984
      ]
    },
    "6000 & 6000 STAT. WAGON": {
      "years": [
        1984
      ]
    },
    "6000 COUPE": {
      "years": [
        1985,
        1986
      ]
    },
    "6000 SEDAN (BASE)": {
      "years": [
        1985,
        1986
      ]
    },
    "6000 STE SEDAN": {
      "years": [
        1985,
        1986
      ]
    },
    "6000 WAGON": {
      "years": [
        1985,
        1986,
        1987
      ]
    },
    "6000 2 DR COUPE": {
      "years": [
        1987
      ]
    },
    "6000 4 DR SEDAN": {
      "years": [
        1987
      ]
    },
    "6000 LE 4DR SEDAN": {
      "years": [
        1987
      ]
    },
    "6000 LE WAGON": {
      "years": [
        1987,
        1990,
        1991
      ]
    },
    "6000 SE 4 DR SEDAN": {
      "years": [
        1987
      ]
    },
    "6000 SE WAGON": {
      "years": [
        1987
      ]
    },
    "6000 STE 4 DR SEDAN": {
      "years": [
        1987
      ]
    },
    "6000 BASE/LE 4 DR SEDAN": {
      "years": [
        1988
      ]
    },
    "6000 BASE/LE WAGON": {
      "years": [
        1988
      ]
    },
    "6000 S/E/STE 4 DR SEDAN": {
      "years": [
        1988
      ]
    },
    "6000 STE ALL WHEEL DRIVE SEDAN": {
      "years": [
        1988,
        1989
      ]
    },
    "6000 SE": {
      "years": [
        1989
      ]
    },
    "6000/LE 4 DR SEDAN": {
      "years": [
        1989
      ]
    },
    "6000/LE WAGON": {
      "years": [
        1989
      ]
    },
    "6000 LE/SE 4DR SEDAN": {
      "years": [
        1990,
        1991
      ]
    }
  },
  "Acadian": {
    "ACADIAN 2 DR CP": {
      "years": [
        1981
      ]
    },
    "ACADIAN 4 DR HATCHBACK": {
      "years": [
        1981,
        1987
      ]
    },
    "ACADIAN S": {
      "years": [
        1981
      ]
    },
    "ACADIAN SCOOTER & ACADIAN 2 DR": {
      "years": [
        1983,
        1984
      ]
    },
    "ACADIAN SCOOTER & ACADIAN 4 DR": {
      "years": [
        1983,
        1984
      ]
    },
    "ACADIAN 2 DR": {
      "years": [
        1985,
        1986
      ]
    },
    "ACADIAN 4 DR": {
      "years": [
        1985
      ]
    },
    "ACADIAN BASE/LE HATCHBACK (4-DR)": {
      "years": [
        1986
      ]
    },
    "ACADIAN 2 DR COUPE": {
      "years": [
        1987
      ]
    }
  },
  "Aztek": {
    "AZTEK 4DR BASE/GT AWD": {
      "years": [
        2001
      ]
    },
    "AZTEK 4DR BASE/GT FWD": {
      "years": [
        2001
      ]
    },
    "AZTEK 4DR BASE/GT FWD/AWD": {
      "years": [
        2002,
        2003,
        2004,
        2005
      ]
    }
  },
  "Bonneville": {
    "BONNEVILLE & LE & BROUGH. SD": {
      "years": [
        1983,
        1984
      ]
    },
    "BONNEVILLE BROUGHAM SEDAN": {
      "years": [
        1985
      ]
    },
    "BONNEVILLE LE SEDAN": {
      "years": [
        1985
      ]
    },
    "BONNEVILLE SEDAN (BASE)": {
      "years": [
        1985
      ]
    },
    "BONNEVILLE BASE/LE/BROUGHAM SEDAN": {
      "years": [
        1986
      ]
    },
    "BONNEVILLE 4 DR SEDAN": {
      "years": [
        1987
      ]
    },
    "BONNEVILLE LE 4 DR SEDAN": {
      "years": [
        1987
      ]
    },
    "BONNEVILLE SE 4 DR SEDAN": {
      "years": [
        1987
      ]
    },
    "BONNEVILLE LE/SE/SSE 4 DR SEDAN": {
      "years": [
        1988,
        1989
      ]
    },
    "BONNEVILLE LE/SE/SSE 4DR SEDAN": {
      "years": [
        1990,
        1991
      ]
    },
    "BONNEVILLE SE/SSE/SSEi 4DR SEDAN": {
      "years": [
        1992,
        1993
      ]
    },
    "BONNEVILLE 4DR SEDAN SE": {
      "years": [
        1994,
        1995,
        1999,
        2000,
        2001,
        2002,
        2003
      ]
    },
    "BONNEVILLE 4DR SEDAN SSE": {
      "years": [
        1994
      ]
    },
    "BONNEVILLE 4DR SEDAN SSE/SSEi": {
      "years": [
        1995,
        1999
      ]
    },
    "BONNEVILLE 4DR SEDAN SE/SLE": {
      "years": [
        1996,
        1997,
        1998
      ]
    },
    "BONNEVILLE 4DR SEDAN SSE/SSEi V6": {
      "years": [
        1996,
        1997,
        1998
      ]
    },
    "BONNEVILLE 4DR SEDAN SLE/SSEi": {
      "years": [
        2000,
        2001,
        2002,
        2003
      ]
    },
    "BONNEVILLE 4DR SEDAN FWD /GXP": {
      "years": [
        2004,
        2005
      ]
    },
    "BONNEVILLE 4DR SEDAN FWD SE/SLE": {
      "years": [
        2004,
        2005
      ]
    }
  },
  "Catalina": {},
  "Fiero": {
    "FIERO & FIERO SE": {
      "years": [
        1984
      ]
    },
    "FIERO 2.4L": {
      "years": [
        1985
      ]
    },
    "FIERO GT 2.8L": {
      "years": [
        1985,
        1986
      ]
    },
    "FIERO 2.5L BASE": {
      "years": [
        1986
      ]
    },
    "FIERO SE": {
      "years": [
        1986
      ]
    },
    "FIERO SPORT": {
      "years": [
        1986
      ]
    },
    "FIERO 2 DR COUPE": {
      "years": [
        1987,
        1988
      ]
    },
    "FIERO GT 2 DR COUPE": {
      "years": [
        1987,
        1988
      ]
    },
    "FIERO SE 2 DR COUPE": {
      "years": [
        1987
      ]
    },
    "FIERO SPORT 2 DR COUPE": {
      "years": [
        1987
      ]
    },
    "FIERO FORMULA 2 DR COUPE": {
      "years": [
        1988
      ]
    }
  },
  "Firebird": {
    "FIREBIRD 2 DR CP": {
      "years": [
        1981,
        1982
      ]
    },
    "FIREBIRD SE 2 DR CP": {
      "years": [
        1982
      ]
    },
    "FIREBIRD TRANS 2 DR CP": {
      "years": [
        1982
      ]
    },
    "FIREBIRD": {
      "years": [
        1983,
        1984
      ]
    },
    "FIREBIRD SE": {
      "years": [
        1983,
        1984,
        1985,
        1986
      ]
    },
    "FIREBIRD TRANS AM": {
      "years": [
        1983,
        1984,
        1985,
        1986
      ]
    },
    "FIREBIRD (BASE)": {
      "years": [
        1985,
        1986
      ]
    },
    "FIREBIRD 2 DR HATCHBACK": {
      "years": [
        1987,
        1988,
        1989
      ]
    },
    "FIREBIRD FORMULA 2 DR HATCHBACK": {
      "years": [
        1987,
        1988,
        1989
      ]
    },
    "FIREBIRD TRANS AM/GTA 2 DR HATCHBACK": {
      "years": [
        1987,
        1988
      ]
    },
    "FIREBIRD TRANS AM/GTA 2 DR NOTCHBACK": {
      "years": [
        1989
      ]
    },
    "FIREBIRD BASE/FORMULA HATCHBACK": {
      "years": [
        1990,
        1991
      ]
    },
    "FIREBIRD TRANS AM/TRANS AM GTA HATCHBACK": {
      "years": [
        1990
      ]
    },
    "FIREBIRD TRANS AM/GTA HATCHBACK": {
      "years": [
        1991
      ]
    },
    "FIREBIRD FORMULA/TRANS AM/GTA HATCHBACK": {
      "years": [
        1992
      ]
    },
    "FIREBIRD/TRANS AM CONVERTIBLE": {
      "years": [
        1992
      ]
    },
    "FIREBIRD 2DR COUPE": {
      "years": [
        1993
      ]
    },
    "FIREBIRD FORMULA 2DR COUPE": {
      "years": [
        1993
      ]
    },
    "FIREBIRD TRANS AM 2DR COUPE": {
      "years": [
        1993
      ]
    },
    "FIREBIRD 2DR CONVERTIBLE": {
      "years": [
        1994,
        1995,
        1996,
        1997,
        1998,
        1999,
        2000
      ]
    },
    "FIREBIRD 2DR CONVERTIBLE FORMULA": {
      "years": [
        1994,
        1995,
        1996,
        1997
      ]
    },
    "FIREBIRD 2DR CONVERTIBLE TRANS AM": {
      "years": [
        1994,
        1995,
        1996,
        1997,
        1998,
        1999,
        2000,
        2001,
        2002
      ]
    },
    "FIREBIRD 2DR HATCHBACK COUPE": {
      "years": [
        1994,
        1995,
        1996,
        1997,
        1998,
        1999,
        2000
      ]
    },
    "FIREBIRD 2DR HATCHBACK FORMULA": {
      "years": [
        1994,
        1995,
        1996,
        1997,
        1998,
        1999
      ]
    },
    "FIREBIRD 2DR HATCHBACK TRANS AM GT": {
      "years": [
        1994,
        1995,
        1996,
        1997,
        1998,
        1999
      ]
    },
    "FIREBIRD 2DR HATCHBACK TRANS AM": {
      "years": [
        2000,
        2001,
        2002
      ]
    },
    "FIREBIRD 2DR HATCHBACK BASE/FORMULA": {
      "years": [
        2001,
        2002
      ]
    }
  },
  "Firefly": {
    "FIREFLY": {
      "years": [
        1985,
        1986
      ]
    },
    "FIREFLY 2 DR KAMBACK": {
      "years": [
        1987,
        1988
      ]
    },
    "FIREFLY 4 DR KAMBACK": {
      "years": [
        1987,
        1988
      ]
    },
    "FIREFLY TURBO 2 DR KAMBACK": {
      "years": [
        1987
      ]
    },
    "FIREFLY BASE/LE 2 DR": {
      "years": [
        1989
      ]
    },
    "FIREFLY BASE/LE 4 DR": {
      "years": [
        1989
      ]
    },
    "FIREFLY TURBO 2 DR": {
      "years": [
        1989
      ]
    },
    "FIREFLY BASE/LE 2DR HATCHBACK": {
      "years": [
        1990
      ]
    },
    "FIREFLY BASE/LE 4DR HATCHBACK": {
      "years": [
        1990
      ]
    },
    "FIREFLY CONVERTIBLE": {
      "years": [
        1990,
        1991
      ]
    },
    "FIREFLY TURBO 2DR HATCHBACK": {
      "years": [
        1990,
        1991
      ]
    },
    "FIREFLY 2DR HATCHBACK": {
      "years": [
        1991,
        1994,
        1999,
        2000
      ]
    },
    "FIREFLY 4DR HATCHBACK": {
      "years": [
        1991,
        1994
      ]
    },
    "FIREFLY 4DR SEDAN": {
      "years": [
        1994,
        1999,
        2000
      ]
    },
    "FIREFLY 2DR HATCHBACK BASE/SE": {
      "years": [
        1995,
        1996,
        1997,
        1998
      ]
    },
    "FIREFLY 4DR SEDAN BASE/SE": {
      "years": [
        1995,
        1996,
        1997,
        1998
      ]
    }
  },
  "G3": {
    "G3 WAVE 4DR HATCH FWD /SE": {
      "years": [
        2009,
        2010
      ]
    },
    "G3 WAVE 4DR SEDAN FWD /SE": {
      "years": [
        2009,
        2010
      ]
    }
  },
  "G5": {
    "G5 2DR COUPE FWD /SE/GT": {
      "years": [
        2007,
        2008,
        2009,
        2010
      ]
    },
    "G5 4DR SEDAN FWD /SE/GT": {
      "years": [
        2007,
        2008,
        2009,
        2010
      ]
    }
  },
  "G6": {
    "G6 4DR SEDAN FWD V6/GT": {
      "years": [
        2005
      ]
    },
    "G6 2DR CONV FWD GT/GTP": {
      "years": [
        2006,
        2007
      ]
    },
    "G6 2DR COUPE FWD GT/GTP": {
      "years": [
        2006,
        2007,
        2008,
        2009
      ]
    },
    "G6 4DR SEDAN FWD /V6": {
      "years": [
        2006
      ]
    },
    "G6 4DR SEDAN FWD GT": {
      "years": [
        2006,
        2007,
        2008,
        2009
      ]
    },
    "G6 4DR SEDAN FWD GTP": {
      "years": [
        2006,
        2007
      ]
    },
    "G6 4DR SEDAN FWD /SE": {
      "years": [
        2007,
        2008,
        2009
      ]
    },
    "G6 4DR SEDAN FWD GXP": {
      "years": [
        2008,
        2009
      ]
    },
    "G6 GT CONVERTIBLE 2DR FWD": {
      "years": [
        2008,
        2009
      ]
    }
  },
  "G8": {
    "G8 BASE 4DR SEDAN RWD": {
      "years": [
        2008
      ]
    },
    "G8 GT 4DR SEDAN RWD": {
      "years": [
        2008
      ]
    },
    "G8 4DR SEDAN RWD /BASE": {
      "years": [
        2009
      ]
    },
    "G8 4DR SEDAN RWD /GT/GXP": {
      "years": [
        2009
      ]
    }
  },
  "GTO": {},
  "Grand AM": {
    "GRAND AM COUPE": {
      "years": [
        1985
      ]
    },
    "GRAND AM BASE/LE/SE COUPE": {
      "years": [
        1986
      ]
    },
    "GRAND AM BASE/LE/SE SEDAN": {
      "years": [
        1986
      ]
    },
    "GRAND AM 2 DR COUPE": {
      "years": [
        1987
      ]
    },
    "GRAND AM 4 DR SEDAN": {
      "years": [
        1987
      ]
    },
    "GRAND AM LE 2 DR COUPE": {
      "years": [
        1987
      ]
    },
    "GRAND AM LE 4 DR SEDAN": {
      "years": [
        1987
      ]
    },
    "GRAND AM SE 2 DR COUPE": {
      "years": [
        1987,
        1988,
        1989
      ]
    },
    "GRAND AM SE 4 DR SEDAN": {
      "years": [
        1987,
        1988,
        1989
      ]
    },
    "GRAND AM BASE/LE 2 DR COUPE": {
      "years": [
        1988,
        1989
      ]
    },
    "GRAND AM BASE/LE 4 DR SEDAN": {
      "years": [
        1988,
        1989
      ]
    },
    "GRAND AM LE/SE 4DR SEDAN": {
      "years": [
        1990,
        1991
      ]
    },
    "GRAND AM LE/SE 2DR COUPE": {
      "years": [
        1990,
        1991
      ]
    },
    "GRAND AM SE/GT 2DR COUPE": {
      "years": [
        1992,
        1993
      ]
    },
    "GRAND AM SE/GT 4DR SEDAN": {
      "years": [
        1992,
        1993
      ]
    },
    "GRAND AM 2DR COUPE SE/GT": {
      "years": [
        1994,
        1995,
        1996,
        1997,
        1999,
        2000,
        2001,
        2002,
        2003
      ]
    },
    "GRAND AM 4DR SEDAN SE/GT": {
      "years": [
        1994,
        1995,
        1997,
        1998,
        1999,
        2000,
        2001,
        2002,
        2003
      ]
    },
    "GRAND AM 4DR SEDAN SE/GT V6": {
      "years": [
        1996
      ]
    },
    "GRAND AM 2DR COUPE GT": {
      "years": [
        1998
      ]
    },
    "GRAND AM 2DR COUPE SE": {
      "years": [
        1998
      ]
    },
    "GRAND AM 4DR SEDAN GT": {
      "years": [
        1998
      ]
    },
    "GRAND AM 2DR COUPE FWD /GT": {
      "years": [
        2004,
        2005
      ]
    },
    "GRAND AM 4DR SEDAN FWD /SE/SE1/GT": {
      "years": [
        2004
      ]
    }
  },
  "Grand Lemans": {
    "GRAND LE MANS 4 DR": {
      "years": [
        1982
      ]
    },
    "GRAND LE MANS 4 DR WAGON": {
      "years": [
        1982
      ]
    },
    "GRAND LE MANS BROUGH. 4 DR SD": {
      "years": [
        1982
      ]
    }
  },
  "Grand Prix": {
    "GRAND PRIX": {
      "years": [
        1981
      ]
    },
    "GRAND PRIX 2 DR CP": {
      "years": [
        1982
      ]
    },
    "GRAND PRIX BROUGH. 2 DR CP": {
      "years": [
        1982
      ]
    },
    "GRAND PRIX LJ 2 DR CP": {
      "years": [
        1982
      ]
    },
    "GRAND PRIX & LE & BROUGH.": {
      "years": [
        1983,
        1984
      ]
    },
    "GRAND PRIX (BASE)": {
      "years": [
        1985,
        1986
      ]
    },
    "GRAND PRIX BROUGHAM": {
      "years": [
        1985,
        1986
      ]
    },
    "GRAND PRIX LE": {
      "years": [
        1985,
        1986
      ]
    },
    "GRAND PRIX 2 DR COUPE": {
      "years": [
        1987
      ]
    },
    "GRAND PRIX BROUGHAM 2 DR COUPE": {
      "years": [
        1987
      ]
    },
    "GRAND PRIX LE 2 DR COUPE": {
      "years": [
        1987
      ]
    },
    "GRAND PRIX BASE/LE/SE 2 DR COUPE": {
      "years": [
        1988,
        1989
      ]
    },
    "GRAND PRIX LE/SE 2DR COUPE": {
      "years": [
        1990
      ]
    },
    "GRAND PRIX LE/STE 4DR SEDAN": {
      "years": [
        1990
      ]
    },
    "GRAND PRIX GT/SE 2DR COUPE": {
      "years": [
        1991,
        1992,
        1993
      ]
    },
    "GRAND PRIX GTP COUPE": {
      "years": [
        1991
      ]
    },
    "GRAND PRIX LE/SE/STE 4DR SEDAN": {
      "years": [
        1991,
        1992,
        1993
      ]
    },
    "GRAND PRIX 2DR COUPE SE/GT": {
      "years": [
        1994,
        1995,
        1996
      ]
    },
    "GRAND PRIX 4DR SEDAN LE/SE": {
      "years": [
        1994
      ]
    },
    "GRAND PRIX 4DR SEDAN SE/GT": {
      "years": [
        1995,
        1996
      ]
    },
    "GRAND PRIX 2DR COUPE GT/GTD": {
      "years": [
        1997
      ]
    },
    "GRAND PRIX 4DR SEDAN SE/GT/GTD": {
      "years": [
        1997
      ]
    },
    "GRAND PRIX 2DR COUPE GT/GTP": {
      "years": [
        1998,
        1999,
        2000,
        2001,
        2002,
        2003
      ]
    },
    "GRAND PRIX 4DR SEDAN GT/GTP": {
      "years": [
        1998,
        1999,
        2000,
        2001,
        2002,
        2003
      ]
    },
    "GRAND PRIX 4DR SEDAN SE": {
      "years": [
        1998,
        1999,
        2000,
        2001,
        2002,
        2003
      ]
    },
    "GRAND PRIX 4DR SEDAN FWD /GT1/GT2": {
      "years": [
        2004
      ]
    },
    "GRAND PRIX 4DR SEDAN FWD /GTP": {
      "years": [
        2004
      ]
    },
    "GRAND PRIX 4DR SEDAN FWD /GT": {
      "years": [
        2005,
        2006,
        2007
      ]
    },
    "GRAND PRIX 4DR SEDAN FWD /GTP/GXP": {
      "years": [
        2005
      ]
    },
    "GRAND PRIX 4DR SEDAN FWD GXP": {
      "years": [
        2006,
        2007
      ]
    },
    "GRAND PRIX BASE 4DR SEDAN FWD": {
      "years": [
        2008,
        2009
      ]
    },
    "GRAND PRIX GXP 4DR SEDAN FWD": {
      "years": [
        2008,
        2009
      ]
    }
  },
  "J2000": {
    "J2000 2 DR CP": {
      "years": [
        1982
      ]
    },
    "J2000 3 DR HB CP": {
      "years": [
        1982
      ]
    },
    "J2000 4 DR SD": {
      "years": [
        1982
      ]
    },
    "J2000 4 DR WAGON": {
      "years": [
        1982
      ]
    },
    "J2000 LE 2 DR CP": {
      "years": [
        1982
      ]
    },
    "J2000 LE 4 DR SD": {
      "years": [
        1982
      ]
    },
    "J2000 SE 3 DR HB CP": {
      "years": [
        1982
      ]
    }
  },
  "Laurentian": {},
  "Lemans": {
    "LE MANS 2 DR": {
      "years": [
        1981
      ]
    },
    "LE MANS 4 DR": {
      "years": [
        1981
      ]
    },
    "LE MANS WAGON": {
      "years": [
        1981
      ]
    },
    "LE MANS AERO COUPE/SE 3DR HATCHBACK": {
      "years": [
        1992
      ]
    },
    "LE MANS SE SEDAN": {
      "years": [
        1992
      ]
    }
  },
  "Matiz": {},
  "Montana": {
    "MONTANA": {
      "years": [
        2000
      ]
    },
    "MONTANA EXTENDED W/B": {
      "years": [
        2000
      ]
    },
    "MONTANA EWB BASE/SE/GT/VISION": {
      "years": [
        2001
      ]
    },
    "MONTANA RWB BASE/SE/GT": {
      "years": [
        2001
      ]
    },
    "MONTANA EWB BASE/SE/GT/VISION/THUNDER": {
      "years": [
        2002
      ]
    },
    "MONTANA SWB BASE/SE/GT": {
      "years": [
        2002,
        2003,
        2004
      ]
    },
    "MONTANA EWB BASE/SE/GT": {
      "years": [
        2003,
        2004
      ]
    },
    "MONTANA EWB BASE/SE/GT AWD": {
      "years": [
        2003,
        2004
      ]
    },
    "MONTANA 4DR MINIVAN /SE/GT": {
      "years": [
        2005
      ]
    }
  },
  "Montana SV6": {
    "MONTANA SV6 EWB AWD MINIVAN /UPLEVEL 1/UPLEVE": {
      "years": [
        2005,
        2006
      ]
    },
    "MONTANA SV6 EWB FWD MINIVAN /UPLEVEL 1/UPLEVE": {
      "years": [
        2005,
        2006
      ]
    },
    "MONTANA SV6 SWB AWD MINIVAN /UPLEVEL 1/UPLEVE": {
      "years": [
        2005
      ]
    },
    "MONTANA SV6 SWB FWD MINIVAN /UPLEVEL 1/UPLEVE": {
      "years": [
        2005,
        2006
      ]
    },
    "MONTANA SV6 EWB FWD MINIVAN": {
      "years": [
        2007,
        2008,
        2009
      ]
    },
    "MONTANA SV6 SWB FWD MINIVAN": {
      "years": [
        2007,
        2008,
        2009
      ]
    }
  },
  "Parisienne": {
    "PARISIENNE 2 DR CP": {
      "years": [
        1981,
        1982
      ]
    },
    "PARISIENNE 4 DR SD": {
      "years": [
        1981,
        1982
      ]
    },
    "PARISIENNE WAGON": {
      "years": [
        1981,
        1985,
        1986
      ]
    },
    "PARISIENNE 4 DR WAGON": {
      "years": [
        1982,
        1982
      ]
    },
    "PARISIENNE BROUGH. 2 DR": {
      "years": [
        1982
      ]
    },
    "PARISIENNE BROUGH. 4 DR": {
      "years": [
        1982
      ]
    },
    "PARISIENNE & BROUGHAM": {
      "years": [
        1983,
        1984
      ]
    },
    "PARISIENNE STAT. WAGON": {
      "years": [
        1983,
        1984
      ]
    },
    "PARISIENNE": {
      "years": [
        1985,
        1986
      ]
    }
  },
  "Phoenix": {
    "PHOENIX HATCHBACK": {
      "years": [
        1981
      ]
    },
    "PHOENIX NOTCHBACK": {
      "years": [
        1981
      ]
    },
    "PHOENIX 5 DR HB SD": {
      "years": [
        1982
      ]
    },
    "PHOENIX LJ 2 DR CP": {
      "years": [
        1982
      ]
    },
    "PHOENIX LJ 5 DR HB SD": {
      "years": [
        1982
      ]
    },
    "PHOENIX SJ 2 DR CP": {
      "years": [
        1982
      ]
    },
    "PHOENIX SJ 5 DR HB SD": {
      "years": [
        1982
      ]
    },
    "PHOENIX PJ & LE CP & PHOENIX": {
      "years": [
        1983,
        1984
      ]
    },
    "PHOENIX PJ & LE HB SD & PHONENIX": {
      "years": [
        1983
      ]
    },
    "PHOENIX SG CP": {
      "years": [
        1983,
        1984
      ]
    },
    "PHOENIX PJ & LE HB SD & PHOENIX": {
      "years": [
        1984
      ]
    }
  },
  "Pursuit": {
    "PURSUIT 4DR SEDAN FWD /SE/GT": {
      "years": [
        2005,
        2006
      ]
    },
    "PURSUIT 2DR COUPE FWD /SE/GT": {
      "years": [
        2006
      ]
    }
  },
  "Safari": {
    "SAFARI WAGON": {
      "years": [
        1987,
        1988,
        1989
      ]
    }
  },
  "Solstice": {
    "SOLSTICE 2DR CONV RWD": {
      "years": [
        2006,
        2007,
        2008,
        2009
      ]
    },
    "SOLSTICE 2DR COUPE RWD": {
      "years": [
        2009
      ]
    }
  },
  "Sunbird": {
    "2000 SUNBIRD & LE & SE CP": {
      "years": [
        1983,
        1984
      ]
    },
    "2000 SUNBIRD & LE WAGON": {
      "years": [
        1983,
        1984
      ]
    },
    "2000 SUNBIRD & SE SD": {
      "years": [
        1983,
        1984
      ]
    },
    "2000 SUNBIRD CONV.": {
      "years": [
        1983,
        1984
      ]
    },
    "2000 SUNBIRD HB & SE HB": {
      "years": [
        1983,
        1984
      ]
    },
    "2000 SUNBIRD HB CP": {
      "years": [
        1983,
        1984
      ]
    },
    "SUNBIRD CONVERTIBLE": {
      "years": [
        1985,
        1986
      ]
    },
    "SUNBIRD HATCHBACK 2 DR": {
      "years": [
        1985
      ]
    },
    "SUNBIRD LE COUPE 2 DR": {
      "years": [
        1985,
        1986
      ]
    },
    "SUNBIRD LE SEDAN 4 DR": {
      "years": [
        1985
      ]
    },
    "SUNBIRD LE WAGON": {
      "years": [
        1985
      ]
    },
    "SUNBIRD SE TURBO COUPE": {
      "years": [
        1985,
        1986
      ]
    },
    "SUNBIRD SE TURBO HATCHBACK": {
      "years": [
        1985,
        1986
      ]
    },
    "SUNBIRD SE TURBO SEDAN": {
      "years": [
        1985
      ]
    },
    "SUNBIRD GT CONVERTIBLE": {
      "years": [
        1986,
        1987,
        1988,
        1989
      ]
    },
    "SUNBIRD GT COUPE": {
      "years": [
        1986,
        1989
      ]
    },
    "SUNBIRD GT HATCHBACK": {
      "years": [
        1986
      ]
    },
    "SUNBIRD GT SEDAN": {
      "years": [
        1986
      ]
    },
    "SUNBIRD S/BASE SEDAN (4-DR)": {
      "years": [
        1986
      ]
    },
    "SUNBIRD SE COUPE": {
      "years": [
        1986
      ]
    },
    "SUNBIRD SE HATCHBACK (2-DR)": {
      "years": [
        1986
      ]
    },
    "SUNBIRD SE WAGON": {
      "years": [
        1986,
        1988
      ]
    },
    "SUNBIRD 4 DR SEDAN": {
      "years": [
        1987
      ]
    },
    "SUNBIRD GT 2 DR COUPE": {
      "years": [
        1987
      ]
    },
    "SUNBIRD GT 2 DR HATCHBACK": {
      "years": [
        1987
      ]
    },
    "SUNBIRD GT 4 DR SEDAN": {
      "years": [
        1987
      ]
    },
    "SUNBIRD S 4 DR SEDAN": {
      "years": [
        1987
      ]
    },
    "SUNBIRD SAFARI WAGON": {
      "years": [
        1987
      ]
    },
    "SUNBIRD SE 2 DR COUPE": {
      "years": [
        1987
      ]
    },
    "SUNBIRD SE 2 DR HATCHBACK": {
      "years": [
        1987
      ]
    },
    "SUNBIRD SE CONVERTIBLE": {
      "years": [
        1987,
        1992,
        1993
      ]
    },
    "SUNBIRD BASE/SE 4 DR SEDAN": {
      "years": [
        1988
      ]
    },
    "SUNBIRD SE/GT 2 DR COUPE": {
      "years": [
        1988
      ]
    },
    "SUNBIRD SE/LE COUPE": {
      "years": [
        1989
      ]
    },
    "SUNBIRD/LE 4 DR SEDAN": {
      "years": [
        1989
      ]
    },
    "SUNBIRD LE 4DR SEDAN": {
      "years": [
        1990,
        1991
      ]
    },
    "SUNBIRD LE CONVERTIBLE": {
      "years": [
        1990,
        1991
      ]
    },
    "SUNBIRD LE/SE/GT 2DR COUPE": {
      "years": [
        1990,
        1991,
        1992,
        1993
      ]
    },
    "SUNBIRD LE/SE 4DR SEDAN": {
      "years": [
        1992,
        1993
      ]
    },
    "SUNBIRD 2DR CONVERTIBLE LE": {
      "years": [
        1994
      ]
    },
    "SUNBIRD 2DR COUPE SE": {
      "years": [
        1994
      ]
    },
    "SUNBIRD 4DR SEDAN LE": {
      "years": [
        1994
      ]
    }
  },
  "Sunbird 2000": {},
  "Sunburst": {
    "SUNBURST 2 DR": {
      "years": [
        1985,
        1986
      ]
    },
    "SUNBURST 4 DR": {
      "years": [
        1985,
        1986,
        1987
      ]
    }
  },
  "Sunfire": {
    "SUNFIRE 2DR CONVERTIBLE SE": {
      "years": [
        1995,
        1996,
        1997,
        1998
      ]
    },
    "SUNFIRE 2DR COUPE GT": {
      "years": [
        1995,
        1996,
        1997,
        1998,
        1999,
        2000,
        2001,
        2002,
        2003
      ]
    },
    "SUNFIRE 2DR COUPE SE": {
      "years": [
        1995,
        1996,
        1997,
        1998,
        1999,
        2000
      ]
    },
    "SUNFIRE 4DR SEDAN SE": {
      "years": [
        1995,
        1996,
        1997,
        1998,
        1999,
        2000
      ]
    },
    "SUNFIRE 2DR CONVERTIBLE GT": {
      "years": [
        1999,
        2000
      ]
    },
    "SUNFIRE 2DR COUPE BASE": {
      "years": [
        2001,
        2002
      ]
    },
    "SUNFIRE 4DR SEDAN GTX": {
      "years": [
        2001,
        2002
      ]
    },
    "SUNFIRE 4DR SEDAN SL/SLX": {
      "years": [
        2001,
        2002,
        2003
      ]
    },
    "SUNFIRE 2DR COUPE SL/SLX": {
      "years": [
        2003
      ]
    },
    "SUNFIRE 2DR COUPE FWD /SL/GT": {
      "years": [
        2004,
        2005
      ]
    },
    "SUNFIRE 4DR SEDAN FWD /SL/SLX": {
      "years": [
        2004,
        2005
      ]
    }
  },
  "T1000": {
    "T1000 3 DR HB CP": {
      "years": [
        1982
      ]
    },
    "T1000 5 DR HB SD": {
      "years": [
        1982
      ]
    }
  },
  "Tempest": {
    "TEMPEST 4 DR SEDAN": {
      "years": [
        1987,
        1988
      ]
    },
    "TEMPEST BASE/LE SEDAN": {
      "years": [
        1989
      ]
    },
    "TEMPEST BASE/LE 4DR SEDAN": {
      "years": [
        1990,
        1991
      ]
    }
  },
  "Torrent": {
    "TORRENT /SPORT 4DR SUV AWD": {
      "years": [
        2006,
        2007
      ]
    },
    "TORRENT /SPORT 4DR SUV FWD": {
      "years": [
        2006,
        2007
      ]
    },
    "TORRENT 4DR SUV FWD BASE/GT": {
      "years": [
        2008,
        2009
      ]
    },
    "TORRENT 4DR SUV FWD GXP": {
      "years": [
        2008,
        2009
      ]
    }
  },
  "Trans Sport": {
    "TRANS SPORT BASE/SE WAGON": {
      "years": [
        1990,
        1991,
        1992,
        1993
      ]
    },
    "TRANS SPORT 3DR WAGON BASE/SE": {
      "years": [
        1994,
        1995,
        1996
      ]
    },
    "TRANS SPORT": {
      "years": [
        1997,
        1998,
        1999
      ]
    },
    "TRANS SPORT EXTENDED W/B": {
      "years": [
        1997,
        1998,
        1999
      ]
    }
  },
  "Vibe": {
    "VIBE / BASE": {
      "years": [
        2003,
        2004
      ]
    },
    "VIBE / GT": {
      "years": [
        2003,
        2004
      ]
    },
    "VIBE/ AWD": {
      "years": [
        2003,
        2004
      ]
    },
    "VIBE 4DR WAGON FWD": {
      "years": [
        2005,
        2006,
        2007
      ]
    },
    "VIBE 4DR WAGON FWD / GT": {
      "years": [
        2005,
        2006
      ]
    },
    "VIBE4DR WAGON AWD": {
      "years": [
        2005,
        2006
      ]
    },
    "VIBE AWD 4DR WAGON AWD": {
      "years": [
        2009,
        2010
      ]
    },
    "VIBE BASE 4DR WAGON FWD": {
      "years": [
        2009,
        2010
      ]
    },
    "VIBE GT 4DR WAGON FWD": {
      "years": [
        2009,
        2010
      ]
    }
  },
  "Wave": {
    "WAVE 4DR HATCH FWD /BASE/UPLEVEL": {
      "years": [
        2005,
        2006
      ]
    },
    "WAVE 4DR SEDAN FWD /BASE/UPLEVEL": {
      "years": [
        2005,
        2006
      ]
    },
    "WAVE 4DR HATCH FWD /SE": {
      "years": [
        2007,
        2008
      ]
    },
    "WAVE 4DR SEDAN FWD /SE": {
      "years": [
        2007,
        2008
      ]
    }
  }
}