{
  "718 Boxster": {
    "718 BOXSTER BASE/S 2DR CONVERTIBLE": {
      "years": [
        2016,
        2017,
        2018,
        2019,
        2020,
        2021,
        2022,
        2023,
        2024
      ]
    },
    "718 BOXSTER GTS 2DR CONVERTIBLE": {
      "years": [
        2019,
        2020,
        2021,
        2022,
        2023,
        2024
      ]
    }
  },
  "718 Cayman": {
    "718 CAYMAN BASE/S 2DR COUPE RWD": {
      "years": [
        2017,
        2018,
        2019,
        2020,
        2021,
        2022,
        2023,
        2024
      ]
    },
    "718 CAYMAN GTS 2DR COUPE RWD": {
      "years": [
        2019,
        2020,
        2021,
        2022,
        2023,
        2024
      ]
    },
    "718 CAYMAN GT4 2DR COUPE RWD": {
      "years": [
        2021,
        2022,
        2023,
        2024
      ]
    }
  },
  "718 Spyder": {},
  "911": {
    "911SC": {
      "years": [
        1981
      ]
    },
    "911 SC": {
      "years": [
        1982
      ]
    },
    "911 CABRIOLET": {
      "years": [
        1983,
        1984,
        1985
      ]
    },
    "911 CP & TARGA": {
      "years": [
        1983,
        1984
      ]
    },
    "911 SC TURBO": {
      "years": [
        1983,
        1984,
        1985
      ]
    },
    "911 COUPE": {
      "years": [
        1985
      ]
    },
    "911 CARRERA CABRIOLET": {
      "years": [
        1986,
        1999,
        2000,
        2001,
        2002,
        2003
      ]
    },
    "911 CARRERA COUPE/TARGA": {
      "years": [
        1986,
        1988
      ]
    },
    "911 TURBO": {
      "years": [
        1986
      ]
    },
    "911 CARRERA CABRIOLET (CONVERTIBLE)": {
      "years": [
        1987
      ]
    },
    "911 CARRERA COUPE 2 DR": {
      "years": [
        1987
      ]
    },
    "911 TARGA 2 DR COUPE": {
      "years": [
        1987
      ]
    },
    "911 TURBO 2 DR COUPE": {
      "years": [
        1987
      ]
    },
    "911 CARRERA": {
      "years": [
        1988
      ]
    },
    "911 TURBO CABRIOLET": {
      "years": [
        1988,
        1989
      ]
    },
    "911 TURBO COUPE/TARGA": {
      "years": [
        1988,
        1989
      ]
    },
    "911 CARRERA 4 4WD COUPE": {
      "years": [
        1989
      ]
    },
    "911 CARRERA COUPE/TARGA/CABRIOLET/SPEED": {
      "years": [
        1989
      ]
    },
    "911 CARRERA 2/CARRERA 4 4WD 2DR COUPE": {
      "years": [
        1990,
        1991,
        1992,
        1993
      ]
    },
    "911 CARRERA 2/CARRERA 4 4WD CABRIOLET": {
      "years": [
        1990,
        1991,
        1992,
        1993
      ]
    },
    "911 CARRERA 2/CARRERA 4 4WD TARGA": {
      "years": [
        1990,
        1991,
        1992,
        1993
      ]
    },
    "911 TURBO COUPE": {
      "years": [
        1991,
        1992,
        1993,
        2000,
        2001,
        2002,
        2003
      ]
    },
    "911 CABRIOLET CARRERA 2/CARRERA 4 4WD": {
      "years": [
        1994
      ]
    },
    "911 COUPE CARRERA 2/CARRERA 4 4WD": {
      "years": [
        1994
      ]
    },
    "911 COUPE TURBO 3.6L": {
      "years": [
        1994
      ]
    },
    "911 SPEEDSTER 2DR CONVERTIBLE": {
      "years": [
        1994
      ]
    },
    "911 TARGA CARRERA 2/CARRERA 4 4WD": {
      "years": [
        1994
      ]
    },
    "911 CABRIOLET CARRERA/CARRERA 4 4WD": {
      "years": [
        1995
      ]
    },
    "911 COUPE CARRERA/CARRERA 4 4WD": {
      "years": [
        1995
      ]
    },
    "911 COUPE TWIN TURBO 3.6L": {
      "years": [
        1995
      ]
    },
    "911 CABRIOLET CARRERA": {
      "years": [
        1996,
        1997,
        1998
      ]
    },
    "911 CABRIOLET CARRERA 4 AWD": {
      "years": [
        1996,
        1997
      ]
    },
    "911 COUPE CARRERA": {
      "years": [
        1996,
        1997
      ]
    },
    "911 COUPE CARRERA 4 AWD/4S AWD": {
      "years": [
        1996
      ]
    },
    "911 COUPE TWIN TURBO 3.6L AWD": {
      "years": [
        1996,
        1997
      ]
    },
    "911 TARGA CARRERA": {
      "years": [
        1996,
        1997,
        1998
      ]
    },
    "911 COUPE CARRERA 4S AWD": {
      "years": [
        1997,
        1998
      ]
    },
    "911 CABRIOLET CARRERA C4 AWD": {
      "years": [
        1998
      ]
    },
    "911 COUPE CARRERA S": {
      "years": [
        1998
      ]
    },
    "911 CARRERA COUPE": {
      "years": [
        1999,
        2000,
        2001,
        2002,
        2003
      ]
    },
    "911 CARRERA 4 CABRIOLET": {
      "years": [
        2000,
        2001
      ]
    },
    "911 CARRERA 4 COUPE": {
      "years": [
        2000,
        2001
      ]
    },
    "911 CARRERA  4 CABRIOLET": {
      "years": [
        2002,
        2003
      ]
    },
    "911 CARRERA CARRERA 4S": {
      "years": [
        2002,
        2003
      ]
    },
    "911 CARRERA TARGA": {
      "years": [
        2002,
        2003
      ]
    },
    "911 GT2 2DR COUPE RWD": {
      "years": [
        2002,
        2003,
        2004,
        2008,
        2009,
        2010,
        2011
      ]
    },
    "911 CARRERA 2DR CONV AWD 4 CABRIOLET": {
      "years": [
        2004
      ]
    },
    "911 CARRERA 2DR CONV AWD 4S CABRIOLET": {
      "years": [
        2004
      ]
    },
    "911 CARRERA 2DR CONV RWD CABRIOLET": {
      "years": [
        2004
      ]
    },
    "911 CARRERA 2DR COUPE AWD 4S": {
      "years": [
        2004
      ]
    },
    "911 CARRERA 2DR COUPE RWD": {
      "years": [
        2004
      ]
    },
    "911 GT3 2DR COUPE RWD": {
      "years": [
        2004,
        2014,
        2015,
        2016,
        2017,
        2018,
        2019,
        2020,
        2021,
        2022,
        2023,
        2024
      ]
    },
    "911 TARGA 2DR COUPE RWD": {
      "years": [
        2004
      ]
    },
    "911 TURBO 2DR COUPE AWD": {
      "years": [
        2004,
        2007
      ]
    },
    "911 TURBO CABRIOLET 2DR CONV AWD": {
      "years": [
        2004
      ]
    },
    "911 CARRERA 2DR COUPE RWD /S": {
      "years": [
        2005,
        2006,
        2007
      ]
    },
    "911 CARRERA CABRIOLET 2DR RWD /S": {
      "years": [
        2005,
        2006,
        2007
      ]
    },
    "911 TURBO S 2DR COUPE AWD": {
      "years": [
        2005
      ]
    },
    "911 TURBO S CABRIOLET 2DR CONV AWD": {
      "years": [
        2005
      ]
    },
    "911 CARRERA 4 2DR COUPE AWD /S": {
      "years": [
        2006,
        2007
      ]
    },
    "911 CARRERA 4 CABRIOLET 2DR AWD /S": {
      "years": [
        2006,
        2007
      ]
    },
    "911 GT3 2DR COUPE AWD /RS": {
      "years": [
        2007
      ]
    },
    "911 TARGA 2DR COUPE 4/4S": {
      "years": [
        2007,
        2008,
        2009,
        2010,
        2011,
        2012
      ]
    },
    "911 CARRERA 4/S/4S 2DR COUPE AWD": {
      "years": [
        2008,
        2009
      ]
    },
    "911 CARRERA BASE 2DR COUPE RWD": {
      "years": [
        2008,
        2009
      ]
    },
    "911 CARRERA CABRIOLET /4/S 2DR AWD": {
      "years": [
        2008,
        2009
      ]
    },
    "911 CARRERA CABRIOLET 4S 2DR RWD": {
      "years": [
        2008,
        2009
      ]
    },
    "911 GT3/RS 2DR COUPE AWD": {
      "years": [
        2008,
        2009,
        2010,
        2011
      ]
    },
    "911 TURBO COUPE/CABRIOLET 2DR AWD": {
      "years": [
        2008,
        2009
      ]
    },
    "911 CARRERA 4/4S 2DR COUPE AWD": {
      "years": [
        2010,
        2011,
        2012
      ]
    },
    "911 CARRERA BASE/S 2DR COUPE RWD": {
      "years": [
        2010,
        2011,
        2013,
        2014,
        2015,
        2016,
        2017,
        2018,
        2019
      ]
    },
    "911 CARRERA CABRIOLET 4/4S 2DR AWD": {
      "years": [
        2010,
        2011
      ]
    },
    "911 CARRERA CABRIOLET BASE/S 2DR RWD": {
      "years": [
        2010,
        2011
      ]
    },
    "911 TURBO CABRIOLET 2DR AWD": {
      "years": [
        2010,
        2011
      ]
    },
    "911 TURBO COUPE 2DR AWD": {
      "years": [
        2010,
        2011
      ]
    },
    "911 CARRERA 4 GTS 2DR COUPE AWD": {
      "years": [
        2012,
        2020
      ]
    },
    "911 CARRERA BASE/S 2DR COUP RWD": {
      "years": [
        2012
      ]
    },
    "911 CARRERA CABRIOLET 4 GTS 2DR CONVERTIBLE A": {
      "years": [
        2012
      ]
    },
    "911 CARRERA CABRIOLET 4/4S 2DR CONVERTIBLE AW": {
      "years": [
        2012
      ]
    },
    "911 CARRERA CABRIOLET BASE/S 2DR CONVERTIBLE": {
      "years": [
        2012,
        2013,
        2014
      ]
    },
    "911 CARRERA GTS 2DR COUPE RWD": {
      "years": [
        2012,
        2015,
        2016,
        2017,
        2018,
        2019,
        2020
      ]
    },
    "911 CARRERA GTS CABRIOLET 2DR CONVERTIBLE RWD": {
      "years": [
        2012
      ]
    },
    "911 GT2 RS 2DR COUPE RWD": {
      "years": [
        2012
      ]
    },
    "911 GT3 RS 4.0 2DR COUPE AWD": {
      "years": [
        2012
      ]
    },
    "911 TURBO CABRIOLET /TURBO S CABRIOLET 2DR CO": {
      "years": [
        2012,
        2013
      ]
    },
    "911 TURBO/TURBO S COUPE 2DR AWD": {
      "years": [
        2012,
        2013,
        2014,
        2015,
        2016,
        2017,
        2018,
        2019
      ]
    },
    "911 CARRERA 4 CABRIOLET /CARRERA 4S CABRIOLET": {
      "years": [
        2013,
        2014
      ]
    },
    "911 CARRERA 4/CARRERA 4S 2DR COUPE AWD": {
      "years": [
        2013,
        2014
      ]
    },
    "911 TARGA 4/TARGA 4S 2DR COUPE AWD": {
      "years": [
        2014
      ]
    },
    "911 TURBO CABRIOLET /TURBO S CABRIOLET": {
      "years": [
        2014,
        2015,
        2016,
        2017,
        2018,
        2019
      ]
    },
    "911 CARRERA 4/4S/4GTS 2DR COUPE AWD": {
      "years": [
        2015,
        2016,
        2017,
        2018,
        2019
      ]
    },
    "911 CARRERA 4/4S/4GTS CABRIOLET AWD": {
      "years": [
        2015,
        2016,
        2017,
        2018,
        2019
      ]
    },
    "911 CARRERA BASE/S CABRIOLET 2DR CONVERTIBLE": {
      "years": [
        2015,
        2016,
        2017,
        2018,
        2019
      ]
    },
    "911 CARRERA GTS CABRIOLET 2DR CONVERTIBLE": {
      "years": [
        2015,
        2016,
        2017,
        2018,
        2019,
        2020
      ]
    },
    "911 TARGA 4/4S/4GTS 2DR COUPE AWD": {
      "years": [
        2015,
        2016,
        2017,
        2018,
        2019,
        2020
      ]
    },
    "911 CARRERA 2DR CABRIOLET": {
      "years": [
        2020,
        2021,
        2022,
        2023,
        2024
      ]
    },
    "911 CARRERA 2DR COUPE": {
      "years": [
        2020,
        2021,
        2022,
        2023,
        2024
      ]
    },
    "911 CARRERA 4 2DR CABRIOLET": {
      "years": [
        2020,
        2021,
        2022,
        2023,
        2024
      ]
    },
    "911 CARRERA 4 2DR COUPE": {
      "years": [
        2020,
        2021,
        2022,
        2023,
        2024
      ]
    },
    "911 CARRERA 4 GTS CABRIOLET AWD": {
      "years": [
        2020
      ]
    },
    "911 CARRERA 4S 2DR CABRIOLET": {
      "years": [
        2020,
        2021,
        2022,
        2023,
        2024
      ]
    },
    "911 CARRERA 4S 2DR COUPE": {
      "years": [
        2020,
        2021,
        2022,
        2023,
        2024
      ]
    },
    "911 CARRERA S 2DR CABRIOLET": {
      "years": [
        2020,
        2021,
        2022,
        2023,
        2024
      ]
    },
    "911 CARRERA S 2DR COUPE": {
      "years": [
        2020,
        2021,
        2022,
        2023,
        2024
      ]
    },
    "911 TURBO S 2DR CABRIOLET": {
      "years": [
        2020,
        2021,
        2022,
        2023,
        2024
      ]
    },
    "911 TURBO S 2DR COUPE": {
      "years": [
        2020,
        2021,
        2022,
        2023,
        2024
      ]
    },
    "911 TARGA 4/4S 2DR COUPE": {
      "years": [
        2021,
        2022,
        2023,
        2024
      ]
    },
    "911 DAKAR 2DR COUPE": {
      "years": [
        2024,
        2025
      ]
    },
    "911 S/T 2DR COUPE RWD": {
      "years": [
        2024,
        2025
      ]
    }
  },
  "918": {
    "918 SPYDER/WEISSACH PACKAGE": {
      "years": [
        2014,
        2015,
        2016
      ]
    }
  },
  "924": {
    "924": {
      "years": [
        1981,
        1982
      ]
    },
    "924 TURBO": {
      "years": [
        1981
      ]
    },
    "924S 2 DR HATCHBACK": {
      "years": [
        1987,
        1988
      ]
    }
  },
  "928": {
    "928": {
      "years": [
        1981,
        1982
      ]
    },
    "928S": {
      "years": [
        1983,
        1984,
        1985,
        1986
      ]
    },
    "928 S4 2 DR HATCHBACK": {
      "years": [
        1987,
        1988
      ]
    },
    "928 S4 COUPE": {
      "years": [
        1989
      ]
    },
    "928 S4/GT 2DR COUPE": {
      "years": [
        1990,
        1991
      ]
    },
    "928 GTS 2DR COUPE": {
      "years": [
        1992,
        1993
      ]
    },
    "928 COUPE GTS": {
      "years": [
        1994,
        1995
      ]
    }
  },
  "944": {
    "944": {
      "years": [
        1982,
        1983,
        1984,
        1985,
        1986
      ]
    },
    "944 TURBO": {
      "years": [
        1986
      ]
    },
    "944 2 DR HATCHBACK": {
      "years": [
        1987
      ]
    },
    "944 TURBO 2 DR HATCHBACK": {
      "years": [
        1987,
        1988
      ]
    },
    "944S 2 DR HATCHBACK": {
      "years": [
        1987,
        1988
      ]
    },
    "944 COUPE": {
      "years": [
        1989
      ]
    },
    "944 S2 COUPE": {
      "years": [
        1989
      ]
    },
    "944 TURBO COUPE": {
      "years": [
        1989
      ]
    },
    "944S2 CABRIOLET": {
      "years": [
        1989
      ]
    },
    "944 S2 2DR COUPE/CABRIOLET": {
      "years": [
        1990,
        1991
      ]
    },
    "944 TURBO 2DR COUPE": {
      "years": [
        1990
      ]
    }
  },
  "968": {
    "968 CABRIOLET": {
      "years": [
        1992,
        1993,
        1994,
        1995
      ]
    },
    "968 COUPE": {
      "years": [
        1992,
        1993,
        1994,
        1995
      ]
    }
  },
  "Boxster": {
    "BOXSTER CABRIOLET 2.5L": {
      "years": [
        1997,
        1998,
        1999
      ]
    },
    "BOXSTER CABRIOLET 2.5L TIPTRONIC": {
      "years": [
        1999
      ]
    },
    "BOXSTER CABRIOLET 2.7L": {
      "years": [
        2000,
        2001,
        2002,
        2003,
        2004
      ]
    },
    "BOXSTER S CABRIOLET 3.2L": {
      "years": [
        2000,
        2001,
        2002,
        2003,
        2004
      ]
    },
    "BOXSTER 2DR CONVERTIBLE RWD": {
      "years": [
        2005,
        2006,
        2007,
        2008,
        2009
      ]
    },
    "BOXSTER S 2DR CONVERTIBLE RWD": {
      "years": [
        2005,
        2006,
        2007,
        2008,
        2009
      ]
    },
    "BOXSTER BASE/S 2DR CONVERTIBLE RWD": {
      "years": [
        2010
      ]
    },
    "BOXSTER BASE/S/BLACK EDITION 2DR CONVERTIBLE": {
      "years": [
        2011,
        2012
      ]
    },
    "BOXSTER SPYDER 2DR CONVERTIBLE RWD": {
      "years": [
        2011
      ]
    },
    "BOXSTER BASE/S 2DR CONVERTIBLE": {
      "years": [
        2013,
        2014,
        2015
      ]
    },
    "BOXSTER GTS 2DR CONVERTIBLE": {
      "years": [
        2015
      ]
    }
  },
  "Cayenne": {
    "CAYENNE S 4DR SUV 4WD": {
      "years": [
        2003,
        2006
      ]
    },
    "CAYENNE TURBO 4DR SUV 4WD": {
      "years": [
        2003,
        2006
      ]
    },
    "CAYENNE 4DR SUV 4WD /S": {
      "years": [
        2004,
        2005
      ]
    },
    "CAYENNE 4DR SUV 4WD /TURBO": {
      "years": [
        2004,
        2005
      ]
    },
    "CAYENNE 4DR SUV 4WD": {
      "years": [
        2006
      ]
    },
    "CAYENNE 4DR SUV /S/GTS": {
      "years": [
        2008,
        2009
      ]
    },
    "CAYENNE TURBO 4DR SUV": {
      "years": [
        2008,
        2009,
        2010,
        2019,
        2020,
        2021,
        2022,
        2023,
        2024
      ]
    },
    "CAYENNE 4DR SUV": {
      "years": [
        2010,
        2015,
        2016,
        2017,
        2018
      ]
    },
    "CAYENNE S/GTS 4DR SUV": {
      "years": [
        2010,
        2015,
        2016,
        2017,
        2018
      ]
    },
    "CAYENNE 4 DR SUV": {
      "years": [
        2011,
        2012,
        2013,
        2014
      ]
    },
    "CAYENNE S 4 DR SUV": {
      "years": [
        2011,
        2012
      ]
    },
    "CAYENNE S HYBRID 4 DR SUV": {
      "years": [
        2011,
        2012,
        2013,
        2014
      ]
    },
    "CAYENNE TURBO 4 DR SUV": {
      "years": [
        2011,
        2012
      ]
    },
    "CAYENNE DIESEL 4 DR SUV": {
      "years": [
        2013,
        2014
      ]
    },
    "CAYENNE S/GTS 4 DR SUV": {
      "years": [
        2013,
        2014
      ]
    },
    "CAYENNE TURBO/TURBO S 4 DR SUV": {
      "years": [
        2013,
        2014
      ]
    },
    "CAYENNE DIESEL 4DR SUV": {
      "years": [
        2015,
        2016
      ]
    },
    "CAYENNE S E-HYBRID 4DR SUV": {
      "years": [
        2015,
        2016,
        2017,
        2018
      ]
    },
    "CAYENNE TURBO/TURBO S 4DR SUV": {
      "years": [
        2015,
        2016,
        2017,
        2018
      ]
    },
    "CAYENNE BASE / S 4DR SUV": {
      "years": [
        2019,
        2020,
        2021,
        2022,
        2023,
        2024
      ]
    },
    "CAYENNE E-HYBRID 4DR SUV": {
      "years": [
        2019,
        2020,
        2021,
        2022,
        2023,
        2024
      ]
    },
    "CAYENNE BASE/S COUPE 4DR SUV": {
      "years": [
        2020,
        2021,
        2022,
        2023,
        2024
      ]
    },
    "CAYENNE E-HYBRID COUPE 4DR SUV": {
      "years": [
        2020,
        2021,
        2022,
        2023,
        2024
      ]
    },
    "CAYENNE TURBO COUPE 4DR SUV": {
      "years": [
        2020,
        2021,
        2022,
        2023,
        2024
      ]
    },
    "CAYENNE TURBO S E-HYBRID 4DR SUV": {
      "years": [
        2020,
        2021,
        2022,
        2023,
        2024
      ]
    },
    "CAYENNE TURBO S E-HYBRID COUPE 4DR SUV": {
      "years": [
        2020,
        2021,
        2022,
        2023,
        2024
      ]
    }
  },
  "Cayman": {
    "CAYMAN S 2DR COUPE RWD": {
      "years": [
        2006,
        2007,
        2008,
        2009
      ]
    },
    "CAYMAN BASE/S 2DR COUPE RWD": {
      "years": [
        2010,
        2013,
        2014,
        2015,
        2016
      ]
    },
    "CAYMAN BASE/S/R 2DR COUPE RWD": {
      "years": [
        2011
      ]
    },
    "CAYMAN BASE/S/R/BLACK EDITION 2DR COUPE RWD": {
      "years": [
        2012
      ]
    },
    "CAYMAN GTS 2DR COUPE RWD": {
      "years": [
        2015,
        2016
      ]
    },
    "CAYMAN GT4 2DR COUPE RWD": {
      "years": [
        2016
      ]
    }
  },
  "Macan": {
    "MACAN S 4DR SUV AWD": {
      "years": [
        2015,
        2016
      ]
    },
    "MACAN TURBO 4DR SUV AWD": {
      "years": [
        2015,
        2016,
        2017,
        2018,
        2019
      ]
    },
    "MACAN 4DR SUV AWD": {
      "years": [
        2017,
        2018,
        2019,
        2020,
        2021,
        2022,
        2023,
        2024
      ]
    },
    "MACAN S  4DR SUV AWD": {
      "years": [
        2020,
        2021,
        2022,
        2023,
        2024
      ]
    },
    "MACAN TURBO / GTS 4DR SUV AWD": {
      "years": [
        2020,
        2021,
        2022,
        2023,
        2024
      ]
    },
    "MACAN EV 4DR SUV": {
      "years": [
        2024,
        2025
      ]
    }
  },
  "Panamera": {
    "PANAMERA 4S": {
      "years": [
        2010,
        2011
      ]
    },
    "PANAMERA S": {
      "years": [
        2010
      ]
    },
    "PANAMERA TURBO": {
      "years": [
        2010,
        2011,
        2017
      ]
    },
    "PANAMERA BASE/S/4": {
      "years": [
        2011
      ]
    },
    "PANAMERA S HYBRID": {
      "years": [
        2011,
        2012
      ]
    },
    "PANAMERA 4/4S": {
      "years": [
        2012
      ]
    },
    "PANAMERA BASE/S": {
      "years": [
        2012
      ]
    },
    "PANAMERA GTS": {
      "years": [
        2012
      ]
    },
    "PANAMERA TURBO/TURBO S": {
      "years": [
        2012
      ]
    },
    "PANAMERA /PLATINUM/S  4 DR HATCHBACK RWD": {
      "years": [
        2013,
        2014
      ]
    },
    "PANAMERA 4/4 PLATINUM/4S 4 DR HATCHBACK AWD": {
      "years": [
        2013,
        2014
      ]
    },
    "PANAMERA GTS 4 DR HATCHBACK AWD": {
      "years": [
        2013,
        2014
      ]
    },
    "PANAMERA S HYBRID  4 DR HATCHBACK RWD": {
      "years": [
        2013,
        2014
      ]
    },
    "PANAMERA TURBO/TURBO S  4 DR HATCHBACK AWD": {
      "years": [
        2013,
        2014
      ]
    },
    "PANAMERA /S  4DR HATCHBACK RWD": {
      "years": [
        2015,
        2016
      ]
    },
    "PANAMERA 4/4S 4DR HATCHBACK AWD": {
      "years": [
        2015,
        2016
      ]
    },
    "PANAMERA 4S EXECUTIVE 4DR HATCHBACK AWD": {
      "years": [
        2015,
        2016
      ]
    },
    "PANAMERA GTS 4DR HATCHBACK AWD": {
      "years": [
        2015,
        2016
      ]
    },
    "PANAMERA S E-HYBRID  4DR HATCHBACK RWD": {
      "years": [
        2015,
        2016
      ]
    },
    "PANAMERA TURBO/TURBO S  4DR HATCHBACK AWD": {
      "years": [
        2015,
        2016
      ]
    },
    "PANAMERA TURBO/TURBO S EXECUTIVE 4DR HATCHBACK AWD": {
      "years": [
        2015,
        2016
      ]
    },
    "PANAMERA": {
      "years": [
        2017
      ]
    },
    "PANAMERA 4 / 4S": {
      "years": [
        2017
      ]
    },
    "PANAMERA 4 / 4S EXECUTIVE": {
      "years": [
        2017
      ]
    },
    "PANAMERA 4 E_HYBRID EXECUTIVE": {
      "years": [
        2017
      ]
    },
    "PANAMERA 4 E-HYBRID": {
      "years": [
        2017
      ]
    },
    "PANAMERA TURBO EXECUTIVE": {
      "years": [
        2017
      ]
    },
    "PANAMERA TURBO S E-HYBRID": {
      "years": [
        2017
      ]
    },
    "PANAMERA TURBO S E-HYBRID EXECUTIVE": {
      "years": [
        2017
      ]
    },
    "PANAMERA 4 / 4S 4DR SEDAN": {
      "years": [
        2018,
        2019,
        2020,
        2021,
        2022,
        2023,
        2024
      ]
    },
    "PANAMERA 4 / 4S EXECUTIVE 4DR SEDAN": {
      "years": [
        2018,
        2019,
        2020,
        2021,
        2022,
        2023,
        2024
      ]
    },
    "PANAMERA 4 E-HYBRID 4DR SEDAN": {
      "years": [
        2018,
        2019,
        2020,
        2021,
        2022,
        2023,
        2024
      ]
    },
    "PANAMERA 4 E-HYBRID EXECUTIVE 4DR SEDAN": {
      "years": [
        2018,
        2019,
        2020,
        2021,
        2022,
        2023,
        2024
      ]
    },
    "PANAMERA 4DR SEDAN": {
      "years": [
        2018,
        2019,
        2020,
        2021,
        2022,
        2023,
        2024
      ]
    },
    "PANAMERA SPORT TURISMO 4DR WAGON": {
      "years": [
        2018,
        2019
      ]
    },
    "PANAMERA SPORT TURISMO E-HYBRID 4DR WAGON": {
      "years": [
        2018,
        2019
      ]
    },
    "PANAMERA SPORT TURISMO TURBO S E-HYBRID 4DR WAGON": {
      "years": [
        2018,
        2019,
        2020,
        2021,
        2022,
        2023,
        2024
      ]
    },
    "PANAMERA TURBO 4DR SEDAN 4DR SEDAN": {
      "years": [
        2018,
        2019,
        2020,
        2021,
        2022,
        2023,
        2024
      ]
    },
    "PANAMERA TURBO EXECUTIVE 4DR SEDAN": {
      "years": [
        2018,
        2019,
        2020,
        2021,
        2022,
        2023,
        2024
      ]
    },
    "PANAMERA TURBO S E-HYBRID 4DR SEDAN": {
      "years": [
        2018,
        2019,
        2020,
        2021,
        2022,
        2023,
        2024
      ]
    },
    "PANAMERA TURBO S E-HYBRID EXECUTIVE 4DR SEDAN": {
      "years": [
        2018,
        2019,
        2020,
        2021,
        2022,
        2023,
        2024
      ]
    },
    "PANAMERA 4 SPORT TURISMO 4DR WAGON": {
      "years": [
        2020,
        2021,
        2022,
        2023,
        2024
      ]
    },
    "PANAMERA 4 SPORT TURISMO E-HYBRID 4DR WAGON": {
      "years": [
        2020,
        2021,
        2022,
        2023,
        2024
      ]
    },
    "PANAMERA 4S SPORT TURISMO 4DR WAGON": {
      "years": [
        2020,
        2021,
        2022,
        2023,
        2024
      ]
    },
    "PANAMERA GTS 4DR SEDAN": {
      "years": [
        2020,
        2021,
        2022,
        2023,
        2024
      ]
    },
    "PANAMERA GTS SPORT TURISMO 4DR WAGON": {
      "years": [
        2020,
        2021,
        2022,
        2023,
        2024
      ]
    },
    "PANAMERA TURBO SPORT TURISMO 4DR WAGON": {
      "years": [
        2020,
        2021,
        2022,
        2023,
        2024
      ]
    }
  },
  "Taycan": {
    "TAYCAN TURBO / TURBO S 4DR SEDAN": {
      "years": [
        2020,
        2021,
        2022,
        2023,
        2024
      ]
    },
    "TAYCAN 4 / 4S 4DR SEDAN": {
      "years": [
        2021,
        2022,
        2023,
        2024
      ]
    },
    "TAYCAN 4 / 4S CROSS TURISMO": {
      "years": [
        2021,
        2022,
        2023,
        2024
      ]
    },
    "TAYCAN TURBO / TURBO S CROSS TURISMO": {
      "years": [
        2021
      ]
    },
    "TAYCAN TURBO / TURBO S CROSS TURISMO / SPORT TURISMO": {
      "years": [
        2022,
        2023,
        2024
      ]
    }
  }
}