{
  "9-2X": {
    "9-2X 4DR WAGON /LINEAR/AERO": {
      "years": [
        2005,
        2006,
        2007
      ]
    }
  },
  "9-3": {
    "9-3 2DR CONVERTIBLE SE": {
      "years": [
        1999,
        2003
      ]
    },
    "9-3 2DR HATCHBACK": {
      "years": [
        1999
      ]
    },
    "9-3 4DR HATCHBACK BASE/SE": {
      "years": [
        1999,
        2000,
        2001,
        2002
      ]
    },
    "9-3 2DR CONVERTIBLE BASE/SE": {
      "years": [
        2000,
        2001,
        2002
      ]
    },
    "9-3 2DR CONVERTIBLE VIGGEN": {
      "years": [
        2000,
        2001,
        2002
      ]
    },
    "9-3 2DR HATCHBACK BASE/SE": {
      "years": [
        2000,
        2001,
        2002
      ]
    },
    "9-3 2DR HATCHBACK VIGGEN": {
      "years": [
        2000,
        2001,
        2002
      ]
    },
    "9-3 4DR HATCHBACK VIGGEN": {
      "years": [
        2000,
        2001,
        2002
      ]
    },
    "9-3 LINEAR/ARC 4DR SEDAN FWD": {
      "years": [
        2003
      ]
    },
    "9-3 VECTOR 4DR SEDAN FWD": {
      "years": [
        2003
      ]
    },
    "9-3 2DR CONVERTIBLE FWD ARC/AERO": {
      "years": [
        2004,
        2005
      ]
    },
    "9-3 4DR SEDAN FWD /AERO": {
      "years": [
        2004,
        2005
      ]
    },
    "9-3 4DR SEDAN FWD /LINEAR/ARC": {
      "years": [
        2004,
        2005
      ]
    },
    "9-3 2DR CONVERTIBLE FWD": {
      "years": [
        2006,
        2007,
        2008,
        2009,
        2010
      ]
    },
    "9-3 2DR CONVERTIBLE FWD AERO": {
      "years": [
        2006,
        2007,
        2008,
        2009,
        2010
      ]
    },
    "9-3 4DR SEDAN FWD": {
      "years": [
        2006,
        2007,
        2008,
        2009,
        2010,
        2011
      ]
    },
    "9-3 4DR SEDAN FWD AERO": {
      "years": [
        2006,
        2007,
        2008,
        2009,
        2010
      ]
    },
    "9-3 SPORTCOMBI 4DR WAGON FWD": {
      "years": [
        2006,
        2007,
        2008,
        2009,
        2010
      ]
    },
    "9-3 SPORTCOMBI 4DR WAGON FWD AERO": {
      "years": [
        2006,
        2007,
        2008,
        2009,
        2010
      ]
    },
    "9-3 2DR CONVERTIBLE FWD 2.0T/AERO": {
      "years": [
        2011
      ]
    },
    "9-3 4DR SEDAN XWD AERO": {
      "years": [
        2011
      ]
    },
    "9-3 SPORTCOMBI 4DR WAGON FWD 2.0T/AERO": {
      "years": [
        2011
      ]
    },
    "9-3X 4DR WAGON XWD": {
      "years": [
        2011
      ]
    }
  },
  "9-4x": {
    "9-4X 4 DR SUV": {
      "years": [
        2011
      ]
    }
  },
  "9-5": {
    "9-5 4DR SEDAN SE": {
      "years": [
        1998,
        1999
      ]
    },
    "9-5 4DR SEDAN SE V6": {
      "years": [
        1998,
        1999
      ]
    },
    "9-5 4DR WAGON": {
      "years": [
        1999
      ]
    },
    "9-5 4DR SEDAN AERO 2.3 TURBO HIGH PRESSURE": {
      "years": [
        2000,
        2001,
        2002,
        2003
      ]
    },
    "9-5 4DR SEDAN SE 2.3 TURBO LIGHT PRESSURE": {
      "years": [
        2000,
        2001
      ]
    },
    "9-5 4DR SEDAN SE 3.0 V6 TURBO": {
      "years": [
        2000,
        2001
      ]
    },
    "9-5 4DR WAGON 2.3 TURBO LIGHT PRESSURE": {
      "years": [
        2000,
        2001
      ]
    },
    "9-5 4DR WAGON 3.0 V6 TURBO": {
      "years": [
        2001
      ]
    },
    "9-5 4DR WAGON AERO 2.3 TURBO HIGH PRESSURE": {
      "years": [
        2001,
        2002,
        2003
      ]
    },
    "9-5 4DR SEDAN ARC 3.0 V6 TURBO": {
      "years": [
        2002
      ]
    },
    "9-5 4DR SEDAN LINEAR 2.3 TURBO LIGHT PRESSURE": {
      "years": [
        2002,
        2003
      ]
    },
    "9-5 4DR WAGON ARC 3.0 V6 TURBO": {
      "years": [
        2002
      ]
    },
    "9-5 4DR WAGON LINEAR 2.3 TURBO LIGHT PRESSURE": {
      "years": [
        2002,
        2003
      ]
    },
    "9-5 4DR SEDAN FWD /ARC/AERO": {
      "years": [
        2004,
        2005
      ]
    },
    "9-5 4DR WAGON FWD /ARC/AERO": {
      "years": [
        2004,
        2005
      ]
    },
    "9-5 4DR SEDAN FWD": {
      "years": [
        2006,
        2007,
        2008,
        2009,
        2010
      ]
    },
    "9-5 SPORTCOMBI 4DR WAGON FWD": {
      "years": [
        2006,
        2007,
        2008,
        2009,
        2010
      ]
    },
    "9-5 AERO 4 DR SEDAN XWD": {
      "years": [
        2011
      ]
    },
    "9-5 TURBO4 4 DR SEDAN FWD": {
      "years": [
        2011
      ]
    }
  },
  "9-7X": {
    "9-7X 4DR SUV AWD /LINEAR/ARC": {
      "years": [
        2005
      ]
    },
    "9-7X 4DR SUV AWD /V8": {
      "years": [
        2006
      ]
    },
    "9-7X 4DR SUV AWD 4.2i/5.3i": {
      "years": [
        2007
      ]
    },
    "9-7X 4DR SUV AWD 4.2i/5.3i/AERO": {
      "years": [
        2008,
        2009
      ]
    }
  },
  "900": {
    "900 SD": {
      "years": [
        1981
      ]
    },
    "900 TURBO 3 DR": {
      "years": [
        1981
      ]
    },
    "900 2 DR": {
      "years": [
        1982,
        1985
      ]
    },
    "900 4 DR": {
      "years": [
        1982,
        1985
      ]
    },
    "900 2 DR & 2 DR HB TURBO": {
      "years": [
        1983,
        1984
      ]
    },
    "900 4 DR SD & 4 DR TURBO": {
      "years": [
        1983,
        1984
      ]
    },
    "900S 4 DR": {
      "years": [
        1983,
        1984
      ]
    },
    "900 S 4 DR": {
      "years": [
        1985,
        1986
      ]
    },
    "900 TURBO 16 2 DR": {
      "years": [
        1985,
        1986
      ]
    },
    "900 TURBO 16 4 DR": {
      "years": [
        1985
      ]
    },
    "900 2 DR HATCHBACK": {
      "years": [
        1986,
        1987,
        1988,
        1989
      ]
    },
    "900 4 DR SEDAN": {
      "years": [
        1986,
        1987,
        1988,
        1989
      ]
    },
    "900 S 2 DR": {
      "years": [
        1986
      ]
    },
    "900 TURBO 16S 2-DR": {
      "years": [
        1986
      ]
    },
    "900 S 2 DR COUPE": {
      "years": [
        1987
      ]
    },
    "900 S 4 DR SEDAN": {
      "years": [
        1987,
        1988,
        1989
      ]
    },
    "900 TURBO 2 DR HATCHBACK": {
      "years": [
        1987
      ]
    },
    "900 TURBO CONVERTIBLE": {
      "years": [
        1987,
        1988,
        1989,
        1990,
        1991,
        1992,
        1993
      ]
    },
    "900 TURBO SPG 2 DR HATCHBACK": {
      "years": [
        1987
      ]
    },
    "900 TURBO SPG HATCHBACK": {
      "years": [
        1988
      ]
    },
    "900 S 2 DR SEDAN": {
      "years": [
        1988
      ]
    },
    "900 TURBO HATCHBACK": {
      "years": [
        1988,
        1989
      ]
    },
    "900 S 2 DR HATCHBACK": {
      "years": [
        1989
      ]
    },
    "900 TURBO 4 DR SEDAN": {
      "years": [
        1989
      ]
    },
    "900S 2DR HATCHBACK": {
      "years": [
        1990,
        1991
      ]
    },
    "900S 4DR SEDAN": {
      "years": [
        1990,
        1991
      ]
    },
    "900 2DR HATCHBACK": {
      "years": [
        1990,
        1991,
        1992,
        1993
      ]
    },
    "900 4DR SEDAN": {
      "years": [
        1990,
        1991,
        1992,
        1993
      ]
    },
    "900 SPG 2DR HATCHBACK": {
      "years": [
        1990,
        1991
      ]
    },
    "900 TURBO 2DR HATCHBACK": {
      "years": [
        1990,
        1991,
        1992,
        1993
      ]
    },
    "900 2DR CONVERTIBLE TURBO": {
      "years": [
        1994
      ]
    },
    "900 4DR HATCHBACK S/SE": {
      "years": [
        1994,
        1995,
        1996,
        1997,
        1998
      ]
    },
    "900 2DR CONVERTIBLE S/SE TURBO": {
      "years": [
        1995,
        1996,
        1997
      ]
    },
    "900 2DR HATCHBACK S/SE": {
      "years": [
        1995,
        1996,
        1997,
        1998
      ]
    },
    "900 2DR CONVERTIBLE S/SE": {
      "years": [
        1998
      ]
    }
  },
  "9000": {
    "9000": {
      "years": [
        1986
      ]
    },
    "9000 TURBO 4 DR HATCHBACK": {
      "years": [
        1987
      ]
    },
    "9000S 4 DR HATCHBACK": {
      "years": [
        1987
      ]
    },
    "9000 TURBO/9000S 4 DR HATCHBACK": {
      "years": [
        1988,
        1989
      ]
    },
    "9000 CD 4 DR SEDAN": {
      "years": [
        1989
      ]
    },
    "9000S/9000 TURBO 4DR HATCHBACK": {
      "years": [
        1990,
        1991
      ]
    },
    "9000S/9000CD 4DR SEDAN": {
      "years": [
        1990,
        1991
      ]
    },
    "9000 SPG 4DR HATCHBACK": {
      "years": [
        1990,
        1991
      ]
    },
    "9000 TURBO 4DR HATCHBACK": {
      "years": [
        1992
      ]
    },
    "9000CD/9000CD TURBO 4DR SEDAN": {
      "years": [
        1992,
        1993
      ]
    },
    "9000 CS/CSE TURBO 4DR HATCHBACK": {
      "years": [
        1993
      ]
    },
    "9000 4DR HATCHBACK AREO": {
      "years": [
        1994
      ]
    },
    "9000 4DR HATCHBACK CS/CSE TURBO": {
      "years": [
        1994,
        1995,
        1996,
        1997
      ]
    },
    "9000 4DR SEDAN CD/CDE TURBO": {
      "years": [
        1994
      ]
    },
    "9000 4DR HATCHBACK AREO TURBO": {
      "years": [
        1995,
        1996,
        1997
      ]
    },
    "9000 4DR SEDAN CDE": {
      "years": [
        1995,
        1996,
        1997
      ]
    },
    "9000 4DR HATCHBACK CSE": {
      "years": [
        1998
      ]
    }
  }
}