{
  "Astra": {
    "ASTRA XE/XR 5DR HATCH": {
      "years": [
        2008,
        2009
      ]
    },
    "ASTRA XR 3DR HATCH": {
      "years": [
        2008,
        2009
      ]
    }
  },
  "Aura": {
    "AURA 4DR SEDAN FWD /XE/GREEN LINE": {
      "years": [
        2007,
        2008,
        2009
      ]
    },
    "AURA 4DR SEDAN FWD /XR": {
      "years": [
        2007,
        2008,
        2009
      ]
    }
  },
  "Ion": {
    "ION QUAD COUPE S/3 4DR COUPE FWD": {
      "years": [
        2003
      ]
    },
    "ION SEDAN 1/2/3 4DR SEDAN FWD": {
      "years": [
        2003
      ]
    },
    "ION 4DR QUAD COUPE FWD /2/3/RED LINE": {
      "years": [
        2004
      ]
    },
    "ION 4DR SEDAN FWD 1/2/3": {
      "years": [
        2004,
        2005,
        2006,
        2007
      ]
    },
    "ION 4DR QUAD COUPE FWD /2/3": {
      "years": [
        2005,
        2006,
        2007
      ]
    },
    "ION 4DR QUAD COUPE FWD /RED LINE": {
      "years": [
        2005,
        2006,
        2007
      ]
    }
  },
  "L200": {
    "L100/L200 4DR SEDAN": {
      "years": [
        2002
      ]
    },
    "L200 4DR SEDAN": {
      "years": [
        2003
      ]
    }
  },
  "L300": {
    "L300 4DR SEDAN V6": {
      "years": [
        2002,
        2003
      ]
    },
    "L300 4DR SEDAN FWD 2.2 L4": {
      "years": [
        2004,
        2005
      ]
    },
    "L300 4DR SEDAN FWD 3.0 V6": {
      "years": [
        2004,
        2005
      ]
    },
    "L300 4DR WAGON FWD 2.2 L4": {
      "years": [
        2004
      ]
    },
    "L300 4DR WAGON FWD 3.0 V6": {
      "years": [
        2004
      ]
    }
  },
  "LS": {
    "LS/LS1 4DR SEDAN": {
      "years": [
        2000
      ]
    },
    "LS300 4DR SEDAN V6": {
      "years": [
        2001
      ]
    }
  },
  "LS1": {
    "LS100/LS200 4DR SEDAN": {
      "years": [
        2001
      ]
    }
  },
  "LS2": {
    "LS2 4DR SEDAN": {
      "years": [
        2000
      ]
    }
  },
  "LW1": {
    "LW1 4DR WAGON": {
      "years": [
        2000
      ]
    }
  },
  "LW2": {
    "LW2 4DR WAGON": {
      "years": [
        2000
      ]
    }
  },
  "LW200": {
    "LW200 4DR WAGON": {
      "years": [
        2001,
        2002,
        2003
      ]
    }
  },
  "LW300": {
    "LW300 4DR WAGON V6": {
      "years": [
        2001,
        2002,
        2003
      ]
    }
  },
  "Outlook": {
    "OUTLOOK 4DR SUV FWD XE/XR": {
      "years": [
        2007,
        2008,
        2009
      ]
    }
  },
  "Relay": {
    "RELAY 2 FWD 4DR MINIVAN": {
      "years": [
        2005,
        2006,
        2007,
        2008,
        2009
      ]
    },
    "RELAY 3 AWD 4DR MINIVAN": {
      "years": [
        2005,
        2006,
        2009
      ]
    },
    "RELAY 3 FWD 4DR MINIVAN": {
      "years": [
        2005,
        2006,
        2007,
        2008,
        2009
      ]
    }
  },
  "SC1": {
    "SATURN SC1/SC2 2DR COUPE": {
      "years": [
        1993
      ]
    },
    "SC1 2DR COUPE": {
      "years": [
        1994,
        1995,
        1996
      ]
    },
    "SC1/SC2 2DR COUPE": {
      "years": [
        1997,
        1998
      ]
    },
    "SC1 2DR/3DR COUPE": {
      "years": [
        1999
      ]
    },
    "SC1/SC2 3DR COUPE": {
      "years": [
        2000,
        2001,
        2002
      ]
    }
  },
  "SC2": {
    "SC2 2DR COUPE SPORT (HIDDEN HEADLIGHTS)": {
      "years": [
        1994,
        1995,
        1996
      ]
    },
    "SC2 2DR/3DR COUPE": {
      "years": [
        1999
      ]
    }
  },
  "SL": {
    "SL/SL1 SPORT SEDAN": {
      "years": [
        1992,
        1993
      ]
    },
    "SL 4DR SEDAN": {
      "years": [
        1994
      ]
    },
    "SL/SL1 4DR SEDAN BASE/SPORT": {
      "years": [
        1995,
        1996
      ]
    },
    "SL/SL1 4DR SEDAN": {
      "years": [
        1997,
        1998,
        1999
      ]
    },
    "SL/SL1/SL2 4DR SEDAN": {
      "years": [
        2000,
        2001,
        2002
      ]
    }
  },
  "SL1": {
    "SL1 4DR SEDAN SPORT": {
      "years": [
        1994
      ]
    }
  },
  "SL2": {
    "SL2 SPORT TOURING SEDAN": {
      "years": [
        1992,
        1993
      ]
    },
    "SL2 4DR SEDAN SPORT TOURING": {
      "years": [
        1994,
        1995,
        1996,
        1997,
        1998,
        1999
      ]
    }
  },
  "SL3": {},
  "SW1": {
    "SW1 4DR WAGON": {
      "years": [
        1994,
        1995,
        1996,
        1997,
        1998,
        1999
      ]
    }
  },
  "SW2": {
    "SATURN SW1/SW2 4DR WAGON": {
      "years": [
        1993
      ]
    },
    "SW2 4DR WAGON SPORT": {
      "years": [
        1994,
        1995,
        1996,
        1997,
        1998,
        1999,
        2000,
        2001
      ]
    }
  },
  "Sky": {
    "SKY 2DR CONV RWD /REDLINE": {
      "years": [
        2007,
        2008,
        2009
      ]
    }
  },
  "Vue": {
    "VUE 4DR SUV AWD": {
      "years": [
        2002
      ]
    },
    "VUE 4DR SUV FWD": {
      "years": [
        2002
      ]
    },
    "VUE L4 4DR SUV FWD": {
      "years": [
        2003
      ]
    },
    "VUE V6 4DR SUV AWD": {
      "years": [
        2003
      ]
    },
    "VUE 4DR SUV FWD / 4 CYL": {
      "years": [
        2004,
        2005,
        2006,
        2007
      ]
    },
    "VUE 4DR SUV FWD / V6/RED LINE": {
      "years": [
        2004,
        2005,
        2006
      ]
    },
    "VUE 4DR SUV FWD V6/RED LINE/GREEN LINE": {
      "years": [
        2007
      ]
    },
    "VUE 4DR CUV FWD XE": {
      "years": [
        2008,
        2009
      ]
    },
    "VUE 4DR CUV FWD XR/RED LINE": {
      "years": [
        2008,
        2009
      ]
    },
    "VUE HYBRID 4DR CUV FWD": {
      "years": [
        2008,
        2009
      ]
    },
    "VUE 2-MODE HYBRID 4DR CUV FWD": {
      "years": [
        2009
      ]
    }
  }
}