{
  "EQ Fortwo": {},
  "Fortwo": {
    "FORTWO CABRIOLET 2DR CONV /PURE/PULSE/PASSION": {
      "years": [
        2005,
        2006,
        2007
      ]
    },
    "FORTWO COUPE 2DR HATCH /PURE/PULSE/PASSION": {
      "years": [
        2005,
        2006
      ]
    },
    "FORTWO 2DR HATCH /PURE/PULSE/PASSION": {
      "years": [
        2007
      ]
    },
    "FORTWO PASSION 2DR CONV RWD": {
      "years": [
        2008,
        2009,
        2015
      ]
    },
    "FORTWO PURE/PASSION 2DR COUPE RWD": {
      "years": [
        2008,
        2009,
        2015
      ]
    },
    "FORTWO PASSION/BRABUS 2DR CONV RWD": {
      "years": [
        2010,
        2011,
        2012,
        2013,
        2014
      ]
    },
    "FORTWO PURE/PASSION/BRABUS 2DR COUPE RWD": {
      "years": [
        2010,
        2011,
        2012,
        2013,
        2014
      ]
    },
    "FORTWO ED 2DR COUPE (electric) RWD": {
      "years": [
        2014,
        2015
      ]
    },
    "FORTWO 2DR COUPE": {
      "years": [
        2016,
        2017,
        2018,
        2019
      ]
    }
  },
  "Fortwo Electric Drive": {},
  "smart": {}
}