{
  "Ascent": {
    "ASCENT CONVENIENCE 4DR SUV": {
      "years": [
        2019,
        2020,
        2021,
        2022,
        2023,
        2024
      ]
    },
    "ASCENT LIMITED / PREMIER 4DR SUV": {
      "years": [
        2019,
        2020,
        2021,
        2022,
        2023,
        2024
      ]
    },
    "ASCENT TOURING 4DR SUV": {
      "years": [
        2019,
        2020,
        2021,
        2022,
        2023,
        2024
      ]
    }
  },
  "B9 Tribeca": {
    "B9 TRIBECA 4DR SUV AWD": {
      "years": [
        2006
      ]
    },
    "B9 TRIBECA 4DR SUV AWD /LIMITED": {
      "years": [
        2007
      ]
    }
  },
  "BRZ": {
    "BRZ 2DR COUPE /SPORT-TECH": {
      "years": [
        2013,
        2014,
        2015
      ]
    },
    "BRZ 2DR COUPE": {
      "years": [
        2016,
        2017,
        2018,
        2019,
        2020,
        2021,
        2022,
        2023,
        2024
      ]
    }
  },
  "Baja": {
    "BAJA EXT CAB S/BOX AWD": {
      "years": [
        2003,
        2004,
        2005
      ]
    }
  },
  "Brat": {
    "BRAT DL 4 WD": {
      "years": [
        1981,
        1982
      ]
    }
  },
  "Crosstrek": {
    "CROSSTREK 4DR SUV CONVENIENCE": {
      "years": [
        2018,
        2019,
        2020,
        2021,
        2022,
        2023
      ]
    },
    "CROSSTREK 4DR SUV LIMITED": {
      "years": [
        2018,
        2019,
        2020,
        2021,
        2022,
        2023
      ]
    },
    "CROSSTREK 4DR SUV SPORT": {
      "years": [
        2018,
        2019,
        2020,
        2021,
        2022,
        2023
      ]
    },
    "CROSSTREK 4DR SUV TOURING": {
      "years": [
        2018,
        2019,
        2020,
        2021,
        2022,
        2023
      ]
    },
    "CROSSTREK CONVENIENCE/TOURING 4DR SUV": {
      "years": [
        2024,
        2025
      ]
    },
    "CROSSTREK ONYX/LIMITED 4DR SUV": {
      "years": [
        2024,
        2025
      ]
    },
    "CROSSTREK WILDERNESS 4DR SUV": {
      "years": [
        2024,
        2025
      ]
    }
  },
  "DL": {
    "HARDTOP DL": {
      "years": [
        1981
      ]
    },
    "SEDAN DL": {
      "years": [
        1981
      ]
    },
    "WAGON DL 4 WD": {
      "years": [
        1981
      ]
    },
    "DL 4 WD WAGON": {
      "years": [
        1982
      ]
    },
    "DL HD": {
      "years": [
        1982
      ]
    },
    "DL SD": {
      "years": [
        1982
      ]
    }
  },
  "Forester": {
    "FORESTER 4DR SUV AWD L/S": {
      "years": [
        1998
      ]
    },
    "FORESTER 4DR SUV AWD L/S/LTD": {
      "years": [
        1999,
        2000,
        2001,
        2002
      ]
    },
    "FORESTER 2.5X/S.5XS 4DR SUV AWD": {
      "years": [
        2003
      ]
    },
    "FORESTER 4DR SUV AWD /2.5 X/2.5 SX/2.5 SX PRE": {
      "years": [
        2004,
        2005,
        2006,
        2007
      ]
    },
    "FORESTER 4DR SUV AWD /2.5 XT": {
      "years": [
        2004,
        2005,
        2006,
        2007
      ]
    },
    "FORESTER 4DR SUV AWD 2.5 XT": {
      "years": [
        2008
      ]
    },
    "FORESTER 4DR SUV AWD 2.5X/ANN. EDITION/2.5 SX": {
      "years": [
        2008
      ]
    },
    "FORESTER 4DR SUV 2.5X/TOURING PACKAGE/LTD PAC": {
      "years": [
        2009,
        2010,
        2011
      ]
    },
    "FORESTER 4DR SUV 2.5X/TOURING/LIMITED": {
      "years": [
        2012,
        2013
      ]
    },
    "FORESTER 4DR SUV 2.5XT": {
      "years": [
        2012,
        2013
      ]
    },
    "FORESTER 4DR SUV 2.0XT": {
      "years": [
        2014,
        2015,
        2016,
        2017,
        2018
      ]
    },
    "FORESTER 4DR SUV 2.5i": {
      "years": [
        2014,
        2015,
        2016,
        2017,
        2018
      ]
    },
    "FORESTER 2.5i / CONVENIENCE / TOURING 4DR SUV": {
      "years": [
        2019,
        2020,
        2021,
        2022,
        2023,
        2024
      ]
    },
    "FORESTER SPORT / LIMITED / PREMIER 4DR SUV": {
      "years": [
        2019,
        2020,
        2021,
        2022,
        2023,
        2024
      ]
    },
    "FORESTER 4DR SUV": {
      "years": [
        2025
      ]
    }
  },
  "GL": {
    "HATCHBACK GL": {
      "years": [
        1981
      ]
    },
    "GL 2 DR HB 4 WD": {
      "years": [
        1982
      ]
    },
    "GL 4 DR SD": {
      "years": [
        1982
      ]
    },
    "GL WAGON": {
      "years": [
        1982
      ]
    },
    "GL 2 DR HB": {
      "years": [
        1983,
        1984
      ]
    },
    "GL 2 DR HB 4WD": {
      "years": [
        1983,
        1984
      ]
    },
    "GL 4WD STAT. WAGON": {
      "years": [
        1983,
        1984
      ]
    },
    "GL/GL-G 4 DR SD": {
      "years": [
        1983,
        1984
      ]
    },
    "GL/GL-G STAT. WAGON": {
      "years": [
        1983,
        1984
      ]
    },
    "GL 2 WD WAGON": {
      "years": [
        1985,
        1986
      ]
    },
    "GL 4 WD WAGON": {
      "years": [
        1985
      ]
    },
    "GL SEDAN": {
      "years": [
        1985
      ]
    },
    "HATCHBACK GL 2 DR": {
      "years": [
        1985
      ]
    },
    "GL/GL-10 4WD TURBO WAGON": {
      "years": [
        1986
      ]
    },
    "GL/GL-10 TURBO SEDAN": {
      "years": [
        1986
      ]
    },
    "GL 4WD 4 DR SEDAN": {
      "years": [
        1987
      ]
    },
    "GL 4WD LIFTBACK 2 DR HATCHBACK": {
      "years": [
        1987
      ]
    },
    "GL 4WD WAGON": {
      "years": [
        1987
      ]
    },
    "4WD GL 4 DR SEDAN": {
      "years": [
        1988
      ]
    },
    "4WD GL/DL WAGON": {
      "years": [
        1988
      ]
    },
    "FWD DL/GL COUPE": {
      "years": [
        1988
      ]
    },
    "FWD DL/GL WAGON": {
      "years": [
        1989
      ]
    },
    "FWD GL COUPE": {
      "years": [
        1989
      ]
    },
    "FWD GL/DL 4 DR SEDAN": {
      "years": [
        1989
      ]
    }
  },
  "GL-10": {
    "GL-10 TURBO 4WD 4 DR SEDAN": {
      "years": [
        1987
      ]
    },
    "GL-10 TURBO 4WD WAGON": {
      "years": [
        1987
      ]
    },
    "4WD GL-10 TURBO 4DR SEDAN": {
      "years": [
        1988
      ]
    },
    "4WD GL-10 TURBO WAGON": {
      "years": [
        1988
      ]
    },
    "FWD GL/DL/GL-10 TURBO SEDAN": {
      "years": [
        1988
      ]
    },
    "FWD GL/DL/GL-10 TURBO WAGON": {
      "years": [
        1988
      ]
    },
    "4WD GL/GL-10 TURBO 4 DR SEDAN": {
      "years": [
        1989
      ]
    },
    "4WD GL/GL-10 TURBO WAGON": {
      "years": [
        1989
      ]
    },
    "FWD GL/GL-10 TURBO SEDAN": {
      "years": [
        1989
      ]
    }
  },
  "GLF": {
    "SEDAN GL F": {
      "years": [
        1981
      ]
    },
    "SUBARU GLF 2 DR": {
      "years": [
        1982
      ]
    },
    "GLF/GLF-G 2 DR HD": {
      "years": [
        1983,
        1984
      ]
    },
    "GL FWD 4 DR SEDAN": {
      "years": [
        1987
      ]
    },
    "GL FWD LIFTBACK 2 DR HATCHBACK": {
      "years": [
        1987
      ]
    },
    "GL FWD WAGON": {
      "years": [
        1987
      ]
    },
    "CHASER GL FWD 2 DR HATCHBACK": {
      "years": [
        1988
      ]
    }
  },
  "Impreza": {
    "IMPREZA 4DR SEDAN AWD BASE/L": {
      "years": [
        1994
      ]
    },
    "IMPREZA 4DR SEDAN AWD LS": {
      "years": [
        1994
      ]
    },
    "IMPREZA 4DR SEDAN FWD BASE": {
      "years": [
        1994
      ]
    },
    "IMPREZA 4DR SEDAN FWD L/LS": {
      "years": [
        1994
      ]
    },
    "IMPREZA 4DR WAGON AWD BASE/LS": {
      "years": [
        1994
      ]
    },
    "IMPREZA 4DR WAGON AWD L": {
      "years": [
        1994
      ]
    },
    "IMPREZA 4DR WAGON FWD BASE/L": {
      "years": [
        1994
      ]
    },
    "IMPREZA 4DR WAGON FWD L": {
      "years": [
        1994
      ]
    },
    "IMPREZA 2DR COUPE AWD L": {
      "years": [
        1995,
        1997
      ]
    },
    "IMPREZA 2DR COUPE FWD L": {
      "years": [
        1995
      ]
    },
    "IMPREZA 4DR SEDAN AWD L/L+": {
      "years": [
        1995
      ]
    },
    "IMPREZA 4DR SEDAN FWD L/L+": {
      "years": [
        1995
      ]
    },
    "IMPREZA 4DR WAGON AWD L+": {
      "years": [
        1995
      ]
    },
    "IMPREZA 2DR COUPE AWD 1.8": {
      "years": [
        1996
      ]
    },
    "IMPREZA 2DR COUPE AWD L 2.2": {
      "years": [
        1996
      ]
    },
    "IMPREZA 4DR SEDAN AWD L 1.8": {
      "years": [
        1996
      ]
    },
    "IMPREZA 4DR SEDAN AWD L 2.2": {
      "years": [
        1996
      ]
    },
    "IMPREZA 4DR WAGON AWD L/OUTBACK SPORT 1.8": {
      "years": [
        1996
      ]
    },
    "IMPREZA 4DR WAGON AWD L/OUTBACK SPORT 2.2": {
      "years": [
        1996
      ]
    },
    "IMPREZA 4DR SEDAN AWD L": {
      "years": [
        1997
      ]
    },
    "IMPREZA 4DR WAGON AWD L/OUTBACK SPORT": {
      "years": [
        1997
      ]
    },
    "IMPREZA 4DR WAGON AWD/ BRIGHTON": {
      "years": [
        1997
      ]
    },
    "IMPREZA 2DR COUPE AWD 2.5 RS": {
      "years": [
        1998,
        1999,
        2000,
        2001
      ]
    },
    "IMPREZA 4DR SEDAN AWD": {
      "years": [
        1998,
        1999
      ]
    },
    "IMPREZA 4DR WAGON AWD BRIGHTON SPORT": {
      "years": [
        1998,
        2000,
        2001
      ]
    },
    "IMPREZA 4DR WAGON AWD BRIGHTON": {
      "years": [
        1999
      ]
    },
    "IMPREZA 4DR SEDAN AWD 2.5 RS": {
      "years": [
        2000,
        2001,
        2002,
        2003,
        2004
      ]
    },
    "IMPREZA 4DR SEDAN AWD TS": {
      "years": [
        2000,
        2001
      ]
    },
    "IMPREZA 4DR WAGON AWD OUTBACK SPORT": {
      "years": [
        2000,
        2001
      ]
    },
    "IMPREZA 4DR WAGON AWD TS": {
      "years": [
        2002,
        2003
      ]
    },
    "IMPREZA OUTBACK SPORT 4DR WAGON AWD": {
      "years": [
        2002
      ]
    },
    "IMPREZA WRX SEDAN 4DR AWD": {
      "years": [
        2002,
        2003,
        2004,
        2005,
        2006,
        2007
      ]
    },
    "IMPREZA WRX SPORT WAGON": {
      "years": [
        2002,
        2003
      ]
    },
    "IMPREZA TS SPORT/OUTBACK SPORT 4DR WAGON AWD": {
      "years": [
        2003
      ]
    },
    "IMPREZA 4DR WAGON AWD /2.5 TS SPORT": {
      "years": [
        2004
      ]
    },
    "IMPREZA 4DR WAGON AWD /OUTBACK SPORT": {
      "years": [
        2004,
        2005
      ]
    },
    "IMPREZA WRX SPORT WAGON AWD": {
      "years": [
        2004,
        2005,
        2006,
        2007
      ]
    },
    "IMPREZA WRX STi 4DR SEDAN AWD": {
      "years": [
        2004,
        2005,
        2006,
        2007
      ]
    },
    "IMPREZA 4DR SEDAN AWD /2.5 RS/SPORT PACKAGE": {
      "years": [
        2005
      ]
    },
    "IMPREZA 4DR SEDAN AWD 2.5I": {
      "years": [
        2006
      ]
    },
    "IMPREZA 4DR WAGON AWD 2.5I/OUTBACK SPORT": {
      "years": [
        2006
      ]
    },
    "IMPREZA 4DR SEDAN AWD 2.5i": {
      "years": [
        2007
      ]
    },
    "IMPREZA 4DR WAGON AWD 2.5i/OUTBACK SPORT": {
      "years": [
        2007
      ]
    },
    "IMPREZA 2.5i/SPORT 4DR SEDAN AWD": {
      "years": [
        2008,
        2009
      ]
    },
    "IMPREZA 5-DOOR 2.5i/SPORT WAGON AWD": {
      "years": [
        2008,
        2009
      ]
    },
    "IMPREZA 5-DOOR WRX WAGON AWD": {
      "years": [
        2008,
        2009
      ]
    },
    "IMPREZA WRX 4DR SEDAN AWD": {
      "years": [
        2008,
        2009
      ]
    },
    "IMPREZA WRX STI 5DR HATCH AWD": {
      "years": [
        2008,
        2009
      ]
    },
    "IMPREZA 2.5i/SPORT/LIMITED 4DR SEDAN AWD": {
      "years": [
        2010,
        2011
      ]
    },
    "IMPREZA 5-DOOR 2.5i/SPORT/LIMITED HATCH AWD": {
      "years": [
        2010,
        2011
      ]
    },
    "IMPREZA 5-DOOR WRX/WRX LIMITED HATCH AWD": {
      "years": [
        2010,
        2011
      ]
    },
    "IMPREZA WRX STI/SPORT-TECH 5DR HATCH AWD": {
      "years": [
        2010,
        2011,
        2012,
        2013,
        2014
      ]
    },
    "IMPREZA WRX/WRX LIMITED 4DR SEDAN AWD": {
      "years": [
        2010,
        2011,
        2012,
        2013,
        2014
      ]
    },
    "IMPREZA WRX STI/SPORT-TECH 4DR SEDAN AWD": {
      "years": [
        2011,
        2012,
        2013,
        2014
      ]
    },
    "IMPREZA 4DR SEDAN 2.0i/2.0i TOURING/2.0i SPOR": {
      "years": [
        2012,
        2013
      ]
    },
    "IMPREZA 5DR HATCH 2.0i/2.0i TOURING/2.0i SPOR": {
      "years": [
        2012,
        2013
      ]
    },
    "IMPREZA WRX/WRX LIMITED 5DR HATCH AWD": {
      "years": [
        2012,
        2013,
        2014
      ]
    },
    "IMPREZA 4DR SEDAN 2.0i": {
      "years": [
        2014,
        2015,
        2016
      ]
    },
    "IMPREZA 5DR HATCH 2.0i": {
      "years": [
        2014,
        2015,
        2016
      ]
    },
    "IMPREZA 4DR SEDAN": {
      "years": [
        2017,
        2018,
        2019,
        2020,
        2021,
        2022,
        2023
      ]
    },
    "IMPREZA 5DR HATCH": {
      "years": [
        2017,
        2018,
        2019,
        2020,
        2021,
        2022,
        2023
      ]
    },
    "IMPREZA CONVENIENCE/TOURING 4DR SEDAN": {
      "years": [
        2024,
        2025
      ]
    },
    "IMPREZA RS/SPORT-TECH 4DR SEDAN": {
      "years": [
        2024,
        2025
      ]
    }
  },
  "Justy": {
    "JUSTY GL 4WD": {
      "years": [
        1988
      ]
    },
    "JUSTY GL 4WDDL FWD/GL FWD": {
      "years": [
        1989
      ]
    },
    "JUSTY DL/GL/GL 4WD 2DR HATCHBACK": {
      "years": [
        1990,
        1991
      ]
    },
    "JUSTY GL 4WD 4DR HATCHBACK": {
      "years": [
        1990,
        1991,
        1992,
        1993
      ]
    },
    "JUSTY GL FWD 2DR HATCHBACK": {
      "years": [
        1992,
        1993
      ]
    },
    "JUSTY 4DR HATCHBACK 4WD": {
      "years": [
        1994,
        1995
      ]
    }
  },
  "Legacy": {
    "LEGACY 4WD 4DR SEDAN": {
      "years": [
        1990
      ]
    },
    "LEGACY 4WD WAGON": {
      "years": [
        1990
      ]
    },
    "LEGACY FWD 4DR SEDAN": {
      "years": [
        1990
      ]
    },
    "LEGACY FWD WAGON": {
      "years": [
        1990
      ]
    },
    "LEGACY 4WD TURBO SEDAN": {
      "years": [
        1991,
        1992,
        1993
      ]
    },
    "LEGACY L/LS 4WD 4DR SEDAN": {
      "years": [
        1991,
        1992,
        1993
      ]
    },
    "LEGACY L/LS 4WD WAGON": {
      "years": [
        1991,
        1992,
        1993
      ]
    },
    "LEGACY L/LS FWD 4DR SEDAN": {
      "years": [
        1991,
        1992,
        1993
      ]
    },
    "LEGACY L/LS FWD WAGON": {
      "years": [
        1991,
        1992,
        1993
      ]
    },
    "LEGACY 4DR SEDAN AWD LS": {
      "years": [
        1994
      ]
    },
    "LEGACY 4DR SEDAN AWD TURBO": {
      "years": [
        1994
      ]
    },
    "LEGACY 4DR SEDAN FWD L": {
      "years": [
        1994,
        1995,
        1996
      ]
    },
    "LEGACY 4DR WAGON AWD LS/TOURING": {
      "years": [
        1994
      ]
    },
    "LEGACY 4DR WAGON FWD L": {
      "years": [
        1994
      ]
    },
    "LEGACY 4DR SEDAN AWD L/LS/LSi": {
      "years": [
        1995,
        1996
      ]
    },
    "LEGACY BRIGHTON 4DR WAGON AWD L/LS/LSi": {
      "years": [
        1995,
        1996
      ]
    },
    "LEGACY BRIGHTON 4DR WAGON FWD L": {
      "years": [
        1995
      ]
    },
    "LEGACY 4DR SEDAN AWD L+/LS": {
      "years": [
        1997
      ]
    },
    "LEGACY 4DR SEDAN GT/LSi": {
      "years": [
        1997
      ]
    },
    "LEGACY 4DR WAGON L+/BRIGHTON": {
      "years": [
        1997
      ]
    },
    "LEGACY BRIGHTON 4DR WAGON AWD LS/GT/LSi": {
      "years": [
        1997
      ]
    },
    "LEGACY 4DR SEDAN AWD 2.5 GT": {
      "years": [
        1998
      ]
    },
    "LEGACY 4DR SEDAN AWD L/LTD": {
      "years": [
        1998
      ]
    },
    "LEGACY 4DR WAGON AWD 2.5 GT": {
      "years": [
        1998,
        1999
      ]
    },
    "LEGACY 4DR WAGON AWD L/BRIGHTON": {
      "years": [
        1998,
        1999
      ]
    },
    "LEGACY 4DR SEDAN AWD 2.2 L": {
      "years": [
        1999
      ]
    },
    "LEGACY 4DR SEDAN AWD 2.5 GT/GT LTD": {
      "years": [
        1999
      ]
    },
    "LEGACY 4DR SEDAN AWD L/GT/GT LTD": {
      "years": [
        2000,
        2001,
        2002
      ]
    },
    "LEGACY 4DR WAGON AWD BRIGHTON/L": {
      "years": [
        2000,
        2001,
        2002
      ]
    },
    "LEGACY 4DR WAGON AWD GT": {
      "years": [
        2000,
        2001,
        2002
      ]
    },
    "LEGACY 4DR SEDAN AWD L/GT/GT PREMIUM": {
      "years": [
        2003
      ]
    },
    "LEGACY GT 4DR WAGON AWD": {
      "years": [
        2003,
        2008,
        2009
      ]
    },
    "LEGACY L 4DR WAGON AWD": {
      "years": [
        2003
      ]
    },
    "LEGACY 4DR SEDAN AWD L/L PREMIUM/2.5 GT": {
      "years": [
        2004
      ]
    },
    "LEGACY 4DR WAGON AWD /2.5 GT": {
      "years": [
        2004
      ]
    },
    "LEGACY 4DR WAGON AWD /L/L PREMIUM": {
      "years": [
        2004
      ]
    },
    "LEGACY 4DR SEDAN /2.5i/2.5 GT": {
      "years": [
        2005
      ]
    },
    "LEGACY 4DR WAGON /2.5i/2.5 GT": {
      "years": [
        2005
      ]
    },
    "LEGACY 4DR SEDAN 2.5 GT": {
      "years": [
        2006,
        2007
      ]
    },
    "LEGACY 4DR SEDAN 2.5i": {
      "years": [
        2006,
        2007
      ]
    },
    "LEGACY 4DR WAGON 2.5 GT": {
      "years": [
        2006,
        2007
      ]
    },
    "LEGACY 4DR WAGON 2.5i": {
      "years": [
        2006,
        2007
      ]
    },
    "LEGACY 2.5i/TOURING 4DR WAGON AWD": {
      "years": [
        2008,
        2009
      ]
    },
    "LEGACY 2.5i/TOURING/LIMITED 4DR SEDAN AWD": {
      "years": [
        2008,
        2009
      ]
    },
    "LEGACY GT 4DR SEDAN AWD": {
      "years": [
        2008,
        2009
      ]
    },
    "LEGACY GT SPEC.B 4DR SEDAN AWD": {
      "years": [
        2008,
        2009
      ]
    },
    "LEGACY 4DR SEDAN 2.5GT/3.6R": {
      "years": [
        2010,
        2011,
        2012
      ]
    },
    "LEGACY 4DR SEDAN 2.5I/PZEV": {
      "years": [
        2010,
        2011
      ]
    },
    "LEGACY 4DR SEDAN 2.5i/PZEV/2.5i TOURING/2.5i": {
      "years": [
        2012,
        2013,
        2014
      ]
    },
    "LEGACY 4DR SEDAN 3.6R": {
      "years": [
        2013,
        2014
      ]
    },
    "LEGACY 4DR SEDAN 2.5i AWD": {
      "years": [
        2015,
        2016,
        2017,
        2018,
        2019
      ]
    },
    "LEGACY 4DR SEDAN 3.6R AWD": {
      "years": [
        2015,
        2016,
        2017,
        2018,
        2019
      ]
    },
    "LEGACY 4DR SEDAN": {
      "years": [
        2020,
        2021,
        2022,
        2023,
        2024
      ]
    },
    "LEGACY GT 4DR SEDAN": {
      "years": [
        2020,
        2021,
        2022,
        2023,
        2024
      ]
    }
  },
  "Loyale": {
    "LOYALE 4WD 4DR SEDAN": {
      "years": [
        1990
      ]
    },
    "LOYALE 4WD WAGON": {
      "years": [
        1990,
        1991,
        1992,
        1993,
        1994
      ]
    },
    "LOYALE FWD 4DR SEDAN": {
      "years": [
        1990,
        1992,
        1993
      ]
    },
    "LOYALE FWD WAGON": {
      "years": [
        1990,
        1991,
        1992,
        1993,
        1994
      ]
    },
    "LOYALE SX FWD 4DR SEDAN": {
      "years": [
        1991
      ]
    }
  },
  "Outback": {
    "OUTBACK 4DR WAGON AWD": {
      "years": [
        1996,
        1997,
        2000,
        2001,
        2002
      ]
    },
    "OUTBACK 4DR WAGON AWD BASE/LIMITED": {
      "years": [
        1998,
        1999
      ]
    },
    "OUTBACK SPORT 4DR WAGON AWD (IMPREZA)": {
      "years": [
        1998,
        1999
      ]
    },
    "OUTBACK 4DR SEDAN AWD (LEGACY)": {
      "years": [
        1999
      ]
    },
    "OUTBACK 4DR SEDAN AWD LTD": {
      "years": [
        2000,
        2001
      ]
    },
    "OUTBACK 4DR WAGON AWD LTD": {
      "years": [
        2000,
        2001,
        2002,
        2003
      ]
    },
    "OUTBACK 4DR WAGON AWD H6": {
      "years": [
        2001,
        2002,
        2003
      ]
    },
    "OUTBACK 4DR SEDAN AWD H6": {
      "years": [
        2002,
        2003
      ]
    },
    "OUTBACK 4DR WAGON AWD /BASE/PREMIUM": {
      "years": [
        2004
      ]
    },
    "OUTBACK 4DR WAGON AWD /LIMITED/ANNIV": {
      "years": [
        2004
      ]
    },
    "OUTBACK 4DR WAGON AWD H6-3.0/VDC": {
      "years": [
        2004
      ]
    },
    "OUTBACK 4DR WAGON AWD /2.5i/2.5i LIMITED": {
      "years": [
        2005,
        2006,
        2007,
        2008,
        2009
      ]
    },
    "OUTBACK 4DR WAGON AWD /2.5XT/3.0R": {
      "years": [
        2005,
        2006,
        2007,
        2008,
        2009
      ]
    },
    "OUTBACK 4DR WAGON AWD /3.0R VDC": {
      "years": [
        2005,
        2006,
        2007,
        2008,
        2009
      ]
    },
    "OUTBACK 4DR WAGON AWD 3.6R": {
      "years": [
        2010,
        2011,
        2012,
        2013,
        2014,
        2015,
        2016,
        2017,
        2018,
        2019
      ]
    },
    "OUTBACK 4DR WAGON AWD PZEV/2.5I": {
      "years": [
        2010,
        2011,
        2012
      ]
    },
    "OUTBACK 4DR WAGON AWD 2.5i (manual)": {
      "years": [
        2013
      ]
    },
    "OUTBACK 4DR WAGON AWD 2.5i/PZEV/2.5i TOURING/": {
      "years": [
        2013
      ]
    },
    "OUTBACK 4DR WAGON AWD 2.5i": {
      "years": [
        2014,
        2015,
        2016,
        2017,
        2018,
        2019
      ]
    },
    "OUTBACK 4DR WAGON CONVIENCE/TOURING/LIMITED": {
      "years": [
        2020,
        2021,
        2022
      ]
    },
    "OUTBACK 4DR WAGON LIMITED XT/PREMIER XT": {
      "years": [
        2020,
        2021,
        2022
      ]
    },
    "OUTBACK 4DR WAGON PREMIER/OUTDOOR XT": {
      "years": [
        2020,
        2021,
        2022
      ]
    },
    "OUTBACK 4DR WAGON": {
      "years": [
        2023,
        2024
      ]
    },
    "OUTBACK 4DR WGAON WILDERNESS/XT": {
      "years": [
        2023,
        2024
      ]
    }
  },
  "RX": {},
  "SVX": {
    "SVX 2DR COUPE": {
      "years": [
        1992,
        1994,
        1995,
        1996,
        1997
      ]
    }
  },
  "Solterra": {
    "SOLTERRA SUV": {
      "years": [
        2023,
        2024
      ]
    }
  },
  "Standard": {},
  "WRX": {
    "WRX 4DR SEDAN": {
      "years": [
        2015,
        2016,
        2017,
        2018,
        2019,
        2020,
        2021,
        2022,
        2023,
        2024
      ]
    },
    "WRX STI 4DR SEDAN": {
      "years": [
        2015,
        2016,
        2017,
        2018,
        2019,
        2020,
        2021
      ]
    },
    "WRX SPORT 4DR SEDAN": {
      "years": [
        2022,
        2023,
        2024
      ]
    },
    "WRX SPORT EyeSight 4DR SEDAN": {
      "years": [
        2022,
        2023,
        2024
      ]
    }
  },
  "XT": {
    "XT TURBO COUPR FWD/4WD": {
      "years": [
        1986
      ]
    },
    "XT GL FWD COUPE (2 DR)": {
      "years": [
        1987
      ]
    },
    "XT GL-10 TURBO 4WD COUPE (2 DR)": {
      "years": [
        1987
      ]
    },
    "4WD GL/4WD RX TURBO COUPE": {
      "years": [
        1988
      ]
    },
    "4WD GL/4WD RX TURBO COUPE/FWDGL": {
      "years": [
        1989
      ]
    },
    "XT COUPE FWD/4WD": {
      "years": [
        1990
      ]
    }
  },
  "XT6": {
    "4WD XT-6 COUPE": {
      "years": [
        1988,
        1989
      ]
    },
    "FWD XT DL/GL/XT6 COUPE": {
      "years": [
        1988
      ]
    },
    "FWD GLXT/FWD XT6": {
      "years": [
        1989
      ]
    }
  },
  "XV CrossTrek": {
    "XV CROSSTREK TOURING/SPORT PACKAGE/LIMITED PA": {
      "years": [
        2013
      ]
    },
    "XV CROSSTREK HYBRID": {
      "years": [
        2014,
        2015,
        2016,
        2017
      ]
    },
    "XV CROSSTREK TOURING/SPORT/LIMITED": {
      "years": [
        2014,
        2015,
        2016,
        2017
      ]
    }
  }
}