{
  "Aerio": {
    "AERIO FASTBACK GL/GLX/SX": {
      "years": [
        2002,
        2003
      ]
    },
    "AERIO SEDAN GL/GLX/SX": {
      "years": [
        2002,
        2003
      ]
    },
    "AERIO 4DR SEDAN AWD GLX AWD": {
      "years": [
        2004,
        2005
      ]
    },
    "AERIO 4DR SEDAN FWD /GL/GLX": {
      "years": [
        2004,
        2005
      ]
    },
    "AERIO 4DR WAGON FWD /FASTBACK S/SX": {
      "years": [
        2004
      ]
    },
    "AERIO 4DR WAGON FWD /SX": {
      "years": [
        2005
      ]
    },
    "AERIO 4DR SEDAN FWD": {
      "years": [
        2006,
        2007
      ]
    },
    "AERIO 4DR WAGON AWD SX": {
      "years": [
        2006
      ]
    },
    "AERIO 4DR WAGON FWD SE/SX": {
      "years": [
        2006
      ]
    }
  },
  "Equator": {
    "EQUATOR 4DR PICKUP RWD": {
      "years": [
        2009,
        2010
      ]
    }
  },
  "Esteem": {
    "ESTEEM 4DR SEDAN GL/GLX": {
      "years": [
        1995,
        1996,
        1997,
        1998,
        1999,
        2000,
        2001
      ]
    },
    "ESTEEM 4DR WAGON GL/GLX": {
      "years": [
        1998,
        1999,
        2000,
        2001,
        2002
      ]
    }
  },
  "Forenza": {},
  "Forsa": {
    "FORSA GA (2DR) / GL (2DR)": {
      "years": [
        1986
      ]
    },
    "FORSA VLG (4DR)": {
      "years": [
        1986
      ]
    },
    "FORSA GA/GL 2 DR KAMBACK": {
      "years": [
        1987
      ]
    },
    "FORSA V GL 4 DR KAMBACK": {
      "years": [
        1987
      ]
    },
    "FORSA  GL/GA 4 DR KAMBACK": {
      "years": [
        1988
      ]
    },
    "FORSA GA/GL/GE 2DR KAMBACK": {
      "years": [
        1988
      ]
    }
  },
  "Grand Vitara": {
    "GRAND VITARA V6 4DR 4WD JX/JLX": {
      "years": [
        1999,
        2000
      ]
    },
    "GRAND VITARA 4DR 4WD V6 JX/JLX/LTD": {
      "years": [
        2001
      ]
    },
    "GRAND VITARA 4DR 4WD V6 JX/JLX": {
      "years": [
        2002,
        2003,
        2004,
        2005
      ]
    },
    "GRAND VITARA 4DR 4WD V6 JA/JX/JLX": {
      "years": [
        2006,
        2007,
        2008
      ]
    },
    "GRAND VITARA 4DR SUV AWD JA/JX/JLX": {
      "years": [
        2009
      ]
    },
    "GRAND VITARA 4DR SUV AWD JX/JLX": {
      "years": [
        2010
      ]
    },
    "GRAND VITARA 4DR SUV AWD JX/JLX/JLX-L": {
      "years": [
        2011,
        2012
      ]
    },
    "GRAND VITARA 4DR SUV AWD URBAN/JX/JLX/JLX-L": {
      "years": [
        2013,
        2014
      ]
    }
  },
  "Grand Vitara XL-7": {},
  "Kizashi": {
    "KIZASHI 4DR SEDAN": {
      "years": [
        2011
      ]
    },
    "KIZASHI S 4DR SEDAN": {
      "years": [
        2012
      ]
    },
    "KIZASHI SPORT 4DR SEDAN": {
      "years": [
        2012
      ]
    },
    "KIZASHI SX AWD 4DR SEDAN": {
      "years": [
        2012
      ]
    },
    "KIZASHI S iAWD 4DR SEDAN": {
      "years": [
        2013,
        2014
      ]
    },
    "KIZASHI SPORT iAWD/SX iAWD 4DR SEDAN": {
      "years": [
        2013,
        2014
      ]
    }
  },
  "Reno": {},
  "SX4": {
    "SX4 4DR HATCH FWD": {
      "years": [
        2007,
        2008,
        2009
      ]
    },
    "SX4 4DR HATCH FWD /JLX": {
      "years": [
        2007,
        2008,
        2009
      ]
    },
    "SX4 4DR HATCH FWD /JX": {
      "years": [
        2007,
        2008,
        2009
      ]
    },
    "SX4 4DR SEDAN FWD": {
      "years": [
        2008,
        2009,
        2010,
        2011
      ]
    },
    "SX4 SPORT 4DR SEDAN FWD": {
      "years": [
        2008,
        2009,
        2010,
        2011
      ]
    },
    "SX4 4DR HATCH AWD JX/JLX": {
      "years": [
        2010,
        2011,
        2012
      ]
    },
    "SX4 4DR HATCH FWD AERO": {
      "years": [
        2010
      ]
    },
    "SX4 4DR HATCH FWD BASE": {
      "years": [
        2010,
        2011
      ]
    },
    "SX4 4DR HATCH FWD JX": {
      "years": [
        2010,
        2011
      ]
    },
    "SX4 4DR HATCH FWD JA/JX": {
      "years": [
        2012,
        2013,
        2014
      ]
    },
    "SX4 4DR SEDAN FWD  JA/SPORT (auto)": {
      "years": [
        2012
      ]
    },
    "SX4 4DR SEDAN FWD  JA/SPORT (manual)": {
      "years": [
        2012
      ]
    },
    "SX4 4DR CROSSOVER JA iAWD/JX iAWD/JLX iAWD": {
      "years": [
        2013,
        2014
      ]
    },
    "SX4 4DR SEDAN FWD  JE/JA/SPORT (manual)": {
      "years": [
        2013,
        2014
      ]
    },
    "SX4 4DR SEDAN FWD JA/SPORT (auto)": {
      "years": [
        2013,
        2014
      ]
    }
  },
  "Samurai": {
    "SAMURAI CONVERTIBLE": {
      "years": [
        1985,
        1986,
        1987
      ]
    },
    "SAMURAI HARD TOP": {
      "years": [
        1985,
        1986,
        1987
      ]
    },
    "SAMURAI LONG BODY CONVERTIBLE": {
      "years": [
        1985,
        1986
      ]
    },
    "SAMURAI LONG BODY": {
      "years": [
        1987
      ]
    },
    "SAMURAI CONVERTABLE STD/JX": {
      "years": [
        1988,
        1989,
        1990
      ]
    },
    "SAMURAI HARDTOP STD/JX": {
      "years": [
        1988,
        1989,
        1990
      ]
    },
    "SAMURAI JX PLUS": {
      "years": [
        1988
      ]
    },
    "SAMURAI LONG BODY JX": {
      "years": [
        1988
      ]
    },
    "SAMURAI CONVERTABLE STD/JA": {
      "years": [
        1991,
        1992
      ]
    },
    "SAMURAI HARDTOP STD/JA": {
      "years": [
        1991,
        1992
      ]
    }
  },
  "Sidekick": {
    "SIDEKICK BASE/DLX/SUPER DLX CONV. 4X4": {
      "years": [
        1989
      ]
    },
    "SIDEKICK DLX/SUPER DLX HARDTOP 4X4": {
      "years": [
        1989
      ]
    },
    "SIDEKICK STD/DLX/SUPER DLX HARD TOP 4x4": {
      "years": [
        1990
      ]
    },
    "SIDEKICK STD/DLX/SUPER DLX SOFT TOP 4x4": {
      "years": [
        1990
      ]
    },
    "SIDEKICK 2DR JA/JX HARD TOP 4x4": {
      "years": [
        1991,
        1992,
        1993
      ]
    },
    "SIDEKICK 2DR JA/JX/JLX SOFT TOP 4x4": {
      "years": [
        1991,
        1992,
        1993
      ]
    },
    "SIDEKICK 4DR JA/JLX/JLX-PP 4X4": {
      "years": [
        1991,
        1992,
        1993
      ]
    },
    "SIDEKICK 2DR HARD TOP 4X4 JA/JX": {
      "years": [
        1994,
        1995
      ]
    },
    "SIDEKICK 2DR SOFT TOP 4X4 JA/JX/JLX": {
      "years": [
        1994,
        1995
      ]
    },
    "SIDEKICK 4DR HARD TOP 4X4 JX/JLX": {
      "years": [
        1994,
        1995
      ]
    },
    "SIDEKICK 2DR SOFT TOP 4X4 JA/JX": {
      "years": [
        1996,
        1997
      ]
    },
    "SIDEKICK 4DR HARD TOP 4X4 JX": {
      "years": [
        1996,
        1997
      ]
    },
    "SIDEKICK 4DR HARD TOP 4X4 SPORT JX/JLX": {
      "years": [
        1996,
        1997,
        1998
      ]
    },
    "SIDEKICK 2DR SOFT TOP 4X4": {
      "years": [
        1998
      ]
    },
    "SIDEKICK 4DR HARD TOP 4X4": {
      "years": [
        1998
      ]
    }
  },
  "Sidekick Sport": {},
  "Swift": {
    "SWIFTL/S/DL 2DR HATCHBACK": {
      "years": [
        1989
      ]
    },
    "SWIFT GL 4DR HATCHBACK": {
      "years": [
        1990
      ]
    },
    "SWIFT GT 2DR HATCHBACK": {
      "years": [
        1990
      ]
    },
    "SWIFT L/GL/GLX 4DR SEDAN": {
      "years": [
        1990,
        1991,
        1992,
        1993
      ]
    },
    "SWIFT L/S/GL 2DR HATCHBACK": {
      "years": [
        1990
      ]
    },
    "SWIFT L/S/GL 3DR HATCHBACK": {
      "years": [
        1991
      ]
    },
    "SWIFT GT 3DR HATCHBACK": {
      "years": [
        1991,
        1992,
        1993
      ]
    },
    "SWIFT L/GS 3DR HATCHBACK": {
      "years": [
        1992,
        1993
      ]
    },
    "SWIFT GA 2DR HATCHBACK": {
      "years": [
        1993
      ]
    },
    "SWIFT 2DR HATCHBACK GA": {
      "years": [
        1994
      ]
    },
    "SWIFT 2DR HATCHBACK GT": {
      "years": [
        1994
      ]
    },
    "SWIFT 2DR HATCHBACK L/GS": {
      "years": [
        1994
      ]
    },
    "SWIFT 4DR SEDAN GL/GLX": {
      "years": [
        1994
      ]
    },
    "SWIFT 4DR SEDAN L": {
      "years": [
        1994
      ]
    },
    "SWIFT 2DR HATCHBACK BASE/DLX": {
      "years": [
        1995,
        1996,
        1997,
        1998,
        1999,
        2000
      ]
    },
    "SWIFT 2DR HATCHBACK": {
      "years": [
        2001
      ]
    },
    "SWIFT 4DR HATCH FWD +/S": {
      "years": [
        2004,
        2005,
        2006,
        2007
      ]
    },
    "SWIFT+ /S 4DR HATCH FWD": {
      "years": [
        2008,
        2009
      ]
    }
  },
  "Verona": {
    "VERONA 4DR SEDAN FWD GL/GLX": {
      "years": [
        2004,
        2005,
        2006
      ]
    }
  },
  "Vitara": {
    "VITARA 2DR CONVERTIBLE 4WD 1.6L": {
      "years": [
        1999,
        2000,
        2001,
        2002
      ]
    },
    "VITARA 2DR CONVERTIBLE 4WD 2.0L": {
      "years": [
        1999,
        2000,
        2001,
        2002
      ]
    },
    "VITARA 4DR 4WD JX": {
      "years": [
        1999
      ]
    },
    "VITARA 4DR 4WD": {
      "years": [
        2000
      ]
    },
    "VITARA 4DR 4WD BASE/JX": {
      "years": [
        2001,
        2002,
        2003
      ]
    },
    "VITARA 2DR CONVERTIBLE JX 4WD 2.0L": {
      "years": [
        2003
      ]
    },
    "VITARA 4DR 4WD SUV": {
      "years": [
        2004
      ]
    }
  },
  "X-90": {
    "X-90 2DR SUV 4WD": {
      "years": [
        1996
      ]
    },
    "X-90 2DR HARD TOP SUV 4WD": {
      "years": [
        1997,
        1998
      ]
    }
  },
  "XL7": {
    "XL-7 4DR 4WD": {
      "years": [
        2001
      ]
    },
    "XL-7 4DR 4WD JX/JLX/LTD": {
      "years": [
        2002,
        2003
      ]
    },
    "XL-7 4DR 4WD /JLX/JLX PLUS/LTD": {
      "years": [
        2004,
        2005
      ]
    },
    "XL-7 4DR 4WD JX": {
      "years": [
        2004,
        2005,
        2006,
        2009
      ]
    },
    "XL-7 4DR 4WD JLX/JLX PLUS": {
      "years": [
        2006
      ]
    },
    "XL7 4DR 4WD JLX": {
      "years": [
        2007,
        2008
      ]
    },
    "XL7 4DR 4WD JX": {
      "years": [
        2007,
        2008
      ]
    },
    "XL-7 4DR 4WD JLX": {
      "years": [
        2009
      ]
    }
  }
}