{
  "Cybertruck": {
    "CYBERTRUCK 4DR PICKUP AWD": {
      "years": [
        2024,
        2025
      ]
    },
    "CYBERTRUCK 4DR PICKUP CYBERBEAST": {
      "years": [
        2024,
        2025
      ]
    }
  },
  "Model 3": {
    "MODEL 3 4DR SEDAN LONG RANGE": {
      "years": [
        2018
      ]
    },
    "MODEL 3 4DR SEDAN STANDARD": {
      "years": [
        2018,
        2019,
        2020,
        2021,
        2022,
        2023
      ]
    },
    "MODEL 3 4DR SEDAN LONG RANGE AWD": {
      "years": [
        2019,
        2020,
        2021,
        2022,
        2023,
        2024,
        2025
      ]
    },
    "MODEL 3 4DR SEDAN LONG RANGE RWD": {
      "years": [
        2019,
        2020,
        2021,
        2022,
        2023
      ]
    },
    "MODEL 3 4DR SEDAN MID RANGE": {
      "years": [
        2019,
        2020,
        2021,
        2022,
        2023
      ]
    },
    "MODEL 3 4DR SEDAN RWD": {
      "years": [
        2024,
        2025
      ]
    }
  },
  "Model S": {
    "MODEL S": {
      "years": [
        2013
      ]
    },
    "MODEL S 4DR SEDAN": {
      "years": [
        2014
      ]
    },
    "MODEL S 60 4DR SEDAN RWD": {
      "years": [
        2015
      ]
    },
    "MODEL S 60D 4DR SEDAN AWD": {
      "years": [
        2015
      ]
    },
    "MODEL S 85 4DR SEDAN RWD": {
      "years": [
        2015
      ]
    },
    "MODEL S 85D 4DR SEDAN AWD": {
      "years": [
        2015
      ]
    },
    "MODEL S P85D 4DR SEDAN AWD": {
      "years": [
        2015
      ]
    },
    "MODEL S 70 4DR SEDAN RWD": {
      "years": [
        2016
      ]
    },
    "MODEL S 70D 4DR SEDAN AWD": {
      "years": [
        2016
      ]
    },
    "MODEL S 90D 4DR SEDAN AWD": {
      "years": [
        2016
      ]
    },
    "MODEL S P90D 4DR SEDAN AWD": {
      "years": [
        2016
      ]
    },
    "MODEL S 4DR SEDAN AWD": {
      "years": [
        2017,
        2018,
        2019,
        2020,
        2021,
        2022,
        2023,
        2024
      ]
    },
    "MODEL S 4DR SEDAN RWD": {
      "years": [
        2017,
        2018
      ]
    }
  },
  "Model X": {
    "MODEL X": {
      "years": [
        2016
      ]
    },
    "MODEL X 4DR SUV AWD": {
      "years": [
        2017,
        2018,
        2019,
        2020,
        2021,
        2022,
        2023,
        2024
      ]
    }
  },
  "Model Y": {
    "MODEL Y 4DR SUV AWD": {
      "years": [
        2021,
        2022,
        2023,
        2024
      ]
    },
    "MODEL Y 4DR SUV RWD": {
      "years": [
        2021,
        2022,
        2023,
        2024
      ]
    }
  },
  "Roadster": {},
  "Semi": {}
}