{
  "4-Runner": {
    "4 RUNNER SR5 PICK-UP": {
      "years": [
        1985,
        1987
      ]
    },
    "4 RUNNER SR5": {
      "years": [
        1986
      ]
    },
    "4 RUNNER DELUXE/SR5": {
      "years": [
        1988
      ]
    },
    "4 RUNNER BASE SR5 V6 4X4": {
      "years": [
        1989
      ]
    },
    "4 RUNNER BASE/SR5 4X4": {
      "years": [
        1989
      ]
    },
    "4RUNNER SR5 2DR 4x4": {
      "years": [
        1990
      ]
    },
    "4RUNNER SR5 4DR 4x4": {
      "years": [
        1990
      ]
    },
    "4RUNNER SR5 V6 4X4": {
      "years": [
        1990
      ]
    },
    "4 RUNNER SR5 2DR/4DR 4WD": {
      "years": [
        1991,
        1992,
        1993
      ]
    },
    "4 RUNNER SR5 4DR 2WD": {
      "years": [
        1991,
        1992,
        1993
      ]
    },
    "4 RUNNER SR5 V6 2DR/4DR 4WD": {
      "years": [
        1991,
        1992,
        1993
      ]
    },
    "4RUNNER 4DR SUV SR5 4WD": {
      "years": [
        1994,
        1995,
        1996,
        1997
      ]
    },
    "4RUNNER 4DR SUV SR5 V6 4WD": {
      "years": [
        1994,
        1995,
        1996,
        1997
      ]
    },
    "4RUNNER 4DR SUV SR5 V6 4WD W/TIRE PACKAGE": {
      "years": [
        1994,
        1995
      ]
    },
    "4RUNNER 4DR SUV SR5 V6 4WD LTD": {
      "years": [
        1996,
        1997
      ]
    },
    "4RUNNER 4DR SUV 4WD LTD V6": {
      "years": [
        1998,
        1999,
        2000
      ]
    },
    "4RUNNER 4DR SUV 4WD SR5": {
      "years": [
        1998,
        1999,
        2001,
        2002
      ]
    },
    "4RUNNER 4DR SUV 4WD SR5 V6": {
      "years": [
        1998,
        1999,
        2000,
        2010,
        2011,
        2012,
        2013,
        2014,
        2015,
        2016,
        2017,
        2018,
        2019,
        2020,
        2021,
        2022,
        2023,
        2024
      ]
    },
    "4RUNNER 4DR SUV 4WD BASE": {
      "years": [
        2001
      ]
    },
    "4RUNNER 4DR SUV 4WD LTD": {
      "years": [
        2001,
        2002
      ]
    },
    "4RUNNER 4DR SUV 4WD BADLANDS": {
      "years": [
        2002
      ]
    },
    "4RUNNER Limited V6 4DR SUV 4WD": {
      "years": [
        2003
      ]
    },
    "4RUNNER Limited V8 4DR SUV 4WD": {
      "years": [
        2003
      ]
    },
    "4RUNNER SR5 V6 4DR SUV 4WD": {
      "years": [
        2003
      ]
    },
    "4RUNNER SR5 V8 4DR SUV 4WD": {
      "years": [
        2003
      ]
    },
    "4RUNNER 4DR SUV 4WD /Limited V6": {
      "years": [
        2004,
        2005,
        2006,
        2007
      ]
    },
    "4RUNNER 4DR SUV 4WD /Limited V8": {
      "years": [
        2004,
        2005,
        2006,
        2007,
        2008,
        2009
      ]
    },
    "4RUNNER 4DR SUV 4WD /SR5 V6": {
      "years": [
        2004,
        2005,
        2006,
        2007,
        2008,
        2009
      ]
    },
    "4RUNNER 4DR SUV 4WD /SR5 V8": {
      "years": [
        2004,
        2005,
        2006,
        2007,
        2008,
        2009
      ]
    },
    "4RUNNER 4DR SUV 4WD LIMITED V6": {
      "years": [
        2010,
        2011,
        2012,
        2013,
        2014,
        2015,
        2016,
        2017,
        2018,
        2019,
        2020,
        2021,
        2022,
        2023,
        2024
      ]
    },
    "4RUNNER 4DR SUV 4WD TRAIL EDITION V6": {
      "years": [
        2010,
        2011,
        2012,
        2013,
        2014,
        2015,
        2016,
        2017,
        2018,
        2019,
        2020,
        2021,
        2022,
        2023,
        2024
      ]
    }
  },
  "86": {
    "86 2DR COUPE": {
      "years": [
        2017,
        2018,
        2019,
        2020,
        2021
      ]
    }
  },
  "Avalon": {
    "AVALON 4DR SEDAN XL/XLS": {
      "years": [
        1995,
        1996,
        1997,
        1998,
        1999,
        2000,
        2001,
        2002,
        2003,
        2004,
        2005,
        2006,
        2007,
        2008,
        2009
      ]
    },
    "AVALON 4DR SEDAN XLS": {
      "years": [
        2010,
        2011,
        2012
      ]
    },
    "AVALON XLE/LIMITED 4DR SEDAN": {
      "years": [
        2013,
        2014,
        2015
      ]
    },
    "AVALON 4DR SEDAN": {
      "years": [
        2016,
        2017,
        2018,
        2019,
        2020,
        2021,
        2022,
        2023
      ]
    }
  },
  "C-HR": {
    "C-HR 4DR SUV": {
      "years": [
        2018,
        2019,
        2020,
        2021,
        2022,
        2023,
        2024
      ]
    }
  },
  "COROLLA iM": {
    "COROLLA iM 5DR HATCHBACK": {
      "years": [
        2017,
        2018
      ]
    }
  },
  "Camry": {
    "CAMRY LE LB": {
      "years": [
        1983,
        1984
      ]
    },
    "CAMRY LE SD": {
      "years": [
        1983,
        1984
      ]
    },
    "CAMRY LIFTBACK LE": {
      "years": [
        1985,
        1986
      ]
    },
    "CAMRY SEDAN LE": {
      "years": [
        1985,
        1986
      ]
    },
    "CAMRY DELUXE 4 DR SEDAN": {
      "years": [
        1987
      ]
    },
    "CAMRY DELUXE WAGON": {
      "years": [
        1987
      ]
    },
    "CAMRY LE 4 DR SEDAN": {
      "years": [
        1987
      ]
    },
    "CAMRY LE WAGON": {
      "years": [
        1987
      ]
    },
    "CAMRY DELUXE/LE WAGON": {
      "years": [
        1988
      ]
    },
    "CAMRY DELUXE/LE/LE 4WD 4 DR SEDAN": {
      "years": [
        1988
      ]
    },
    "CAMRY BASE/LE WAGON": {
      "years": [
        1989,
        1990,
        1991
      ]
    },
    "CAMRY BASE/LE/LE 4WD 4 DR SEDAN": {
      "years": [
        1989,
        1990,
        1991
      ]
    },
    "CAMRY BASE/LE 4 DR SEDAN": {
      "years": [
        1992,
        1993
      ]
    },
    "CAMRY LE/LE V6 4DR WAGON": {
      "years": [
        1993
      ]
    },
    "CAMRY 2DR COUPE BASE/LE": {
      "years": [
        1994,
        1995,
        1996
      ]
    },
    "CAMRY 2DR COUPE LE-V6": {
      "years": [
        1994,
        1995,
        1996
      ]
    },
    "CAMRY 4DR SEDAN BASE/LE": {
      "years": [
        1994,
        1995,
        1996
      ]
    },
    "CAMRY 4DR SEDAN LE-V6": {
      "years": [
        1994,
        1995,
        1996
      ]
    },
    "CAMRY 4DR WAGON BASE/LE": {
      "years": [
        1994,
        1995,
        1996
      ]
    },
    "CAMRY 4DR WAGON LE-V6": {
      "years": [
        1994,
        1995,
        1996
      ]
    },
    "CAMRY 4DR SEDAN CE/LE": {
      "years": [
        1997,
        2001
      ]
    },
    "CAMRY 4DR SEDAN V6 CE/XLE": {
      "years": [
        1997
      ]
    },
    "CAMRY 4DR SEDAN CE": {
      "years": [
        1998,
        1999,
        2000
      ]
    },
    "CAMRY 4DR SEDAN LE/CE V6": {
      "years": [
        1998
      ]
    },
    "CAMRY 4DR SEDAN XLE V6": {
      "years": [
        1998,
        1999,
        2000,
        2001
      ]
    },
    "CAMRY 4DR SEDAN CE V6/LE": {
      "years": [
        1999,
        2000
      ]
    },
    "CAMRY 4DR SEDAN CE V6": {
      "years": [
        2001
      ]
    },
    "CAMRY 4DR SEDAN LE /XLE": {
      "years": [
        2002,
        2003,
        2004,
        2005,
        2006
      ]
    },
    "CAMRY 4DR SEDAN LE V6/ XLE V6/SE V6": {
      "years": [
        2002,
        2003,
        2004,
        2005,
        2006
      ]
    },
    "CAMRY 4DR SEDAN /SE": {
      "years": [
        2004,
        2005,
        2006
      ]
    },
    "CAMRY 4DR SEDAN FWD /SE": {
      "years": [
        2007
      ]
    },
    "CAMRY 4DR SEDAN FWD LE /XLE": {
      "years": [
        2007
      ]
    },
    "CAMRY 4DR SEDAN FWD LE V6/ XLE V6/SE V6": {
      "years": [
        2007
      ]
    },
    "CAMRY 4DR SEDAN FWD LE V6/SE V6/XLE": {
      "years": [
        2007
      ]
    },
    "CAMRY 4DR SEDAN FWD LE/SE": {
      "years": [
        2007,
        2008,
        2009,
        2010,
        2011
      ]
    },
    "CAMRY HYBRID 4DR SEDAN FWD": {
      "years": [
        2007,
        2008,
        2009,
        2010,
        2011
      ]
    },
    "CAMRY 4DR SEDAN FWD LEV6/SEV6/XLEV6": {
      "years": [
        2008,
        2009,
        2010,
        2011
      ]
    },
    "CAMRY LE HYBRID/XLE HYBRID 4DR SEDAN": {
      "years": [
        2012,
        2013,
        2014
      ]
    },
    "CAMRY LE/SE/XLE 4DR SEDAN": {
      "years": [
        2012,
        2013,
        2014
      ]
    },
    "CAMRY SE V6/XLE V6 4DR SEDAN": {
      "years": [
        2012,
        2013,
        2014
      ]
    },
    "CAMRY LE/SE/XLE HYBRID 4DR SEDAN": {
      "years": [
        2015
      ]
    },
    "CAMRY LE/SE/XLE/XSE 4DR SEDAN": {
      "years": [
        2015
      ]
    },
    "CAMRY XSE V6/XLE V6 4DR SEDAN": {
      "years": [
        2015
      ]
    },
    "CAMRY 4DR SEDAN": {
      "years": [
        2016,
        2017
      ]
    },
    "CAMRY HYBRID 4DR SEDAN": {
      "years": [
        2016,
        2017
      ]
    },
    "CAMRY V6 4DR SEDAN": {
      "years": [
        2016,
        2017
      ]
    },
    "CAMRY 4DR SEDAN L/LE": {
      "years": [
        2018
      ]
    },
    "CAMRY 4DR SEDAN SE/XSE/XLE": {
      "years": [
        2018,
        2019,
        2020,
        2021,
        2022,
        2023,
        2024
      ]
    },
    "CAMRY 4DR SEDAN XSE V6/XLE V6": {
      "years": [
        2018,
        2019,
        2020,
        2021,
        2022,
        2023,
        2024
      ]
    },
    "CAMRY HYBRID 4DR SEDAN LE": {
      "years": [
        2018,
        2019,
        2020,
        2021,
        2022,
        2023,
        2024
      ]
    },
    "CAMRY HYBRID 4DR SEDAN SE/XLE": {
      "years": [
        2018,
        2019,
        2020,
        2021,
        2022,
        2023,
        2024
      ]
    },
    "CAMRY 4DR SEDAN LE": {
      "years": [
        2019,
        2020,
        2021,
        2022,
        2023,
        2024
      ]
    }
  },
  "Camry Solara": {
    "CAMRY SOLARA 2DR COUPE SE/SE-V6": {
      "years": [
        1999,
        2000,
        2001,
        2002
      ]
    },
    "CAMRY SOLARA 2DR CONVERTIBLE SLE-V6": {
      "years": [
        2000,
        2001,
        2002
      ]
    },
    "CAMRY SOLARA 2DR COUPE SLE V6": {
      "years": [
        2002
      ]
    },
    "CAMRY SOLARA SE 2DR COUPE": {
      "years": [
        2003
      ]
    },
    "CAMRY SOLARA SLE V6 2DR COUPE": {
      "years": [
        2003
      ]
    },
    "CAMRY SOLARA SLE-V62DR CONVERTIBLE": {
      "years": [
        2003
      ]
    },
    "CAMRY SOLARA 2DR CONV": {
      "years": [
        2004
      ]
    },
    "CAMRY SOLARA 2DR COUPE FWD / SE": {
      "years": [
        2004
      ]
    },
    "CAMRY SOLARA 2DR COUPE FWD / SE V6/CLE V6": {
      "years": [
        2004
      ]
    }
  },
  "Cargo Van": {},
  "Celica": {
    "CELICA GT LIIFTBACK": {
      "years": [
        1981
      ]
    },
    "CELICA ST. SPT. CP": {
      "years": [
        1981
      ]
    },
    "CELICA SUPRA": {
      "years": [
        1981
      ]
    },
    "CELICA 2 DR CP": {
      "years": [
        1982
      ]
    },
    "CELICA LIFTBACK": {
      "years": [
        1982
      ]
    },
    "CELICA GT CP": {
      "years": [
        1983,
        1984
      ]
    },
    "CELICA GT LB": {
      "years": [
        1983,
        1984
      ]
    },
    "CELICA GTS CP": {
      "years": [
        1983,
        1984
      ]
    },
    "CELICA GTS LB": {
      "years": [
        1983,
        1984
      ]
    },
    "CELICA GT COUPE": {
      "years": [
        1985,
        1986,
        1988
      ]
    },
    "CELICA LIFTBACK GT": {
      "years": [
        1985,
        1986
      ]
    },
    "CELICA LIFTBACK GTS": {
      "years": [
        1985,
        1986
      ]
    },
    "CELICA GTS COUPE": {
      "years": [
        1986
      ]
    },
    "CELICA GT 2 DR COUPE": {
      "years": [
        1987
      ]
    },
    "CELICA GT 2 DR HATCHBACK": {
      "years": [
        1987
      ]
    },
    "CELICA GTS 2 DR COUPE": {
      "years": [
        1987,
        1988,
        1989
      ]
    },
    "CELICA GTS 2 DR HATCHBACK": {
      "years": [
        1987
      ]
    },
    "CELICA GT LIFTBACK": {
      "years": [
        1988,
        1989,
        1990,
        1991,
        1992,
        1993
      ]
    },
    "CELICA GTS LFTBCK/4WD TURBO LFTBCK": {
      "years": [
        1988
      ]
    },
    "CELICA GT COUPE/ST COUPE": {
      "years": [
        1989
      ]
    },
    "CELICA GTS TURBO LIFTBACK": {
      "years": [
        1989
      ]
    },
    "CELICA GT/ST 2DR COUPE": {
      "years": [
        1990,
        1991,
        1992,
        1993
      ]
    },
    "CELICA GT-S 4WD TURBO LIFTBACK": {
      "years": [
        1990,
        1991,
        1992,
        1993
      ]
    },
    "CELICA GT-S LIFTBACK": {
      "years": [
        1990,
        1991,
        1992,
        1993
      ]
    },
    "CELICA 2DR COUPE": {
      "years": [
        1994
      ]
    },
    "CELICA 2DR LIFTBACK": {
      "years": [
        1994,
        1995
      ]
    },
    "CELICA 2DR LIFTBACK GT": {
      "years": [
        1994,
        1995,
        1996,
        1997,
        1998,
        2000,
        2001,
        2002,
        2003,
        2004,
        2005
      ]
    },
    "CELICA 2DR LIFTBACK GT-S": {
      "years": [
        1999,
        2000,
        2001,
        2002,
        2003,
        2004,
        2005
      ]
    }
  },
  "Corolla": {
    "COROLLA 2 & 4 DR SD": {
      "years": [
        1981
      ]
    },
    "COROLLA LIFTBACK": {
      "years": [
        1981,
        1982,
        1983
      ]
    },
    "COROLLA SPIRIT CP": {
      "years": [
        1981
      ]
    },
    "COROLLA WAGON": {
      "years": [
        1981,
        1993,
        1994
      ]
    },
    "COROLLA 2 DR": {
      "years": [
        1982
      ]
    },
    "COROLLA 4 DR": {
      "years": [
        1982
      ]
    },
    "COROLLA DELUXE WAGON": {
      "years": [
        1982,
        1988
      ]
    },
    "COROLLA SR5": {
      "years": [
        1982
      ]
    },
    "COROLLA SR5 SPT. CP": {
      "years": [
        1982,
        1983,
        1984
      ]
    },
    "COROLLA 2 DR SD": {
      "years": [
        1983
      ]
    },
    "COROLLA 4 DR SD": {
      "years": [
        1983
      ]
    },
    "COROLLA DEL./LE LB": {
      "years": [
        1983,
        1984
      ]
    },
    "COROLLA SR5 CP": {
      "years": [
        1983
      ]
    },
    "COROLLA SR5 HB": {
      "years": [
        1983
      ]
    },
    "COROLLA SR5 SPT. LB": {
      "years": [
        1983,
        1984
      ]
    },
    "COROLLA STATION WAGON": {
      "years": [
        1983
      ]
    },
    "COROLLA DEL./LE SD": {
      "years": [
        1984
      ]
    },
    "COROLLA COUPE GT-S": {
      "years": [
        1985,
        1986
      ]
    },
    "COROLLA COUPE SR5": {
      "years": [
        1985,
        1986
      ]
    },
    "COROLLA LIFTBACK DELUXE": {
      "years": [
        1985,
        1986
      ]
    },
    "COROLLA LIFTBACK GT-S": {
      "years": [
        1985,
        1986
      ]
    },
    "COROLLA LIFTBACK LE": {
      "years": [
        1985,
        1986
      ]
    },
    "COROLLA LIFTBACK SR5": {
      "years": [
        1985,
        1986
      ]
    },
    "COROLLA SEDAN DELUXE": {
      "years": [
        1985,
        1986
      ]
    },
    "COROLLA SEDAN LE": {
      "years": [
        1985,
        1986
      ]
    },
    "COROLLA DELUXE 4 DR HATCHBACK": {
      "years": [
        1987
      ]
    },
    "COROLLA DELUXE 4 DR SEDAN": {
      "years": [
        1987
      ]
    },
    "COROLLA GTS 2 DR COUPE": {
      "years": [
        1987
      ]
    },
    "COROLLA GTS 2 DR HATCHBACK": {
      "years": [
        1987
      ]
    },
    "COROLLA LE 4 DR HATCHBACK": {
      "years": [
        1987
      ]
    },
    "COROLLA LE 4 DR SEDAN": {
      "years": [
        1987
      ]
    },
    "COROLLA SR5 2 DR COUPE": {
      "years": [
        1987
      ]
    },
    "COROLLA SR5 2 DR HATCHBACK": {
      "years": [
        1987
      ]
    },
    "COROLLA GTS/SR5 2 DR COUPE": {
      "years": [
        1988
      ]
    },
    "COROLLA LE/ DELUXE 4 DR SEDAN": {
      "years": [
        1988
      ]
    },
    "COROLLA 4WD SR5 WAGON": {
      "years": [
        1989,
        1990,
        1991,
        1992
      ]
    },
    "COROLLA BASE/4WD/WAGON": {
      "years": [
        1989
      ]
    },
    "COROLLA BASE/LE/4WD SEDAN": {
      "years": [
        1989
      ]
    },
    "COROLLA SPORT SR5/GTS COUPE": {
      "years": [
        1989
      ]
    },
    "COROLLA 4WD WAGON": {
      "years": [
        1990,
        1991,
        1992,
        1993
      ]
    },
    "COROLLA BASE 4DR SEDAN": {
      "years": [
        1990,
        1991,
        1992
      ]
    },
    "COROLLA BASE WAGON": {
      "years": [
        1990,
        1991,
        1992
      ]
    },
    "COROLLA LE/4WD 4DR SEDAN": {
      "years": [
        1990
      ]
    },
    "COROLLA SPORT SR5/GT-S 2DR COUPE": {
      "years": [
        1990,
        1991
      ]
    },
    "COROLLA LE 4DR SEDAN": {
      "years": [
        1991,
        1992
      ]
    },
    "COROLLA 4DR SEDAN BASE/DX/LE": {
      "years": [
        1994,
        1995,
        1996
      ]
    },
    "COROLLA 4DR WAGON": {
      "years": [
        1995,
        1996
      ]
    },
    "COROLLA 4DR SEDAN SD/DX": {
      "years": [
        1997
      ]
    },
    "COROLLA 4DR SEDAN LE": {
      "years": [
        1998,
        1999,
        2000,
        2001,
        2002
      ]
    },
    "COROLLA 4DR SEDAN VE/CE": {
      "years": [
        1998,
        1999,
        2000
      ]
    },
    "COROLLA 4DR SEDAN CE/SPORT": {
      "years": [
        2001,
        2002
      ]
    },
    "COROLLA CE/SPORT/LE 4DR SEDAN FWD": {
      "years": [
        2003
      ]
    },
    "COROLLA 4DR SEDAN FWD CE/SPORT/LE": {
      "years": [
        2004,
        2005,
        2006,
        2007,
        2008
      ]
    },
    "COROLLA 4DR SEDAN FWD /XRS": {
      "years": [
        2005,
        2006
      ]
    },
    "COROLLA 4DR SEDAN FWD CE/LE/S/XRS": {
      "years": [
        2009,
        2010
      ]
    },
    "COROLLA 4DR SEDAN FWD CE/LE/S": {
      "years": [
        2011,
        2012,
        2013
      ]
    },
    "COROLLA 4DR SEDAN FWD XRS": {
      "years": [
        2011,
        2012
      ]
    },
    "COROLLA 4DR SEDAN CE/LE/S": {
      "years": [
        2014,
        2015
      ]
    },
    "COROLLA 4DR SEDAN": {
      "years": [
        2016,
        2017,
        2018,
        2019
      ]
    },
    "COROLLA 5DR HATCH": {
      "years": [
        2019,
        2020,
        2021,
        2022,
        2023,
        2024
      ]
    },
    "COROLLA 4DR SEDAN HYBRID": {
      "years": [
        2020,
        2021,
        2022,
        2023,
        2024
      ]
    },
    "COROLLA 4DR SEDAN L/LE": {
      "years": [
        2020,
        2021,
        2022,
        2023,
        2024
      ]
    },
    "COROLLA 4DR SEDAN SE/XLE/XSE": {
      "years": [
        2020,
        2021,
        2022,
        2023,
        2024
      ]
    }
  },
  "Corolla Cross": {
    "COROLLA CROSS 4DR SUV AWD": {
      "years": [
        2022,
        2023,
        2024
      ]
    },
    "COROLLA CROSS 4DR SUV FWD": {
      "years": [
        2022,
        2023,
        2024
      ]
    }
  },
  "Corolla Matrix": {},
  "Corona": {
    "CORONA LIFTBACK": {
      "years": [
        1981
      ]
    },
    "CORONA SD": {
      "years": [
        1981
      ]
    },
    "CORONA WAGON": {
      "years": [
        1981
      ]
    },
    "CORONA 5 DR": {
      "years": [
        1982
      ]
    }
  },
  "Cressida": {
    "CRESSIDA SD": {
      "years": [
        1981,
        1983,
        1984
      ]
    },
    "CRESSIDA WAGON": {
      "years": [
        1981,
        1982,
        1983,
        1984,
        1985,
        1986
      ]
    },
    "CRESSIDA 4 DR SD": {
      "years": [
        1982
      ]
    },
    "CRESSIDA SEDAN": {
      "years": [
        1985,
        1986
      ]
    },
    "CRESSIDA 4 DR SEDAN": {
      "years": [
        1987,
        1988,
        1989
      ]
    },
    "CRESSIDA 4DR SEDAN": {
      "years": [
        1990,
        1991,
        1992
      ]
    }
  },
  "Crown": {
    "CROWN 4DR SEDAN PLATINUM": {
      "years": [
        2023,
        2024
      ]
    },
    "CROWN 4DR SEDAN XLE / LIMITED": {
      "years": [
        2023,
        2024
      ]
    }
  },
  "Crown Signia": {
    "CROWN SIGNIA 4DR WAGON": {
      "years": [
        2025
      ]
    }
  },
  "Echo": {
    "ECHO 2DR COUPE": {
      "years": [
        2000,
        2001,
        2002,
        2003
      ]
    },
    "ECHO 4DR SEDAN": {
      "years": [
        2000,
        2001,
        2002
      ]
    },
    "ECHO 4DR SEDAN FWD": {
      "years": [
        2003,
        2004,
        2005,
        2006,
        2007
      ]
    },
    "ECHO HATCH FWD 3-DR": {
      "years": [
        2004
      ]
    },
    "ECHO HATCH FWD 5-DR": {
      "years": [
        2004
      ]
    },
    "ECHO 2DR HATCH FWD /CE": {
      "years": [
        2005
      ]
    },
    "ECHO 4DR HATCH FWD /LE/RS": {
      "years": [
        2005
      ]
    }
  },
  "FCHV-adv": {},
  "FJ Cruiser": {
    "FJ CRUISER 2DR SUV 4WD": {
      "years": [
        2007,
        2008,
        2009,
        2010
      ]
    },
    "FJ CRUISER 2DR SUV 4WD /OFFROAD/ADVENTURE": {
      "years": [
        2011
      ]
    },
    "FJ CRUISER 2DR SUV 4WD /OFFROAD/URBAN/TRAIL T": {
      "years": [
        2012,
        2013,
        2014
      ]
    }
  },
  "GR Corolla": {
    "GR COROLLA 5DR HATCH": {
      "years": [
        2023,
        2024
      ]
    }
  },
  "GR86": {
    "GR86 3DR COUPE": {
      "years": [
        2022,
        2023,
        2024
      ]
    }
  },
  "Grand Highlander": {
    "GRAND HIGHLANDER 4DR SUV": {
      "years": [
        2024,
        2025
      ]
    },
    "GRAND HIGHLANDER 4DR SUV HYBRID": {
      "years": [
        2024,
        2025
      ]
    },
    "GRAND HIGHLANDER 4DR SUV PLATINUM MAX HYBRID": {
      "years": [
        2024,
        2025
      ]
    }
  },
  "Highlander": {
    "HIGHLANDER 4DR SUV AWD": {
      "years": [
        2001,
        2002,
        2003
      ]
    },
    "HIGHLANDER 4DR SUV FWD": {
      "years": [
        2001,
        2002,
        2003,
        2004,
        2005
      ]
    },
    "HIGHLANDER 4DR SUV 4WD/4WD V6": {
      "years": [
        2004,
        2005
      ]
    },
    "HIGHLANDER HYBRID 4DR SUV FWD": {
      "years": [
        2005,
        2006,
        2007
      ]
    },
    "HIGHLANDER 4DR SUV 4WD V6": {
      "years": [
        2006,
        2007,
        2011,
        2012,
        2013
      ]
    },
    "HIGHLANDER 4DR SUV 4WD /SR5/SPORT": {
      "years": [
        2008,
        2009,
        2010
      ]
    },
    "HIGHLANDER 4DR SUV 4WD LIMITED": {
      "years": [
        2008,
        2009,
        2010,
        2011,
        2012,
        2013
      ]
    },
    "HIGHLANDER HYBRID 4DR SUV FWD BASE": {
      "years": [
        2008,
        2009,
        2010
      ]
    },
    "HIGHLANDER HYBRID 4DR SUV FWD LIMITED": {
      "years": [
        2008,
        2009,
        2010
      ]
    },
    "HIGHLANDER 4DR SUV 4WD": {
      "years": [
        2011,
        2012,
        2013
      ]
    },
    "HIGHLANDER HYBRID 4DR SUV 4WD BASE/LIMITED": {
      "years": [
        2011
      ]
    },
    "HIGHLANDER HYBRID 4DR SUV 4WD-i/LIMITED 4WD-i": {
      "years": [
        2012,
        2013
      ]
    },
    "HIGHLANDER HYBRID LE/XLE/LIMITED": {
      "years": [
        2014,
        2015
      ]
    },
    "HIGHLANDER LE FWD": {
      "years": [
        2014,
        2015
      ]
    },
    "HIGHLANDER LE/XLE/LIMITED AWD": {
      "years": [
        2014,
        2015
      ]
    },
    "HIGHLANDER AWD 4DR SUV": {
      "years": [
        2016,
        2017,
        2018,
        2019
      ]
    },
    "HIGHLANDER FWD 4DR SUV": {
      "years": [
        2016,
        2017,
        2018,
        2019
      ]
    },
    "HIGHLANDER HYBRID 4DR SUV": {
      "years": [
        2016,
        2017,
        2018,
        2019
      ]
    },
    "HIGHLANDER 4DR SUV L FWD": {
      "years": [
        2020,
        2021,
        2022,
        2023,
        2024
      ]
    },
    "HIGHLANDER 4DR SUV LE/XLE AWD": {
      "years": [
        2020,
        2021,
        2022,
        2023,
        2024
      ]
    },
    "HIGHLANDER 4DR SUV LE/XLE HYBRID AWD": {
      "years": [
        2020,
        2021,
        2022,
        2023,
        2024
      ]
    },
    "HIGHLANDER 4DR SUV LIMITED AWD": {
      "years": [
        2020,
        2021,
        2022,
        2023,
        2024
      ]
    },
    "HIGHLANDER 4DR SUV LIMITED HYBRID AWD": {
      "years": [
        2020,
        2021,
        2022,
        2023,
        2024
      ]
    }
  },
  "Land Cruiser": {
    "LAND CRUISER HARDTOP": {
      "years": [
        1981
      ]
    },
    "LAND CRUISER 4 DR": {
      "years": [
        1982
      ]
    },
    "LANDCRUISER HT": {
      "years": [
        1983
      ]
    },
    "LANDCRUISER WAGON": {
      "years": [
        1983,
        1984
      ]
    },
    "LANDCRUISER HD": {
      "years": [
        1984
      ]
    },
    "LANDCRUISER HARDTOP 2 DR": {
      "years": [
        1985,
        1986,
        1987
      ]
    },
    "LANDCRUISER WAGON 4 DR": {
      "years": [
        1985,
        1986,
        1987,
        1988
      ]
    },
    "LANDCRUISER WAGON 4 DR 4X4": {
      "years": [
        1989
      ]
    },
    "LAND CRUISER 4DR SUV": {
      "years": [
        2024,
        2025
      ]
    }
  },
  "MR2": {
    "MR2": {
      "years": [
        1985,
        1986
      ]
    },
    "MR2 (2 DR COUPE)": {
      "years": [
        1987
      ]
    },
    "MR2 BASE/SUPERCHARGED 2 DR COUPE": {
      "years": [
        1988,
        1989
      ]
    },
    "MR2/MR2 TURBO COUPE": {
      "years": [
        1991,
        1992,
        1993
      ]
    }
  },
  "Mirai": {
    "MIRAI 4DR SEDAN": {
      "years": [
        2021,
        2022,
        2023,
        2024
      ]
    }
  },
  "Paseo": {
    "PASEO SPORT COUPE": {
      "years": [
        1992,
        1993
      ]
    },
    "PASEO 2DR COUPE": {
      "years": [
        1994,
        1995,
        1996,
        1997,
        1998,
        1999
      ]
    }
  },
  "Pick-Up": {
    "PICKUP": {
      "years": [
        1981
      ]
    },
    "PICKUP LONGBED": {
      "years": [
        1981
      ]
    },
    "LONG BED DIESEL DELUXE 4 X 4 PICK-UP": {
      "years": [
        1985
      ]
    },
    "LONG BED DIESEL PICK-UP": {
      "years": [
        1985
      ]
    },
    "LONG BED SR5 4 X 4 PICK-UP": {
      "years": [
        1985,
        1986,
        1987
      ]
    },
    "LONG BED SR5 PICK-UP": {
      "years": [
        1985,
        1986,
        1987
      ]
    },
    "STANDARD BED 4 X 4 PICK-UP": {
      "years": [
        1985,
        1986,
        1987
      ]
    },
    "STANDARD BED PICK-UP": {
      "years": [
        1985,
        1986,
        1987
      ]
    },
    "XTRACAB DELUXE/SR5 PICK-UP": {
      "years": [
        1985,
        1986
      ]
    },
    "XTRACAB SR5 4 X 4 PICK-UP": {
      "years": [
        1985,
        1986,
        1987
      ]
    },
    "LONG BED DELUXE 4 X 4 PICK-UP": {
      "years": [
        1986,
        1987
      ]
    },
    "LONG BED PICK-UP": {
      "years": [
        1986,
        1987
      ]
    },
    "XTRACAB SR5 PICK-UP": {
      "years": [
        1987
      ]
    }
  },
  "Previa": {
    "PREVIA BASE 2WD/LE 2WD WAGON": {
      "years": [
        1990
      ]
    },
    "PREVIA BASE 4WD/LE 4WD WAGON": {
      "years": [
        1990
      ]
    },
    "PREVIA BASE/LE 2WD WAGON": {
      "years": [
        1991,
        1992,
        1994,
        1995,
        1996,
        1997
      ]
    },
    "PREVIA BASE/LE 4WD WAGON": {
      "years": [
        1991,
        1992,
        1994,
        1995,
        1996,
        1997
      ]
    },
    "PREVIA BASE 2WD WAGON": {
      "years": [
        1993
      ]
    },
    "PREVIA BASE 4WD WAGON": {
      "years": [
        1993
      ]
    },
    "PREVIA LE 2WD WAGON": {
      "years": [
        1993
      ]
    },
    "PREVIA LE 4WD WAGON": {
      "years": [
        1993
      ]
    }
  },
  "Prius": {
    "PRIUS 4DR SEDAN": {
      "years": [
        2001,
        2002,
        2003
      ]
    },
    "PRIUS 4DR HATCH FWD": {
      "years": [
        2004,
        2005,
        2006,
        2007,
        2008,
        2009
      ]
    },
    "PRIUS 4DR HATCH PREMIUM/TOURING/NAV": {
      "years": [
        2010,
        2011
      ]
    },
    "PRIUS 4DR LIFTBACK PREMIUM/TOURING/NAV": {
      "years": [
        2012
      ]
    },
    "PRIUS 4DR LIFTBACK": {
      "years": [
        2013,
        2014,
        2015,
        2023,
        2024
      ]
    },
    "PRIUS 5DR LIFTBACK": {
      "years": [
        2016,
        2017,
        2018,
        2019,
        2020,
        2021,
        2022
      ]
    }
  },
  "Prius C": {
    "PRIUS C 4DR HATCHBACK/TECHNOLOGY": {
      "years": [
        2012
      ]
    },
    "PRIUS C /TECHNOLOGY 4DR HATCHBACK": {
      "years": [
        2013,
        2014,
        2015
      ]
    },
    "PRIUS C 5DR HATCHBACK": {
      "years": [
        2016,
        2017,
        2018,
        2019,
        2020
      ]
    }
  },
  "Prius Plug-in": {
    "PRIUS PLUG-IN HYBRID 4DR LIFTBACK": {
      "years": [
        2013,
        2014,
        2015
      ]
    }
  },
  "Prius Prime": {
    "PRIUS PRIME 5DR LIFTBACK": {
      "years": [
        2019,
        2020,
        2021,
        2022,
        2023
      ]
    },
    "PRIUS PRIME 4DR LIFTBACK": {
      "years": [
        2024
      ]
    }
  },
  "Prius V": {
    "PRIUS V 4DR HATCHBACK": {
      "years": [
        2012,
        2013,
        2014,
        2015
      ]
    },
    "PRIUS V 5DR HATCHBACK": {
      "years": [
        2016,
        2017,
        2018,
        2019,
        2020
      ]
    }
  },
  "RAV4": {
    "RAV4 2DR SUV FWD": {
      "years": [
        1997,
        1998
      ]
    },
    "RAV4 4DR SUV AWD": {
      "years": [
        1997,
        2001,
        2002,
        2003,
        2004,
        2005
      ]
    },
    "RAV4 4DR SUV FWD": {
      "years": [
        1997,
        1998
      ]
    },
    "RAV4 2DR SUV 4WD": {
      "years": [
        1998
      ]
    },
    "RAV4 4DR SUV 4WD": {
      "years": [
        1998,
        1999,
        2000
      ]
    },
    "RAV4 2DR SUV 4WD HARDTOP": {
      "years": [
        1999,
        2000
      ]
    },
    "RAV4 2DR SUV FWD SOFTTOP": {
      "years": [
        1999
      ]
    },
    "RAV4 4DR SUV AWD /LIMITED": {
      "years": [
        2006,
        2007
      ]
    },
    "RAV4 4DR SUV AWD V6 SPORT": {
      "years": [
        2006,
        2007
      ]
    },
    "RAV4 4DR SUV AWD V6/V6 LIMITED": {
      "years": [
        2006,
        2007
      ]
    },
    "RAV4 4DR SUV 4WD BASE/SPORT/LIMITED": {
      "years": [
        2008,
        2009
      ]
    },
    "RAV4 4DR SUV 4WD V6/SPORT V6/LIMITED V6": {
      "years": [
        2008,
        2009,
        2010
      ]
    },
    "RAV4 4DR SUV 4WD L4 BASE/SPORT/LIMITED": {
      "years": [
        2010
      ]
    },
    "RAV4 4DR SUV BASE 2WD": {
      "years": [
        2011,
        2012
      ]
    },
    "RAV4 4DR SUV BASE 4WD": {
      "years": [
        2011,
        2012
      ]
    },
    "RAV4 4DR SUV BASE V-6 4WD": {
      "years": [
        2011,
        2012
      ]
    },
    "RAV4 4DR SUV SPORT 2WD/LIMITED 2WD": {
      "years": [
        2011
      ]
    },
    "RAV4 4DR SUV SPORT 4WD/LIMITED 4WD": {
      "years": [
        2011,
        2012
      ]
    },
    "RAV4 4DR SUV SPORT V6 4WD/LIMITED V6 4WD": {
      "years": [
        2011,
        2012
      ]
    },
    "RAV4 LE AWD 4DR SUV": {
      "years": [
        2013,
        2014,
        2015,
        2016
      ]
    },
    "RAV4 LE FWD 4DR SUV": {
      "years": [
        2013,
        2014,
        2015,
        2016
      ]
    },
    "RAV4 XLE FWD 4DR SUV": {
      "years": [
        2013,
        2014,
        2015,
        2016
      ]
    },
    "RAV4 XLE/LIMITED AWD 4DR SUV": {
      "years": [
        2013,
        2014,
        2015
      ]
    },
    "RAV4 HYBRID": {
      "years": [
        2016,
        2017,
        2018
      ]
    },
    "RAV4 XLE/SE/LIMITED AWD 4DR SUV": {
      "years": [
        2016
      ]
    },
    "RAV4 AWD 4DR SUV": {
      "years": [
        2017,
        2018
      ]
    },
    "RAV4 FWD 4DR SUV": {
      "years": [
        2017,
        2018,
        2019,
        2020,
        2021,
        2022,
        2023,
        2024
      ]
    },
    "RAV4 AWD LE / XLE 4DR SUV": {
      "years": [
        2019,
        2020,
        2021,
        2022,
        2023,
        2024
      ]
    },
    "RAV4 AWD TRAIL / LIMITED 4DR SUV": {
      "years": [
        2019,
        2020,
        2021,
        2022,
        2023,
        2024
      ]
    },
    "RAV4 HYBRID 4DR SUV": {
      "years": [
        2019,
        2020,
        2021,
        2022,
        2023,
        2024
      ]
    }
  },
  "RAV4 Prime": {
    "RAV4 PRIME PHEV 4DR SUV": {
      "years": [
        2024
      ]
    }
  },
  "Scion FR-S": {},
  "Scion iA": {},
  "Scion iM": {},
  "Scion iQ": {},
  "Scion tC": {},
  "Scion xA": {},
  "Scion xB": {},
  "Scion xD": {},
  "Sequoia": {
    "SEQUOIA 4DR SUV 4WD SR5/LTD": {
      "years": [
        2001,
        2002,
        2003,
        2004,
        2005,
        2006,
        2007
      ]
    },
    "SEQUOIA 4DR SUV 4WD SR5/LIMITED/PLATINUM": {
      "years": [
        2008,
        2009,
        2010,
        2011,
        2012,
        2013,
        2014,
        2015
      ]
    },
    "SEQUOIA 4DR SUV 4WD": {
      "years": [
        2016,
        2017,
        2018,
        2019,
        2020,
        2021,
        2022,
        2023,
        2024
      ]
    }
  },
  "Sienna": {
    "SIENNA CARGO VAN": {
      "years": [
        1998,
        1999
      ]
    },
    "SIENNA CE/LE": {
      "years": [
        1998
      ]
    },
    "SIENNA 3DR CE": {
      "years": [
        1999,
        2000
      ]
    },
    "SIENNA 4DR CE/LE": {
      "years": [
        1999,
        2000,
        2001,
        2002
      ]
    },
    "SIENNA CE/LE/XLE LIMITED 4DR VAN FWD": {
      "years": [
        2003
      ]
    },
    "SIENNA AWD /LE/XLE": {
      "years": [
        2004,
        2005,
        2006,
        2007
      ]
    },
    "SIENNA FWD  /CE/LE": {
      "years": [
        2004,
        2005,
        2006,
        2007
      ]
    },
    "SIENNA AWD XLE AWD LIMITED": {
      "years": [
        2008,
        2009,
        2010
      ]
    },
    "SIENNA FWD CE/LE": {
      "years": [
        2008,
        2009,
        2010
      ]
    },
    "SIENNA BASE/LE FWD V6": {
      "years": [
        2011
      ]
    },
    "SIENNA LE AWD": {
      "years": [
        2011,
        2012,
        2013,
        2014,
        2015,
        2016
      ]
    },
    "SIENNA LE FWD 4CYL": {
      "years": [
        2011,
        2012,
        2013
      ]
    },
    "SIENNA LIMITED AWD": {
      "years": [
        2011
      ]
    },
    "SIENNA SE/XLE FWD V6": {
      "years": [
        2011
      ]
    },
    "SIENNA V6/LE V6/SE V6 FWD": {
      "years": [
        2012,
        2013
      ]
    },
    "SIENNA XLE AWD V6": {
      "years": [
        2012,
        2013,
        2014,
        2015,
        2016
      ]
    },
    "SIENNA XLE FWD V6": {
      "years": [
        2012,
        2013
      ]
    },
    "SIENNA LE/SE V6/XLE FWD": {
      "years": [
        2014
      ]
    },
    "SIENNA LE/SE/LIMITED FWD": {
      "years": [
        2015,
        2016
      ]
    },
    "SIENNA AWD V6": {
      "years": [
        2017,
        2018,
        2019,
        2020
      ]
    },
    "SIENNA BASE/LE FWD": {
      "years": [
        2017,
        2018,
        2019,
        2020
      ]
    },
    "SIENNA SE/LIMITED FWD": {
      "years": [
        2017,
        2018,
        2019,
        2020
      ]
    },
    "SIENNA MINIVAN AWD": {
      "years": [
        2021,
        2022,
        2023,
        2024
      ]
    },
    "SIENNA MINIVAN FWD": {
      "years": [
        2021,
        2022,
        2023,
        2024
      ]
    }
  },
  "Starlet": {
    "STARLET": {
      "years": [
        1981,
        1982,
        1983
      ]
    }
  },
  "Supra": {
    "SUPRA": {
      "years": [
        1982
      ]
    },
    "SUPRA GTS": {
      "years": [
        1983,
        1984,
        1985,
        1986
      ]
    },
    "SUPRA 2 DR HATCHBACK": {
      "years": [
        1987
      ]
    },
    "SUPRA TURBO 2 DR HATCHBACK": {
      "years": [
        1987
      ]
    },
    "SUPRA BASE/TURBO 2 DR HATCHBACK": {
      "years": [
        1988
      ]
    },
    "SUPRA BASE/TURBO": {
      "years": [
        1989
      ]
    },
    "SUPRA BASE/TURBO 2DR COUPE": {
      "years": [
        1990
      ]
    },
    "SUPRA TURBO 2DR COUPE": {
      "years": [
        1991,
        1992
      ]
    },
    "SUPRA 2DR HATCHBACK TURBO": {
      "years": [
        1994,
        1995
      ]
    },
    "SUPRA TURBO 2DR HATCH": {
      "years": [
        1997
      ]
    },
    "GR SUPRA 2DR COUPE": {
      "years": [
        2020,
        2021,
        2022,
        2023,
        2024
      ]
    }
  },
  "T100": {
    "T100/SR5 2WD": {
      "years": [
        1993
      ]
    },
    "T100/SR5 4WD": {
      "years": [
        1993
      ]
    },
    "T100 P/U REG CAB 2WD": {
      "years": [
        1995,
        1996,
        1997
      ]
    },
    "T100 P/U XTRACAB 2WD": {
      "years": [
        1995,
        1996,
        1997,
        1998
      ]
    },
    "T100 P/U XTRACAB SR5 4WD": {
      "years": [
        1995,
        1996
      ]
    },
    "T100 P/U XTRACAB 4WD": {
      "years": [
        1997,
        1998
      ]
    },
    "T100 P/U XTRACAB 4WD SR5": {
      "years": [
        1997,
        1998
      ]
    }
  },
  "Tacoma": {
    "TACOMA P/U REGULAR CAB 2WD": {
      "years": [
        1995,
        1996,
        1997,
        1998,
        1999
      ]
    },
    "TACOMA P/U REGULAR CAB 4WD": {
      "years": [
        1995,
        1996,
        1997
      ]
    },
    "TACOMA P/U XTRACAB 2WD": {
      "years": [
        1995,
        1996,
        1997,
        1998,
        1999
      ]
    },
    "TACOMA P/U XTRACAB 4WD": {
      "years": [
        1995,
        1996,
        1997,
        1998,
        1999
      ]
    },
    "TACOMA P/U XTRACAB SR5 V6 4WD": {
      "years": [
        1995,
        1996
      ]
    },
    "TACOMA P/U XTRACAB V6 4WD": {
      "years": [
        1995,
        1996
      ]
    },
    "TACOMA P/U XTRACAB 4WD V6": {
      "years": [
        1997,
        1998,
        1999
      ]
    },
    "TACOMA P/U XTRACAB 4WD V6 SR5": {
      "years": [
        1997
      ]
    },
    "TACOMA P/U XTRACAB 4WD SR5 V6": {
      "years": [
        1998,
        1999
      ]
    },
    "TACOMA P/U 2WD REGULAR CAB 2.4L": {
      "years": [
        2000
      ]
    },
    "TACOMA P/U 2WD XTRACAB 2.4L": {
      "years": [
        2000,
        2001,
        2002,
        2003,
        2004
      ]
    },
    "TACOMA P/U 2WD XTRACAB PRERUNNER 2.7L": {
      "years": [
        2000,
        2001
      ]
    },
    "TACOMA P/U 2WD XTRACAB PRERUNNER 3.4L V6": {
      "years": [
        2000,
        2001,
        2002,
        2003,
        2004
      ]
    },
    "TACOMA P/U 4WD XTRACAB 2.7L": {
      "years": [
        2000,
        2001,
        2002,
        2003,
        2004
      ]
    },
    "TACOMA P/U 4WD XTRACAB 3.4L V6": {
      "years": [
        2000,
        2001,
        2002,
        2003,
        2004
      ]
    },
    "TACOMA P/U 2WD DOUBLECAB PRERUNNER 3.4L V6": {
      "years": [
        2001
      ]
    },
    "TACOMA P/U 4WD DOUBLECAB 3.4L V6": {
      "years": [
        2001,
        2002,
        2003,
        2004
      ]
    },
    "TACOMA P/U 2WD PRERUNNER Doublecab V6": {
      "years": [
        2002
      ]
    },
    "TACOMA P/U 2WD PRERUNNER V6": {
      "years": [
        2002
      ]
    },
    "TACOMA P/U 2WD PRERUNNER XTRACAB 2.7L": {
      "years": [
        2002,
        2003,
        2004
      ]
    },
    "TACOMA P/U 2WD PRERUNNER DOUBLECAB V6": {
      "years": [
        2003,
        2004
      ]
    },
    "TACOMA ACCESS P/U EXT CAB S/BOX 4WD/V6": {
      "years": [
        2005,
        2006,
        2007,
        2008,
        2009,
        2010
      ]
    },
    "TACOMA ACCESS P/U EXT CAB S/BOX RWD": {
      "years": [
        2005,
        2006,
        2007,
        2008,
        2009,
        2010
      ]
    },
    "TACOMA DOUBLE P/U EXT CAB L/BOX 4WD (AUTO)": {
      "years": [
        2005,
        2006,
        2007,
        2008,
        2009,
        2010,
        2011,
        2012,
        2013,
        2014
      ]
    },
    "TACOMA DOUBLE P/U EXT CAB S/BOX 4WD (MANUAL)": {
      "years": [
        2005,
        2006,
        2007,
        2008,
        2009,
        2010,
        2011,
        2012,
        2013,
        2014
      ]
    },
    "TACOMA PRERUNNER P/U EXT CAB L/BOX RWD": {
      "years": [
        2005,
        2006,
        2007,
        2008,
        2009
      ]
    },
    "TACOMA P/U ACCESS CAB L/BOX 4WD": {
      "years": [
        2011,
        2012,
        2013,
        2014
      ]
    },
    "TACOMA P/U ACCESS CAB L/BOX 4WD V-6": {
      "years": [
        2011,
        2012,
        2013,
        2014
      ]
    },
    "TACOMA P/U ACCESS CAB L/BOX RWD": {
      "years": [
        2011,
        2012,
        2013,
        2014
      ]
    },
    "TACOMA ACCESS CAB L/BOX 4WD": {
      "years": [
        2015,
        2016,
        2017,
        2018,
        2019,
        2020,
        2021,
        2022,
        2023
      ]
    },
    "TACOMA ACCESS CAB L/BOX 4WD V-6": {
      "years": [
        2015,
        2016,
        2017,
        2018,
        2019
      ]
    },
    "TACOMA ACCESS CAB L/BOX RWD": {
      "years": [
        2015,
        2016,
        2017,
        2018,
        2019
      ]
    },
    "TACOMA DOUBLE CAB L/BOX 4WD (AUTO)": {
      "years": [
        2015,
        2016,
        2017,
        2018,
        2019
      ]
    },
    "TACOMA DOUBLE CAB S/BOX 4WD (MANUAL)": {
      "years": [
        2015,
        2016,
        2017,
        2018,
        2019
      ]
    },
    "TACOMA DOUBLE CAB L/BOX 4WD": {
      "years": [
        2020,
        2021,
        2022,
        2023,
        2024,
        2025
      ]
    },
    "TACOMA DOUBLE CAB S/BOX 4WD": {
      "years": [
        2020,
        2021,
        2022,
        2023,
        2024,
        2025
      ]
    },
    "TACOMA DOUBLE CAB L/BOX 2WD": {
      "years": [
        2024,
        2025
      ]
    },
    "TACOMA DOUBLE CAB S/BOX 2WD": {
      "years": [
        2024,
        2025
      ]
    },
    "TACOMA XTRA CAB L/BOX 2WD": {
      "years": [
        2024,
        2025
      ]
    },
    "TACOMA XTRA CAB L/BOX 4WD": {
      "years": [
        2024,
        2025
      ]
    }
  },
  "Tercel": {
    "TERCEL LIFTBACK": {
      "years": [
        1981,
        1982
      ]
    },
    "TERCEL SD 2 DR": {
      "years": [
        1981
      ]
    },
    "TERCEL SD 4 DR": {
      "years": [
        1981
      ]
    },
    "TERCEL 2 DR SD": {
      "years": [
        1982
      ]
    },
    "TERCEL 4 DR SD": {
      "years": [
        1982
      ]
    },
    "TERCEL 2 DR LB STD": {
      "years": [
        1983,
        1984
      ]
    },
    "TERCEL DELUXE 4 DR LB": {
      "years": [
        1983,
        1984
      ]
    },
    "TERCEL DELUXE WAG. 4WD": {
      "years": [
        1983,
        1984
      ]
    },
    "TERCEL DELUXE WAGON": {
      "years": [
        1983,
        1984
      ]
    },
    "TERCEL SPECIAL 2 DR LB": {
      "years": [
        1983,
        1984
      ]
    },
    "TERCEL SR5 2 DR LB": {
      "years": [
        1983,
        1984
      ]
    },
    "TERCEL SR5 WAG. 4WD": {
      "years": [
        1983,
        1984
      ]
    },
    "TERCEL LIFTBACK DELUXE 4 DR": {
      "years": [
        1985,
        1986
      ]
    },
    "TERCEL SPECIAL": {
      "years": [
        1985,
        1986
      ]
    },
    "TERCEL SR5": {
      "years": [
        1985
      ]
    },
    "TERCEL STANDARD": {
      "years": [
        1985,
        1986
      ]
    },
    "TERCEL WAGON 4 WD DELUXE": {
      "years": [
        1985,
        1986,
        1987
      ]
    },
    "TERCEL WAGON 4 WD SR5": {
      "years": [
        1985,
        1986,
        1987
      ]
    },
    "TERCEL WAGON FWD DELUXE": {
      "years": [
        1985,
        1986,
        1987
      ]
    },
    "TERCEL DELUXE 4 DR HATCHBACK": {
      "years": [
        1987,
        1988
      ]
    },
    "TERCEL STANDARD 2 DR HATCHBACK": {
      "years": [
        1987
      ]
    },
    "TERCEL DELUXE 2DR COUPE": {
      "years": [
        1988,
        1989,
        1990
      ]
    },
    "TERCEL DELUXE/SR5 WAGON 4WD": {
      "years": [
        1988
      ]
    },
    "TERCEL S/STANDARD/DELUXE 2 DR HATCHBACK": {
      "years": [
        1988
      ]
    },
    "TERCEL DELUXE 4 DR LIFTBACK": {
      "years": [
        1989,
        1990
      ]
    },
    "TERCEL S/STANDARD/DELUXE 2 DR LIFTBACK": {
      "years": [
        1989,
        1990
      ]
    },
    "TERCEL DX/LE 4 DR SEDAN": {
      "years": [
        1991,
        1992,
        1993
      ]
    },
    "TERCEL S/DX/LE 2DR COUPE": {
      "years": [
        1991
      ]
    },
    "TERCEL S/DX 2DR COUPE": {
      "years": [
        1992,
        1993
      ]
    },
    "TERCEL 2DR COUPE S/DX": {
      "years": [
        1994,
        1995
      ]
    },
    "TERCEL 4DR SEDAN DX": {
      "years": [
        1994,
        1995,
        1996
      ]
    },
    "TERCEL 2DR COUPE SD/DX": {
      "years": [
        1996
      ]
    },
    "TERCEL 2DR COUPE CE": {
      "years": [
        1997,
        1998,
        1999
      ]
    },
    "TERCEL 4DR SEDAN CE": {
      "years": [
        1997,
        1998,
        1999
      ]
    }
  },
  "Tundra": {
    "TUNDRA P/U 2WD ACCESS CAB 4.7L V8": {
      "years": [
        2000,
        2001,
        2002,
        2003,
        2004,
        2005
      ]
    },
    "TUNDRA P/U 2WD REGULAR CAB 3.4L V6": {
      "years": [
        2000,
        2001,
        2002,
        2003,
        2004,
        2005
      ]
    },
    "TUNDRA P/U 4WD ACCESS CAB 3.4L V6": {
      "years": [
        2000,
        2001,
        2002,
        2003,
        2004,
        2005
      ]
    },
    "TUNDRA P/U 4WD ACCESS CAB 4.7L V8": {
      "years": [
        2000
      ]
    },
    "TUNDRA P/U 4WD REGULAR CAB 3.4L V6": {
      "years": [
        2000
      ]
    },
    "TUNDRA P/U 4WD ACCESS CAB 4.7L V8 BASE/LTD": {
      "years": [
        2001,
        2002,
        2003,
        2004,
        2005,
        2006
      ]
    },
    "TUNDRA P/U 4WD REGULAR CAB 4.7L V8": {
      "years": [
        2001,
        2002,
        2003,
        2004,
        2005,
        2006
      ]
    },
    "TUNDRA P/U 2WD DOUBLECAB": {
      "years": [
        2004,
        2005,
        2006
      ]
    },
    "TUNDRA P/U 4WD DOUBLECAB": {
      "years": [
        2004,
        2005,
        2006
      ]
    },
    "TUNDRA P/U 4WD LIMITED DOUBLECAB": {
      "years": [
        2004,
        2005,
        2006
      ]
    },
    "TUNDRA P/U 2WD REGULAR CAB 4L V6": {
      "years": [
        2006
      ]
    },
    "TUNDRA CREW MAX S/BOX 2WD 5.7 LTD": {
      "years": [
        2007,
        2008
      ]
    },
    "TUNDRA CREW MAX S/BOX 2WD 5.7 V8": {
      "years": [
        2007,
        2008
      ]
    },
    "TUNDRA CREW MAX S/BOX 4WD 5.7 V8": {
      "years": [
        2007,
        2008,
        2009,
        2010,
        2011
      ]
    },
    "TUNDRA CREW MAX S/BOX 4WD 5.7 V8 LTD": {
      "years": [
        2007,
        2008,
        2009,
        2010,
        2011
      ]
    },
    "TUNDRA DOUBLE CAB L/BOX 2WD 5.7 V8 6A LONG": {
      "years": [
        2007,
        2008,
        2009,
        2010,
        2011
      ]
    },
    "TUNDRA DOUBLE CAB L/BOX 4WD 4.7 V8 5A LONG": {
      "years": [
        2007,
        2008,
        2009,
        2010,
        2011
      ]
    },
    "TUNDRA DOUBLE CAB L/BOX 4WD 5.7 V8 6A LONG": {
      "years": [
        2007,
        2008,
        2009,
        2010,
        2011
      ]
    },
    "TUNDRA DOUBLE CAB M/BOX 2WD 4.7 V8 5A STD": {
      "years": [
        2007,
        2008,
        2009,
        2010,
        2011
      ]
    },
    "TUNDRA DOUBLE CAB M/BOX 4WD 4.7 LTD": {
      "years": [
        2007,
        2008,
        2009,
        2010,
        2011
      ]
    },
    "TUNDRA DOUBLE CAB M/BOX 4WD 4.7 V8 5A STD": {
      "years": [
        2007,
        2008,
        2009,
        2010,
        2011
      ]
    },
    "TUNDRA DOUBLE CAB M/BOX 4WD 5.7 V8 6A STD": {
      "years": [
        2007,
        2008,
        2009,
        2010,
        2011
      ]
    },
    "TUNDRA DOUBLE CAB M/BOX 4WD 5.7 V8 LTD": {
      "years": [
        2007,
        2008,
        2009,
        2010,
        2011
      ]
    },
    "TUNDRA REG CAB L/BOX 2WD 4.7 V8": {
      "years": [
        2007,
        2008,
        2009,
        2010,
        2011
      ]
    },
    "TUNDRA REG CAB L/BOX 2WD 5.7 V8": {
      "years": [
        2007,
        2008,
        2009,
        2010,
        2011
      ]
    },
    "TUNDRA REG CAB L/BOX 4WD 4.7 V8": {
      "years": [
        2007,
        2008,
        2009,
        2010,
        2011
      ]
    },
    "TUNDRA REG CAB L/BOX 4WD 5.7 V8": {
      "years": [
        2007,
        2008,
        2009,
        2010,
        2011
      ]
    },
    "TUNDRA CREW MAX S/BOX 2WD 5.7 V8 /LTD": {
      "years": [
        2009,
        2010,
        2011
      ]
    },
    "TUNDRA CREW MAX S/BOX 4WD SR5/LIMITED": {
      "years": [
        2012
      ]
    },
    "TUNDRA DOUBLE CAB L/BOX 2WD SR5": {
      "years": [
        2012
      ]
    },
    "TUNDRA DOUBLE CAB L/BOX 4WD": {
      "years": [
        2012,
        2013,
        2014,
        2015,
        2016,
        2017,
        2018,
        2019,
        2020,
        2021,
        2022,
        2023,
        2024
      ]
    },
    "TUNDRA DOUBLE CAB M/BOX 2WD SR5": {
      "years": [
        2012
      ]
    },
    "TUNDRA DOUBLE CAB M/BOX 4WD BASE/SR5/LIMITED": {
      "years": [
        2012
      ]
    },
    "TUNDRA REG CAB L/BOX 2WD": {
      "years": [
        2012,
        2013,
        2014,
        2015,
        2016,
        2017,
        2018,
        2019
      ]
    },
    "TUNDRA REG CAB L/BOX 4WD": {
      "years": [
        2012,
        2013,
        2014,
        2015,
        2016,
        2017,
        2018,
        2019
      ]
    },
    "TUNDRA REG CAB M/BOX 4WD": {
      "years": [
        2012,
        2013
      ]
    },
    "TUNDRA CREW MAX S/BOX 4WD SR5/PLATINUM": {
      "years": [
        2013,
        2014,
        2015,
        2016,
        2017,
        2018,
        2019
      ]
    },
    "TUNDRA DOUBLE CAB L/BOX 2WD SR5 5.7L": {
      "years": [
        2013
      ]
    },
    "TUNDRA DOUBLE CAB M/BOX 2WD SR5 4.6L": {
      "years": [
        2013,
        2014,
        2015,
        2016,
        2017,
        2018,
        2019
      ]
    },
    "TUNDRA DOUBLE CAB M/BOX 4WD SR5 4.6L/SR5 5.7/": {
      "years": [
        2013,
        2014,
        2015,
        2016,
        2017,
        2018,
        2019
      ]
    },
    "TUNDRA CREW MAX S/BOX 4WD": {
      "years": [
        2020,
        2021
      ]
    },
    "TUNDRA DOUBLE CAB L/BOX 2WD": {
      "years": [
        2020,
        2021,
        2022,
        2023,
        2024
      ]
    },
    "TUNDRA DOUBLE CAB M/BOX 4WD": {
      "years": [
        2020,
        2021,
        2022,
        2023,
        2024
      ]
    },
    "TUNDRA CREWMAX L/BOX 4WD": {
      "years": [
        2022,
        2023,
        2024
      ]
    },
    "TUNDRA CREWMAX M/BOX 4WD": {
      "years": [
        2022,
        2023,
        2024
      ]
    },
    "TUNDRA DOUBLE CAB M/BOX 2WD": {
      "years": [
        2022,
        2023,
        2024
      ]
    }
  },
  "Van": {
    "VAN LE": {
      "years": [
        1984,
        1985,
        1986,
        1987
      ]
    },
    "VAN DELUXE": {
      "years": [
        1987
      ]
    },
    "VAN LE 4X4": {
      "years": [
        1987
      ]
    }
  },
  "Venza": {
    "VENZA 4DR SUV AWD": {
      "years": [
        2009,
        2010,
        2016,
        2017
      ]
    },
    "VENZA 4DR SUV FWD": {
      "years": [
        2009,
        2010,
        2016,
        2017
      ]
    },
    "VENZA 4DR SUV AWD 2.7/3.5": {
      "years": [
        2011,
        2012
      ]
    },
    "VENZA 4DR SUV FWD 2.7/3.5": {
      "years": [
        2011,
        2012
      ]
    },
    "VENZA 4DR SUV AWD /V6": {
      "years": [
        2013
      ]
    },
    "VENZA 4DR SUV FWD /V6": {
      "years": [
        2013
      ]
    },
    "VENZA 4DR SUV AWD I4/V6": {
      "years": [
        2014,
        2015
      ]
    },
    "VENZA 4DR SUV FWD I4/V6": {
      "years": [
        2014,
        2015
      ]
    },
    "VENZA 4DR SUV AWD V6": {
      "years": [
        2016,
        2017
      ]
    },
    "VENZA 4DR SUV": {
      "years": [
        2021,
        2022,
        2023,
        2024
      ]
    }
  },
  "Yaris": {
    "YARIS 2DR HATCH FWD CE RS": {
      "years": [
        2006
      ]
    },
    "YARIS 4DR HATCH FWD LE/RS": {
      "years": [
        2006,
        2007,
        2008,
        2009,
        2010,
        2011
      ]
    },
    "YARIS 2DR HATCH FWD CE/RS": {
      "years": [
        2007,
        2008,
        2009
      ]
    },
    "YARIS 4DR SEDAN FWD": {
      "years": [
        2007,
        2008,
        2009,
        2010
      ]
    },
    "YARIS 2DR HATCH FWD CE": {
      "years": [
        2010,
        2011
      ]
    },
    "YARIS 4DR SEDAN FWD CE/LE/RS": {
      "years": [
        2011,
        2012
      ]
    },
    "YARIS 3DR HATCHBACK CE": {
      "years": [
        2012,
        2013,
        2014,
        2015
      ]
    },
    "YARIS 5DR HATCHBACK LE": {
      "years": [
        2012,
        2013,
        2014
      ]
    },
    "YARIS 5DR HATCHBACK SE": {
      "years": [
        2012,
        2013,
        2014
      ]
    },
    "YARIS 5DR HATCHBACK LE/SE": {
      "years": [
        2015,
        2016,
        2017,
        2018,
        2019
      ]
    },
    "YARIS 3DR HATCHBACK": {
      "years": [
        2016,
        2017,
        2018,
        2019
      ]
    },
    "YARIS 4DR SEDAN": {
      "years": [
        2016,
        2017,
        2018,
        2019
      ]
    },
    "YARIS 5DR HATCHBACK": {
      "years": [
        2020,
        2021,
        2022,
        2023,
        2024
      ]
    }
  },
  "Yaris iA": {},
  "bZ4X": {
    "bZ4X L/LE EV 4DR SUV": {
      "years": [
        2022,
        2023,
        2024
      ]
    },
    "bZ4X XLE AWD EV 4DR SUV": {
      "years": [
        2022,
        2023,
        2024
      ]
    }
  }
}