{
  "240 Series": {},
  "260 Series": {},
  "740 Series": {},
  "760 Series": {},
  "780 Series": {},
  "850 Series": {},
  "940 Series": {},
  "960 Series": {},
  "C30": {
    "C30 4DR HATCH FWD 2.4i/T5": {
      "years": [
        2007,
        2008,
        2009,
        2010
      ]
    },
    "C30 2DR HATCH T5": {
      "years": [
        2011
      ]
    },
    "C30 2DR HATCH T5/R-DESIGN": {
      "years": [
        2012,
        2013
      ]
    }
  },
  "C40": {
    "C40 RECHARGE": {
      "years": [
        2021,
        2022,
        2023,
        2024
      ]
    }
  },
  "C70": {
    "C70 2DR COUPE": {
      "years": [
        1997,
        1998,
        1999
      ]
    },
    "C70 2DR CONVERTIBLE": {
      "years": [
        1998,
        1999
      ]
    },
    "C70 2DR CONVERTIBLE LPT/HPT": {
      "years": [
        2000,
        2001,
        2002,
        2003,
        2004
      ]
    },
    "C70 2DR COUPE LPT/HPT": {
      "years": [
        2000
      ]
    },
    "C70 2DR COUPE HPT": {
      "years": [
        2001,
        2002
      ]
    },
    "C70 2DR CONV FWD": {
      "years": [
        2006,
        2007
      ]
    },
    "C70 T5 2DR CONV FWD": {
      "years": [
        2008,
        2009,
        2010,
        2011
      ]
    },
    "C70 T5/PREMIER PLUS/PLATINUM 2DR CONV FWD": {
      "years": [
        2012,
        2013
      ]
    }
  },
  "C70 / C30": {},
  "Cab Behind Engine": {},
  "Cab Over Engine HT": {},
  "Cab Over Engine LT": {},
  "EC40": {},
  "EX30": {
    "EX30 4DR SUV SINGLE MOTOR": {
      "years": [
        2024,
        2025
      ]
    },
    "EX30 4DR SUV TWIN MOTOR": {
      "years": [
        2024,
        2025
      ]
    }
  },
  "EX40": {},
  "EX90": {
    "EX90 4DR SUV": {
      "years": [
        2023
      ]
    },
    "EX90 4DR SUV SINGLE MOTOR": {
      "years": [
        2024,
        2025
      ]
    },
    "EX90 4DR SUV TWIN MOTOR": {
      "years": [
        2024,
        2025
      ]
    }
  },
  "F12 w/F7 Cab": {},
  "F6 w/F7 Cab": {},
  "S40": {
    "S40 4DR SEDAN": {
      "years": [
        2001,
        2002,
        2003,
        2004
      ]
    },
    "S40 4DR SEDAN AWD /T5": {
      "years": [
        2005,
        2006,
        2007
      ]
    },
    "S40 4DR SEDAN FWD /2.4i/T5": {
      "years": [
        2005,
        2006,
        2007
      ]
    },
    "S40 2.4i 4DR SEDAN FWD": {
      "years": [
        2008,
        2009,
        2010
      ]
    },
    "S40 T5 4DR SEDAN FWD": {
      "years": [
        2008,
        2009,
        2010,
        2011
      ]
    }
  },
  "S60": {
    "S60 4DR SEDAN": {
      "years": [
        2001,
        2019,
        2020
      ]
    },
    "S60 4DR SEDAN T-5": {
      "years": [
        2001
      ]
    },
    "S60 4DR SEDAN 2.4/2.4T/2.4T AWD/T5": {
      "years": [
        2002
      ]
    },
    "S60 4DR SEDAN 2.4/ 2.4T/ T5": {
      "years": [
        2003,
        2004,
        2005
      ]
    },
    "S60 4DR SEDAN AWD": {
      "years": [
        2003,
        2004,
        2005,
        2006,
        2007,
        2021,
        2022,
        2023,
        2024
      ]
    },
    "S60R 4DR SEDAN AWD": {
      "years": [
        2004,
        2005,
        2006,
        2007
      ]
    },
    "S60 4DR SEDAN 2.5T/ T5": {
      "years": [
        2006
      ]
    },
    "S60 4DR SEDAN FWD 2.5T/ T5": {
      "years": [
        2007
      ]
    },
    "S60 4DR SEDAN FWD 2.5T/T5": {
      "years": [
        2008,
        2009
      ]
    },
    "S60 4 DR SEDAN T6 AWD": {
      "years": [
        2011
      ]
    },
    "S60 4 DR SEDAN T5 FWD": {
      "years": [
        2012,
        2013,
        2014
      ]
    },
    "S60 4 DR SEDAN T6 AWD/R-DESIGN": {
      "years": [
        2012,
        2013,
        2014
      ]
    },
    "S60 4DR SEDAN T5/T6 AWD": {
      "years": [
        2015,
        2016,
        2017,
        2018
      ]
    },
    "S60 4DR SEDAN T5/T6 FWD": {
      "years": [
        2015,
        2016,
        2017,
        2018
      ]
    },
    "S60 4DR SEDAN FWD": {
      "years": [
        2021,
        2022,
        2023,
        2024
      ]
    },
    "S60 POLESTAR 4DR SEDAN": {
      "years": [
        2021,
        2022
      ]
    },
    "S60 RECHARGE 4DR SEDAN": {
      "years": [
        2021,
        2022,
        2023,
        2024
      ]
    }
  },
  "S60 Cross Country": {
    "S60 CROSS COUNTRY 4DR SEDAN": {
      "years": [
        2016,
        2017,
        2018
      ]
    }
  },
  "S70": {
    "S70 4DR SEDAN BASE/GLT": {
      "years": [
        1998,
        1999,
        2000
      ]
    },
    "S70 4DR SEDAN T-5": {
      "years": [
        1998,
        1999,
        2000
      ]
    },
    "S70 4DR SEDAN AWD": {
      "years": [
        1999,
        2000
      ]
    }
  },
  "S80": {
    "S80 4DR SEDAN": {
      "years": [
        1999,
        2000,
        2001,
        2002,
        2003
      ]
    },
    "S80 4DR SEDAN T-6": {
      "years": [
        1999,
        2000,
        2001,
        2002,
        2003
      ]
    },
    "S80 4DR SEDAN FWD /2.9/AWD/T6": {
      "years": [
        2004
      ]
    },
    "S80 4DR SEDAN AWD": {
      "years": [
        2005,
        2006
      ]
    },
    "S80 4DR SEDAN FWD /T6": {
      "years": [
        2005
      ]
    },
    "S80 4DR SEDAN AWD 3.2 V6": {
      "years": [
        2007
      ]
    },
    "S80 4DR SEDAN AWD 4.4 V8": {
      "years": [
        2007
      ]
    },
    "S80 3.2 4DR SEDAN AWD 3.2L V6": {
      "years": [
        2008,
        2009
      ]
    },
    "S80 V8 4DR SEDAN AWD 4.4L V8": {
      "years": [
        2008,
        2009,
        2010
      ]
    },
    "S80 3.2 4DR SEDAN FWD 3.2L I6": {
      "years": [
        2010,
        2011,
        2012
      ]
    },
    "S80 T6 4DR SEDAN AWD 3.0L I6": {
      "years": [
        2010,
        2011,
        2012
      ]
    },
    "S80 3.2 4DR SEDAN FWD": {
      "years": [
        2013,
        2014
      ]
    },
    "S80 T6 4DR SEDAN AWD": {
      "years": [
        2013,
        2014
      ]
    },
    "S80 4DR SEDAN T5 DRIVE-E FWD": {
      "years": [
        2015,
        2016
      ]
    },
    "S80 4DR SEDAN T6 AWD": {
      "years": [
        2015
      ]
    }
  },
  "S90": {
    "S90 4DR SEDAN": {
      "years": [
        1998
      ]
    },
    "S90 4DR SEDAN T5 AWD": {
      "years": [
        2017,
        2018,
        2019,
        2020
      ]
    },
    "S90 4DR SEDAN T5 FWD": {
      "years": [
        2017,
        2018,
        2019,
        2020
      ]
    },
    "S90 4DR SEDAN T6 AWD": {
      "years": [
        2017,
        2018,
        2019,
        2020
      ]
    },
    "S90 4DR SEDAN T8 eAWD PHEV": {
      "years": [
        2017,
        2018,
        2019,
        2020
      ]
    },
    "S90 4DR SEDAN AWD": {
      "years": [
        2021,
        2022,
        2023,
        2024
      ]
    },
    "S90 RECHARGE 4DR SEDAN": {
      "years": [
        2021,
        2022,
        2023,
        2024
      ]
    }
  },
  "V40": {
    "V40 4DR WAGON": {
      "years": [
        2001,
        2002,
        2003,
        2004
      ]
    }
  },
  "V50": {
    "V50 4DR WAGON AWD /T5": {
      "years": [
        2005,
        2006,
        2007
      ]
    },
    "V50 4DR WAGON FWD /2.4i/T5": {
      "years": [
        2005,
        2006,
        2007
      ]
    },
    "V50 4DR WAGON FWD 2.4i/T5": {
      "years": [
        2008,
        2009,
        2010,
        2011
      ]
    }
  },
  "V60": {
    "V60 4DR WAGON T5 AWD": {
      "years": [
        2015,
        2016,
        2017,
        2018
      ]
    },
    "V60 4DR WAGON T5 DRIVE-E FWD": {
      "years": [
        2015,
        2016,
        2017,
        2018
      ]
    },
    "V60 4DR WAGON T6 AWD": {
      "years": [
        2015,
        2016,
        2017,
        2018
      ]
    },
    "V60 CROSS COUNTRY 4DR WAGON T5 AWD": {
      "years": [
        2015,
        2016,
        2017,
        2018
      ]
    },
    "V60 4DR WAGON": {
      "years": [
        2019,
        2020
      ]
    },
    "V60 CROSS COUNTRY 4DR WAGON": {
      "years": [
        2019,
        2020,
        2021,
        2022,
        2023,
        2024
      ]
    },
    "V60 POLESTAR 4DR WAGON": {
      "years": [
        2021,
        2022
      ]
    },
    "V60 RECHARGE 4DR WAGON": {
      "years": [
        2021,
        2022,
        2023,
        2024
      ]
    },
    "V60 T5 4DR WAGON": {
      "years": [
        2021,
        2022
      ]
    },
    "V60 T6 AWD 4DR WAGON": {
      "years": [
        2021,
        2022
      ]
    },
    "V60 AWD 4DR WAGON": {
      "years": [
        2023,
        2024
      ]
    }
  },
  "V60CC": {},
  "V70": {
    "V70 4DR WAGON BASE/GLT": {
      "years": [
        1998,
        1999,
        2000
      ]
    },
    "V70 4DR WAGON BASE/R AWD": {
      "years": [
        1998
      ]
    },
    "V70 4DR WAGON T-5": {
      "years": [
        1998,
        1999,
        2001
      ]
    },
    "V70 4DR WAGON XC AWD": {
      "years": [
        1998,
        2001,
        2002
      ]
    },
    "V70 4DR WAGON AWD BASE/R": {
      "years": [
        1999
      ]
    },
    "V70 4DR WAGON AWD XC": {
      "years": [
        1999,
        2000
      ]
    },
    "V70 4DR WAGON AWD R": {
      "years": [
        2000
      ]
    },
    "V70 4DR WAGON": {
      "years": [
        2001
      ]
    },
    "V70 4DR WAGON 2.4/2.4T/2.4T AWD/T5": {
      "years": [
        2002
      ]
    },
    "V70 4DR WAGON 2.4 /2.4T /T5": {
      "years": [
        2003
      ]
    },
    "V70 4DR WAGON AWD": {
      "years": [
        2003
      ]
    },
    "V70 4DR WAGON AWD /2.5T AWD/T5": {
      "years": [
        2004
      ]
    },
    "V70 4DR WAGON FWD /2.4 /2.5T /2.5T TITANIUM E": {
      "years": [
        2004
      ]
    },
    "V70R 4DR WAGON AWD": {
      "years": [
        2004,
        2005,
        2006,
        2007
      ]
    },
    "V70 4DR WAGON AWD /2.5T AWD": {
      "years": [
        2005,
        2006,
        2007
      ]
    },
    "V70 4DR WAGON FWD /2.4 /2.5T /T5": {
      "years": [
        2005,
        2006,
        2007
      ]
    },
    "V70 4DR WAGON FWD /3.2": {
      "years": [
        2008,
        2009
      ]
    },
    "V70 4DR WAGON FWD 3.2 I6": {
      "years": [
        2010
      ]
    }
  },
  "V90": {
    "V90 4DR WAGON": {
      "years": [
        1998,
        2017,
        2018,
        2019,
        2020,
        2021,
        2022
      ]
    },
    "V90 CROSSCOUNTRY 4DR WAGON": {
      "years": [
        2017,
        2018,
        2019,
        2020,
        2021,
        2022
      ]
    },
    "V90 CROSS COUNTRY 4DR WAGON": {
      "years": [
        2024,
        2025
      ]
    }
  },
  "V90CC": {},
  "VS": {},
  "VT": {},
  "XC40": {
    "XC40 4DR SUV": {
      "years": [
        2019,
        2020,
        2021,
        2022,
        2023,
        2024
      ]
    },
    "XC40 RECHARGE 4DR SUV": {
      "years": [
        2021,
        2022,
        2023,
        2024
      ]
    }
  },
  "XC60": {
    "XC60 4DR 3.2 FWD/AWD SUV": {
      "years": [
        2010,
        2011
      ]
    },
    "XC60 4DR T6 AWD SUV": {
      "years": [
        2010,
        2011
      ]
    },
    "XC60 4DR 3.2 FWD/PREMIER/PLATINUM FWD SUV": {
      "years": [
        2012,
        2013,
        2014
      ]
    },
    "XC60 4DR T6 AWD/PREMIER/PLATINUM/R-DESIGN AWD": {
      "years": [
        2012,
        2013,
        2014
      ]
    },
    "XC60 4DR SUV T5 AWD/T6 AWD/T6 R-DESIGN AWD": {
      "years": [
        2015,
        2016,
        2017
      ]
    },
    "XC60 4DR SUV T5 DRIVE-E/T6 DRIVE-E FWD": {
      "years": [
        2015,
        2016,
        2017
      ]
    },
    "XC60 4DR SUV T5 AWD": {
      "years": [
        2018
      ]
    },
    "XC60 4DR SUV T6 AWD": {
      "years": [
        2018
      ]
    },
    "XC60 4DR SUV T8 AWD PHEV": {
      "years": [
        2018
      ]
    },
    "XC60 4DR SUV": {
      "years": [
        2019,
        2020,
        2021,
        2022,
        2023,
        2024
      ]
    },
    "XC60 POLESTAR 4DR SUV": {
      "years": [
        2021,
        2022
      ]
    },
    "XC60 RECHARGE 4DR SUV": {
      "years": [
        2021,
        2022,
        2023,
        2024
      ]
    }
  },
  "XC70": {
    "XC70 4DR WAGON AWD": {
      "years": [
        2003,
        2004,
        2005,
        2006,
        2007,
        2008,
        2009
      ]
    },
    "XC70 4DR WAGON AWD 3.2/T6": {
      "years": [
        2010,
        2011
      ]
    },
    "XC70 4DR WAGON AWD 3.2/T6/PREMIER/PLATINUM": {
      "years": [
        2012,
        2013,
        2014
      ]
    },
    "XC70 4DR WAGON T5 DRIVE-E FWD": {
      "years": [
        2015,
        2016
      ]
    },
    "XC70 4DR WAGON T6 AWD": {
      "years": [
        2015,
        2016
      ]
    }
  },
  "XC90": {
    "XC 90 2.5T/T6": {
      "years": [
        2003
      ]
    },
    "XC 90 4DR SUV AWD /2.5T/T6": {
      "years": [
        2004
      ]
    },
    "XC 90 4DR SUV AWD /2.5T": {
      "years": [
        2005,
        2006
      ]
    },
    "XC 90 4DR SUV AWD /T6": {
      "years": [
        2005
      ]
    },
    "XC 90 4DR SUV AWD /V8": {
      "years": [
        2005,
        2006
      ]
    },
    "XC90 4DR SUV AWD 3.2": {
      "years": [
        2007,
        2008,
        2009,
        2010,
        2011
      ]
    },
    "XC90 4DR SUV AWD V8": {
      "years": [
        2007,
        2008,
        2009,
        2010
      ]
    },
    "XC90 4DR SUV AWD 3.2/R-DESIGN/PREMIER/PLATINU": {
      "years": [
        2012,
        2013,
        2014,
        2015
      ]
    },
    "XC90 4DR SUV AWD T6": {
      "years": [
        2016,
        2017,
        2018,
        2019,
        2020
      ]
    },
    "XC90 4DR SUV AWD T5": {
      "years": [
        2017,
        2018,
        2019,
        2020
      ]
    },
    "XC90 4DR SUV AWD T8 PHEV": {
      "years": [
        2017,
        2018,
        2019,
        2020
      ]
    },
    "XC90 4DR SUV FWD T5": {
      "years": [
        2017,
        2018,
        2019,
        2020
      ]
    },
    "XC90 4DR SUV AWD T5 / T6": {
      "years": [
        2021,
        2022
      ]
    },
    "XC90 RECHARGE 4DR SUV": {
      "years": [
        2021,
        2022,
        2023,
        2024
      ]
    },
    "XC90 4DR SUV AWD": {
      "years": [
        2023,
        2024
      ]
    }
  }
}